DATE,Overall EMV Tracker,Policy-Related EMV Tracker,Macroeconomic News and Outlook EMV Tracker,Macro – Broad Quantity Indicators EMV Tracker,Macro – Inflation EMV Indicator,Macro – Interest Rates EMV Tracker,Macro – Other Financial Indicators EMV Tracker,Macro – Labor Markets EMV Tracker,Macro – Real Estate Markets EMV Tracker,Macro – Trade EMV Tracker,Macro – Business Investment and Sentiment EMV Tracker,Macro – Consumer Spending and Sentiment EMV Tracker,Commodity Markets EMV Tracker,Financial Crises EMV Tracker,Exchange Rates EMV Tracker,Healthcare Matters EMV Tracker,Litigation Matters EMV Tracker,Competition Matters EMV Tracker,Labor Disputes EMV Tracker,Intellectual Property Matters EMV Tracker,Fiscal Policy EMV Tracker,Taxes EMV Tracker,"Government Spending, Deficits, and Debt EMV Tracker",Entitlement and Welfare Programs EMV Tracker,Monetary Policy EMV Tracker,Regulation EMV Tracker,Financial Regulation EMV Tracker,Competition Policy EMV Tracker,Intellectual Property Policy EMV Tracker,Labor Regulations EMV Tracker,Immigration EMV Tracker,Energy and Environmental Regulation EMV Tracker,"Lawsuit and Tort Reform, Supreme Court Decisions EMV Tracker",Housing and Land Management EMV Tracker,Other Regulation EMV Tracker,National Security Policy EMV Tracker,Government-Sponsored Enterprises EMV Tracker,Trade Policy EMV Tracker,Healthcare Policy EMV Tracker,Food and Drug Policy EMV Tracker,"Transportation, Infrastructure, and Public Utilities EMV Tracker",Elections and Political Governance EMV Tracker,Agricultural Policy EMV Tracker
01/01/1990,17.8881797790527,7.96968650817871,13.7415936308087,4.53231509226673,6.70204040239442,6.55739204838591,0.626809534036888,3.18226378818728,5.44842133432064,0.530377298031213,0.19286447201135,0.771457888045401,7.5699305264455,0.144648354008513,0.19286447201135,0.578593416034051,0.626809534036888,0.675025652039726,0.916106242053914,0.530377298031213,5.11090850830078,4.43588285626106,0.916106242053914,0.867890124051076,3.95372167623268,3.51977661420714,2.16972531012769,0.289296708017025,0.0482161180028376,0.530377298031213,0.0,0.19286447201135,0.3857289440227,0.0482161180028376,0.0482161180028376,2.02507695611918,0.626809534036888,0.433945062025538,0.3857289440227,0.19286447201135,0.337512826019863,0.530377298031213,0.0482161180028376
02/01/1990,22.1500110626221,9.6856689453125,16.4644467256923,3.73115159611013,8.58757113390428,8.52834650539459,0.947594056154955,3.61270233909077,6.39625987904595,0.414572399567793,0.296123142548423,1.06604331317432,9.6536144470786,0.592246285096847,0.414572399567793,0.710695542116216,0.88836942764527,0.947594056154955,1.00681868466464,0.533021656587162,5.68556433692973,5.27099193736194,0.473797028077477,0.651470913606531,6.69238302159437,5.33021656587162,3.79037622461982,0.296123142548423,0.0,0.296123142548423,0.0,0.118449257019369,0.236898514038739,0.0,0.0592246285096847,1.71751422678086,0.829144799135585,0.355347771058108,0.355347771058108,0.177673885529054,0.177673885529054,0.414572399567793,0.0
03/01/1990,17.6409931182861,8.74000930786133,12.0279498533769,3.11835736939401,5.65759122732914,5.21211160312999,0.311835736939401,2.36104200825547,4.58844012925119,0.846411285978375,0.0445479624199145,0.534575549038974,8.24137304768418,0.133643887259743,0.623671473878803,0.40093166177923,0.623671473878803,0.668219436298717,0.846411285978375,0.356383699359316,4.14296050505205,4.05386458021222,0.579123511458888,0.445479624199145,5.47939937764948,5.65759122732914,3.60838495601307,0.222739812099572,0.0445479624199145,0.40093166177923,0.0,0.178191849679658,0.311835736939401,0.0445479624199145,0.133643887259743,1.69282257195675,0.668219436298717,0.40093166177923,0.222739812099572,0.089095924839829,0.222739812099572,0.356383699359316,0.0
04/01/1990,15.9283466339111,6.80796718597412,11.3987230598927,2.88701282739639,4.08163882493973,4.57939965724945,0.497760832309723,2.98656499385834,5.5749213218689,0.497760832309723,0.248880416154861,0.597312998771667,5.32604090571403,0.0497760832309723,0.248880416154861,0.398208665847778,0.597312998771667,0.746641248464584,0.597312998771667,0.547536915540695,4.18119099140167,3.68343015909195,0.298656499385834,0.547536915540695,2.63813241124153,4.03186274170876,2.48880416154861,0.348432582616806,0.0,0.248880416154861,0.0,0.0995521664619446,0.0995521664619446,0.149328249692917,0.199104332923889,1.04529774785042,0.746641248464584,0.348432582616806,0.248880416154861,0.149328249692917,0.0995521664619446,0.298656499385834,0.0
05/01/1990,12.1000566482544,6.05450201034546,9.20108474294345,2.64688739180565,4.15939447283745,4.49550715751118,0.63021128376325,2.73091556297408,3.99133813050058,0.210070427921083,0.168056342336867,0.798267626100116,4.20140855842166,0.0840281711684333,0.210070427921083,0.63021128376325,0.462154941426383,0.294098599089517,0.714239454931683,0.294098599089517,3.86529587374793,3.61321136024263,0.5041690270106,0.462154941426383,2.43681696388457,3.48716910348998,2.18473245037927,0.2520845135053,0.0,0.5041690270106,0.0,0.0420140855842166,0.168056342336867,0.210070427921083,0.210070427921083,0.88229579726855,0.672225369347466,0.37812677025795,0.294098599089517,0.336112684673733,0.0420140855842166,0.2520845135053,0.0420140855842166
06/01/1990,13.4308347702026,6.35693693161011,9.31335257787774,2.89204106365677,4.26453512776507,4.1174821923249,0.490176451467249,2.1567763864559,4.5096233534987,0.539194096613974,0.049017645146725,0.784282322347599,5.63702919187337,0.343123516027075,0.343123516027075,0.588211741760699,0.441158806320525,0.686247032054149,0.343123516027075,0.539194096613974,3.3331998699773,2.84302341851005,0.3921411611738,0.588211741760699,2.64695283792315,3.62730574085765,1.960705805869,0.1960705805869,0.049017645146725,0.3921411611738,0.0,0.539194096613974,0.245088225733625,0.245088225733625,0.0980352902934499,1.32347641896157,0.637229386907424,0.29410587088035,0.343123516027075,0.245088225733625,0.343123516027075,0.1960705805869,0.049017645146725
07/01/1990,18.26198387146,8.68420886993408,12.625569096318,3.55094130833944,6.08732795715332,6.25642040040758,0.732733920768455,3.10002812632808,5.69277892289338,0.338184886508518,0.225456591005679,0.901826364022714,8.17280142395585,0.112728295502839,0.169092443254259,0.958190511774134,0.789098068519875,0.845462216271294,1.01455465952555,0.563641477514196,5.18550159313061,4.28367522910789,1.07091880727697,0.901826364022714,4.67822426336783,4.84731670662209,3.04366397857666,0.225456591005679,0.0563641477514196,0.394549034259937,0.0,0.169092443254259,0.338184886508518,0.169092443254259,0.281820738757098,1.35273954603407,0.958190511774134,0.620005625265616,0.450913182011357,0.450913182011357,0.225456591005679,0.225456591005679,0.0
08/01/1990,18.4252433776855,6.95756149291992,14.8544597773589,7.903334368723,8.61749108878833,6.95112540863589,0.476104480043554,2.99945822427439,4.61821345642248,0.380883584034843,0.285662688026132,1.33309254412195,13.5689776812413,0.0952208960087108,0.0952208960087108,0.428494032039199,0.714156720065331,0.761767168069687,1.14265075210453,0.476104480043554,4.52299256041376,4.09449852837457,0.761767168069687,0.285662688026132,3.85644628835279,3.28512091230052,2.14247016019599,0.0476104480043554,0.0952208960087108,0.142831344013066,0.0,0.285662688026132,0.190441792017422,0.0952208960087108,0.285662688026132,5.71325376052265,0.856988064078398,0.714156720065331,0.0,0.285662688026132,0.0476104480043554,0.0952208960087108,0.0952208960087108
09/01/1990,17.4586906433105,7.80680751800537,14.3807133911662,7.6192551651442,6.5596236521109,5.55045078255538,0.908255582599971,3.53210504344433,6.66054093906645,0.403669147822209,0.100917286955552,1.76605252172217,11.1009015651108,0.0,0.403669147822209,0.65596236521109,0.403669147822209,0.504586434777761,0.756879652166642,0.504586434777761,4.89448841734429,4.08715012169987,1.21100744346663,0.706421008688866,4.84402977386651,4.03669147822209,3.07797725214434,0.151375930433328,0.0,0.252293217388881,0.100917286955552,0.201834573911105,0.0504586434777761,0.201834573911105,0.151375930433328,4.18806740865542,0.908255582599971,0.302751860866657,0.353210504344433,0.100917286955552,0.252293217388881,0.201834573911105,0.151375930433328
10/01/1990,21.0247192382813,9.49503612518311,15.9870114501356,8.27623422338211,6.27143214442619,6.68267359651971,0.822482904187042,3.34133679825986,6.99110468558985,0.462646633605211,0.308431089070141,1.28512953779225,11.8231917476887,0.257025907558451,0.719672541163661,1.0281036302338,0.976698448722112,0.565456996628591,0.719672541163661,0.668267359651971,8.27623422338211,6.99110468558985,2.31323316802605,0.873888085698732,4.00960415791183,3.90679379488845,2.10761244197929,0.15421554453507,0.0,0.10281036302338,0.0,0.308431089070141,0.257025907558451,0.10281036302338,0.257025907558451,4.31803524698197,0.873888085698732,0.411241452093521,0.565456996628591,0.359836270581831,0.15421554453507,0.20562072604676,0.0514051815116901
11/01/1990,15.2838945388794,7.02287721633911,11.6044384461862,6.27394436318197,4.29269877480872,4.33987128881761,0.849105252159966,2.83035084053322,6.79284201727973,0.283035084053322,0.188690056035548,1.32083039224884,7.35891218538637,0.141517542026661,0.094345028017774,0.613242682115531,0.613242682115531,0.660415196124418,0.660415196124418,0.424552626079983,5.0946315129598,4.7172514008887,0.424552626079983,0.613242682115531,3.20773095260432,4.19835374679094,2.68883329850656,0.188690056035548,0.0,0.141517542026661,0.0,0.047172514008887,0.094345028017774,0.141517542026661,0.047172514008887,4.05683620476428,0.566070168106644,0.377380112071096,0.377380112071096,0.141517542026661,0.188690056035548,0.283035084053322,0.0
12/01/1990,16.3209171295166,8.37677383422852,11.9578996790518,6.3560007303068,4.52461068937094,5.38644129687017,0.807966194530525,3.60891566890301,5.60189894874497,0.32318647781221,0.377050890780912,1.13115267234273,7.54101781561823,0.215457651874807,0.107728825937403,0.592508542655718,0.64637295562442,0.538644129687016,0.754101781561823,0.215457651874807,5.17098364499536,4.52461068937094,0.538644129687016,0.861830607499226,3.55505125593431,3.82437332077782,2.47776299656028,0.161593238906105,0.0,0.0538644129687017,0.0,0.269322064843508,0.269322064843508,0.269322064843508,0.161593238906105,4.52461068937094,0.484779716718315,0.32318647781221,0.32318647781221,0.215457651874807,0.215457651874807,0.215457651874807,0.215457651874807
01/01/1991,20.7329807281494,10.5543766021729,17.3990340783967,10.3664903640747,7.03254371432204,7.18882246352919,1.09395124445009,3.02138915133836,6.92835788151727,0.312557498414313,0.260464582011927,2.76092456932643,11.7729991069391,0.260464582011927,0.208371665609542,0.781393746035782,0.468836247621469,0.625114996828625,1.56278749207156,0.468836247621469,5.93859246987194,4.94882705822662,0.989765411645324,0.625114996828625,5.67812788786002,4.74045539261708,3.49022539895983,0.312557498414313,0.0,0.208371665609542,0.0,0.156278749207156,0.208371665609542,0.156278749207156,0.364650414816698,12.1376495217558,0.833486662438167,0.520929164023855,0.208371665609542,0.364650414816698,0.208371665609542,0.364650414816698,0.104185832804771
02/01/1991,18.3841876983643,9.59807968139648,14.9412126170452,9.54938371611147,5.06701993099792,7.21075913257397,0.90946511582014,3.83274584524202,7.08083554459966,0.0,0.649617939871529,2.59847175948611,8.70488039427848,0.0649617939871528,0.0649617939871528,1.2342740857559,0.519694351897223,0.129923587974306,0.45473255791007,0.324808969935764,5.84656145884376,5.39182890093369,0.519694351897223,0.714579733858681,5.71663787086945,4.67724916707501,2.98824252340903,0.129923587974306,0.0,0.259847175948611,0.0,0.194885381961459,0.194885381961459,0.259847175948611,0.0649617939871528,8.38007142434272,1.03938870379445,0.194885381961459,0.584656145884376,0.194885381961459,0.649617939871529,0.0649617939871528,0.0
03/01/1991,13.6903600692749,6.49536943435669,10.4436343611465,6.06055465517308,3.67962246921223,5.03242484759907,0.541120951354739,2.75971685190917,4.32896761083791,0.27056047567737,0.216448380541896,1.89392332974159,6.33111513085045,0.0,0.108224190270948,0.649345141625687,0.541120951354739,0.432896761083791,0.703457236761161,0.649345141625687,4.05840713516054,3.5172861838058,0.216448380541896,0.432896761083791,4.49130389624434,2.86794104218012,1.83981123460611,0.162336285406422,0.0,0.27056047567737,0.0,0.216448380541896,0.108224190270948,0.108224190270948,0.0541120951354739,4.87008856219265,0.703457236761161,0.27056047567737,0.162336285406422,0.324672570812844,0.27056047567737,0.0541120951354739,0.0
04/01/1991,15.6105194091797,7.84670782089233,11.2286192241468,5.8607914974815,4.32712643271998,5.53214898360403,0.383416266190378,2.464818854081,4.38190018503289,0.164321256938734,0.0547737523129112,1.4788913124486,5.20350646972656,0.0,0.0547737523129112,1.15024879857113,0.602511275442023,0.712058780067845,0.821606284693668,0.602511275442023,4.49144768965872,3.77938890959087,0.438190018503289,0.93115378931949,3.61506765265214,3.88893641421669,2.51959260639391,0.328642513877467,0.0547737523129112,0.219095009251645,0.0,0.109547504625822,0.273868761564556,0.328642513877467,0.219095009251645,3.50552014802632,1.15024879857113,0.219095009251645,0.438190018503289,0.383416266190378,0.492963770816201,0.219095009251645,0.0
05/01/1991,13.94211769104,6.50792360305786,10.1824455046922,5.01289624846383,3.44636617081889,4.28184887889619,0.678829700312811,2.50644812423192,4.22963120964136,0.0522176692548316,0.208870677019326,0.887700377332137,5.53507294101215,0.156653007764495,0.104435338509663,1.04435338509663,0.887700377332137,0.417741354038653,0.31330601552899,0.522176692548316,4.28184887889619,3.9685428633672,0.417741354038653,0.835482708077306,3.44636617081889,3.08084248603506,1.87983609317394,0.156653007764495,0.0,0.104435338509663,0.0,0.104435338509663,0.31330601552899,0.261088346274158,0.156653007764495,2.61088346274158,0.678829700312811,0.574394361803148,0.574394361803148,0.365523684783821,0.31330601552899,0.469959023293484,0.0
06/01/1991,14.868369102478,7.43222045898437,11.0278309579265,5.15729407982633,4.16972712837022,3.78567331391507,0.438918645091602,3.01756568500477,5.65107755555438,0.164594491909351,0.0548648306364503,1.09729661272901,6.08999620064598,0.109729661272901,0.164594491909351,1.15216144336546,1.26189110463836,0.438918645091602,0.493783475728053,0.548648306364503,5.59621272491793,4.71837543473472,0.384053814455152,1.15216144336546,2.96270085436831,4.33432162027957,2.46891737864026,1.15216144336546,0.0,0.164594491909351,0.0548648306364503,0.274324153182251,0.438918645091602,0.219459322545801,0.164594491909351,2.35918771736736,0.768107628910304,0.548648306364503,0.822972459546754,0.219459322545801,0.164594491909351,0.219459322545801,0.0
07/01/1991,15.1393270492554,6.63832998275757,11.8258139592297,5.48443545935289,4.68462195486393,4.45610381072422,0.457036288279407,2.39944051346689,5.59869453142274,0.0571295360349259,0.171388608104778,0.457036288279407,6.22711942780693,0.0,0.342777216209556,0.685554432419111,0.856943040523889,0.228518144139704,0.514165824314333,0.342777216209556,4.74175149089885,4.28471520261944,0.228518144139704,0.742683968454037,3.3135130900257,4.17045613054959,2.34231097743196,0.514165824314333,0.0,0.342777216209556,0.0,0.0571295360349259,0.457036288279407,0.114259072069852,0.114259072069852,2.39944051346689,0.971202112593741,0.399906752244482,0.342777216209556,0.171388608104778,0.342777216209556,0.228518144139704,0.0571295360349259
08/01/1991,13.7583360671997,7.12053728103638,10.8701357477494,4.77865871036326,4.5686077780396,5.19876057501058,0.682665530051894,2.78317485328849,4.936196909606,0.21005093232366,0.262563665404575,1.31281832702287,6.3540407027907,0.157538199242745,0.10502546616183,0.735178263132809,0.472614597728234,0.420101864647319,0.472614597728234,0.525127330809149,4.936196909606,3.93845498106862,0.945229195456468,0.630152796970979,4.51609504495868,3.5183531164213,2.52061118788392,0.472614597728234,0.0,0.157538199242745,0.0,0.10502546616183,0.157538199242745,0.157538199242745,0.315076398485489,2.57312392096483,1.0502546616183,0.315076398485489,0.420101864647319,0.262563665404575,0.157538199242745,2.99322578561215,0.0
09/01/1991,13.7069826126099,6.42420673370361,10.0693603038788,3.63762230873108,4.11209478378296,4.00665645599365,0.843506622314453,3.63762230873108,4.63928642272949,0.15815749168396,0.263595819473267,0.896225786209107,6.74805297851563,0.0527191638946533,0.31631498336792,1.31797909736633,0.94894495010376,0.369034147262573,0.0527191638946533,0.7907874584198,4.85016307830811,4.42840976715088,0.369034147262573,0.94894495010376,3.00499234199524,3.79577980041504,2.26692404747009,1.05438327789307,0.0,0.31631498336792,0.0,0.263595819473267,0.31631498336792,0.210876655578613,0.210876655578613,2.10876655578613,1.15982160568237,0.579910802841187,0.685349130630493,0.47447247505188,0.369034147262573,0.896225786209107,0.105438327789307
10/01/1991,14.1663255691528,6.33589935302734,10.7664074325562,4.84230764909224,3.65748769239946,4.17262680400502,0.618166933926669,2.98780684731223,5.20290502721613,0.103027822321112,0.154541733481667,0.875736489729448,5.30593284953724,0.103027822321112,0.0515139111605558,1.03027822321111,1.08179213437167,0.618166933926669,0.772708667408336,0.463625200445002,4.37868244864724,3.96657115936279,0.515139111605557,0.721194756247781,3.1423485807939,3.55445987007835,1.80298689061945,0.154541733481667,0.0515139111605558,0.412111289284446,0.0,0.206055644642223,0.721194756247781,0.154541733481667,0.257569555802779,1.80298689061945,1.13330604553223,0.36059737812389,0.412111289284446,0.515139111605557,0.206055644642223,0.721194756247781,0.0515139111605558
11/01/1991,19.3686237335205,9.40739154815674,15.39696774322,6.69196831242422,5.33181215136239,8.54178069146831,0.924906189522047,4.18928097607045,6.63756206598175,0.380843725097313,0.435249971539787,2.23065610414141,8.10653071992853,0.108812492884947,0.108812492884947,1.08812492884947,0.870499943079573,0.598468710867207,0.380843725097313,0.761687450194627,7.94331198060111,7.12721828396401,0.924906189522047,1.46896865394678,5.00537467270755,4.67893719405271,2.72031232212367,0.544062464424733,0.0544062464424733,0.435249971539787,0.0544062464424733,0.217624985769893,0.217624985769893,0.272031232212367,0.217624985769893,2.93793730789356,1.19693742173441,0.870499943079573,0.435249971539787,0.544062464424733,0.217624985769893,0.924906189522047,0.0
12/01/1991,14.9264459609985,7.46686363220215,11.0037963398487,4.53397164003027,3.92264962114979,5.29812416363088,0.916983028320729,3.76981911642966,4.99246315419064,0.356604511013617,0.152830504720122,1.37547454248109,6.4188811982451,0.203774006293495,0.356604511013617,0.764152523600608,0.764152523600608,0.458491514160365,0.407548012586991,0.66226552045386,6.36793769667173,5.85850268093799,0.713209022027234,0.764152523600608,3.82076261800304,3.56604511013617,1.98679656136158,0.815096025173981,0.0509435015733738,0.305661009440243,0.0,0.458491514160365,0.203774006293495,0.101887003146748,0.101887003146748,2.44528807552194,0.764152523600608,0.458491514160365,0.407548012586991,0.254717507866869,0.203774006293495,0.866039526747355,0.101887003146748
01/01/1992,20.8000926971436,9.74655437469482,16.7173158812586,8.71728022851109,6.01381990447917,9.32417948492642,0.993107874134175,4.35864011425555,7.17244575763571,0.331035958044725,0.220690638696483,2.20690638696483,9.10348884622994,0.0551726596741208,0.275863298370604,2.15173372729071,1.0482805338083,0.606899256415329,0.717244575763571,0.772417235437692,8.05520831242164,6.95175511893923,1.76552510957187,1.6000071305495,5.62761128676033,4.2482947949073,2.75863298370604,0.827589895111812,0.0,0.331035958044725,0.0,0.331035958044725,0.110345319348242,0.110345319348242,0.165517979022363,3.14484160142489,0.993107874134175,0.717244575763571,0.606899256415329,0.66207191608945,0.331035958044725,0.937935214460054,0.0
02/01/1992,16.6696701049805,8.06288051605225,13.053199302544,4.8031252844859,5.14216942221431,6.21580919168763,0.339044137728416,4.46408114675748,6.44183861683991,0.339044137728416,0.226029425152278,1.18665448204946,8.08055194919392,0.113014712576139,0.226029425152278,2.20378689523471,1.80823540121822,0.452058850304555,0.621580919168763,0.452058850304555,7.34595631744902,6.49834597312798,1.07363976947332,1.41268390720173,4.068529652741,4.46408114675748,2.48632367667505,1.52569861977787,0.0,0.90411770060911,0.0,0.339044137728416,0.226029425152278,0.0565073562880694,0.0565073562880694,2.7688604581154,1.24316183833753,0.734595631744902,0.734595631744902,0.96062505689718,0.169522068864208,0.565073562880694,0.0565073562880694
03/01/1992,15.9999885559082,7.75579690933228,12.2683618320063,5.06069925570259,4.65175386130239,5.82747187020299,0.460063568700236,4.2939266412022,5.52076282440283,0.357827220100183,0.562299917300288,1.1757180089006,7.15654440200367,0.153354522900079,0.357827220100183,1.38019070610071,0.869008963100446,0.511181743000262,0.40894539440021,0.766772614500393,6.33865361320325,5.62299917300288,0.613418091600314,1.48242705470076,3.42491767810176,3.73162672390191,2.40255419210123,0.153354522900079,0.0,0.460063568700236,0.0511181743000262,0.255590871500131,0.153354522900079,0.255590871500131,0.306709045800157,2.19808149490113,0.971245311700498,0.357827220100183,0.715654440200367,0.460063568700236,0.204472697200105,0.562299917300288,0.0511181743000262
04/01/1992,18.3034706115723,7.90659856796265,13.0205446916141,4.74929703915432,4.69593415107393,5.76319191268165,0.586991768884242,4.21566815835046,5.38965169611895,0.426903104643085,0.533628880803856,1.28070931392925,7.20398989085206,0.160088664241157,0.213451552321542,1.06725776160771,0.960531985446941,0.480265992723471,0.800443321205784,0.533628880803856,5.12283725571702,4.64257126299355,0.480265992723471,1.22734642584887,4.58920837491316,3.94885371794854,2.13451552321542,0.960531985446941,0.0,0.480265992723471,0.0,0.266814440401928,0.426903104643085,0.160088664241157,0.106725776160771,1.97442685897427,0.480265992723471,0.693717545045013,0.480265992723471,0.373540216562699,0.320177328482314,0.800443321205784,0.0
05/01/1992,14.5748682022095,6.6428337097168,10.585396978977,3.98947122323252,3.61712057573082,4.62778661894972,0.638315395717203,3.13838402894292,5.37248791395313,0.265964748215501,0.159578848929301,0.691508345360303,6.54273280610133,0.159578848929301,0.159578848929301,0.691508345360303,0.691508345360303,0.372350647501702,0.744701295003404,0.585122446074103,4.62778661894972,3.98947122323252,0.691508345360303,0.691508345360303,2.71284043179811,3.24476992822912,1.75536733822231,0.531929496431003,0.0531929496431003,0.265964748215501,0.0,0.212771798572401,0.212771798572401,0.159578848929301,0.372350647501702,2.07452503608091,1.06385899286201,0.372350647501702,0.372350647501702,0.159578848929301,0.265964748215501,0.957473093575805,0.0
06/01/1992,15.1709575653076,7.45750522613525,11.0780733300628,4.25659960465465,4.14745602504813,4.85688929249057,0.382002528622854,3.71088170662201,4.85688929249057,0.382002528622854,0.218287159213059,0.654861477639178,6.87604551521137,0.0,0.163715369409794,1.30972295527836,1.03686400626203,1.25515116547509,0.327430738819589,0.764005057245707,5.18432003131016,3.98374065563833,0.709433267442443,1.41886653488489,3.76545349642527,3.65630991681874,2.23744338193386,0.982292216458767,0.0,0.218287159213059,0.0,0.327430738819589,0.436574318426118,0.163715369409794,0.163715369409794,2.51030233095018,0.600289687835913,1.03686400626203,0.436574318426118,0.491146108229383,0.382002528622854,1.20057937567183,0.163715369409794
07/01/1992,17.5939178466797,8.83645725250244,13.2821689659441,4.65867120447293,6.04636049942232,5.94723983549736,0.545163651587258,4.90647286428532,5.8481191715724,0.24780165981239,0.24780165981239,1.43724962691186,8.3261357696963,0.049560331962478,0.24780165981239,0.693844647474692,0.941646307287082,0.594723983549736,0.545163651587258,0.346922323737346,6.09592083138479,5.15427452409771,0.892085975324604,1.28856863102443,5.60031751176001,3.46922323737346,2.18065460634903,0.99120663924956,0.049560331962478,0.49560331962478,0.049560331962478,0.24780165981239,0.24780165981239,0.346922323737346,0.148680995887434,2.42845626616142,0.792965311399648,1.33812896298691,0.24780165981239,0.148680995887434,0.24780165981239,1.43724962691186,0.099120663924956
08/01/1992,12.0329780578613,5.75499391555786,9.09060751086604,3.38153033012891,3.90852206988926,4.12810196145608,0.219579891566813,2.98628652530865,3.73285815663581,0.3513278265069,0.17566391325345,1.01006750120734,5.75299315905049,0.131747934940088,0.439159783133625,0.614823696387075,0.834403587953888,0.614823696387075,0.3513278265069,0.746571631327163,3.95243804820263,3.73285815663581,0.483075761446988,0.52699173976035,2.98628652530865,2.72279065542848,1.09789945783406,0.131747934940088,0.087831956626725,0.307411848193538,0.0,0.263495869880175,0.131747934940088,0.0439159783133625,0.131747934940088,1.88838706747459,0.483075761446988,1.18573141446079,0.219579891566813,0.307411848193538,0.131747934940088,1.36139532771424,0.087831956626725
09/01/1992,14.7631483078003,6.5589542388916,11.9042529212104,4.17117523617215,5.20225226084391,7.17067203521728,0.843608474731445,4.21804237365723,4.96791657341851,0.140601412455241,0.234335687425401,1.03107702467177,6.46766497294108,0.328069962395562,2.8588953865899,1.07794416215685,0.609272787306044,0.468671374850803,0.656139924791124,0.468671374850803,5.34285367329915,5.06165084838867,0.796741337246365,0.890475612216526,5.01478371090359,2.81202824910482,1.73408408694797,0.749874199761285,0.0468671374850803,0.374937099880642,0.0,0.234335687425401,0.187468549940321,0.140601412455241,0.0937342749701606,1.68721694946289,0.890475612216526,0.468671374850803,0.421804237365723,0.234335687425401,0.421804237365723,1.73408408694797,0.0
10/01/1992,17.8224830627441,8.89883613586426,14.031512908514,4.82487110538377,4.9233378626365,8.0250407160975,0.443100407637285,5.0710379985156,5.02180461988923,0.49233378626365,0.0984667572527301,1.28006784428549,7.23730665807566,0.147700135879095,1.9693351450546,1.37853460153822,1.03390095115367,0.738500679395475,0.836967436648205,0.640033922142745,6.35110584280109,5.26797151302106,1.67393487329641,0.984667572527301,5.21873813439469,4.0863704259883,2.01856852368097,0.59080054351638,0.049233378626365,0.29540027175819,0.0,0.29540027175819,0.246166893131825,0.246166893131825,0.147700135879095,1.82163500917551,0.640033922142745,0.886200815274571,0.49233378626365,0.39386702901092,0.39386702901092,2.9540027175819,0.0
11/01/1992,14.5948123931885,7.19778680801392,10.7895642774727,3.56440962737936,3.75708041804852,5.20211134806718,0.674347767342042,3.17906804604105,4.672266673727,0.240838488336443,0.38534158133831,1.20419244168222,5.9727945107438,0.0963353953345774,0.578012372007464,0.818850860343908,1.05968934868035,0.770683162676619,0.433509279005598,0.770683162676619,5.82829141774193,4.86493746439616,1.34869553468408,0.674347767342042,2.36021718569715,3.61257732504665,1.87854020902426,0.674347767342042,0.0481676976672887,0.289006186003732,0.0,0.0963353953345774,0.289006186003732,0.144503093001866,0.0963353953345774,2.40838488336444,0.578012372007464,0.578012372007464,0.240838488336443,0.289006186003732,0.240838488336443,1.25236013934951,0.0481676976672887
12/01/1992,11.1241521835327,5.43155670166016,7.67517923579986,2.6231625236278,2.81747085871134,3.25466461264931,0.242885418854426,2.86604794248223,3.20608752887842,0.0971541675417704,0.291462502625311,0.971541675417704,4.80913129331764,0.194308335083541,0.242885418854426,0.825810424105049,0.485770837708852,0.388616670167082,0.534347921479737,0.437193753937967,3.88616670167082,3.49755003150374,0.291462502625311,0.680079172792393,1.70019793198098,3.06035627756577,1.99166043460629,0.680079172792393,0.0,0.340039586396197,0.0,0.194308335083541,0.0485770837708852,0.0,0.0971541675417704,1.21442709427213,0.291462502625311,0.388616670167082,0.437193753937967,0.388616670167082,0.145731251312656,0.485770837708852,0.0485770837708852
01/01/1993,14.2797765731812,6.78622722625732,10.2724084439485,4.06380993386974,4.96687880806301,5.36197144052257,0.451534437096637,2.65276481794274,5.13620422197425,0.112883609274159,0.169325413911239,1.12883609274159,6.54724933790124,0.169325413911239,0.790185264919115,1.58037052983823,0.564418046370797,0.564418046370797,0.677301655644956,0.733743460282036,7.11166738427204,6.49080753326416,1.12883609274159,0.733743460282036,2.14478857620903,2.93497384112814,1.52392872520115,0.395092632459558,0.0,0.282209023185398,0.0,0.451534437096637,0.225767218548319,0.112883609274159,0.225767218548319,2.4834394040315,0.790185264919115,0.620859851007876,0.507976241733717,0.846627069556195,0.225767218548319,0.564418046370797,0.0
02/01/1993,15.9774646759033,8.67331981658936,11.3273070463494,3.93474876346873,4.94824465708946,5.60403611766758,0.417321838549714,2.80201805883379,4.23283579100424,0.536556649563917,0.238469622028408,1.60966994869175,6.67714941679542,0.0596174055071019,0.178852216521306,1.78852216521306,0.834643677099427,0.476939244056816,0.238469622028408,0.775026271592325,8.16758455447297,7.98873233795166,1.43081773217045,1.19234811014204,2.68278324781959,2.68278324781959,1.31158292115624,0.596174055071019,0.0,0.357704433042612,0.0,1.49043513767755,0.178852216521306,0.0596174055071019,0.0596174055071019,1.90775697622726,0.834643677099427,0.536556649563917,0.775026271592325,0.238469622028408,0.29808702753551,0.29808702753551,0.119234811014204
03/01/1993,15.5079078674316,7.53781795501709,12.3733307452912,2.74962905450916,5.77422101446923,5.2242952035674,0.384948067631282,3.904473257403,5.11431004138703,0.274962905450916,0.219970324360732,1.15484420289385,6.92906521736307,0.0549925810901831,0.439940648721465,1.42980710834476,0.769896135262564,1.20983678398403,0.549925810901831,0.164977743270549,7.4789910282649,6.54411714973179,1.59478485161531,1.20983678398403,3.18956970323062,3.46453260868154,1.97973291924659,0.934873878533113,0.0,0.384948067631282,0.0,0.274962905450916,0.109985162180366,0.0549925810901831,0.384948067631282,1.48479968943494,0.87988129744293,0.494933229811648,0.494933229811648,0.604918391992014,0.274962905450916,0.549925810901831,0.0
04/01/1993,14.1792392730713,6.10270214080811,10.7435005261348,2.89038339027992,5.50808910223154,5.39901803090022,0.545355356656588,2.39956356928899,4.09016517492441,0.545355356656588,0.218142142662635,0.818033034984882,6.38065767288208,0.163606606996976,0.327213213993953,0.981639641981858,0.708961963653564,0.545355356656588,0.43628428532527,0.708961963653564,5.83530231622549,4.96273374557495,0.490819820990929,0.9271041063162,1.96327928396372,3.4357387469365,2.07235035529503,0.490819820990929,0.0545355356656588,0.163606606996976,0.0,0.163606606996976,0.163606606996976,0.109071071331318,0.490819820990929,1.36338839164147,0.818033034984882,0.381748749659612,0.599890892322247,0.218142142662635,0.109071071331318,0.218142142662635,0.0
05/01/1993,15.0398578643799,6.99513053894043,10.8493631159076,2.92760592016555,5.39597953912866,5.68299972738019,0.401828263552134,2.75539380721463,2.64058573191402,0.287020188251524,0.172212112950915,0.918464602404878,7.46252489453964,0.11480807530061,0.287020188251524,1.32029286595701,0.861060564754573,0.516636338852744,0.516636338852744,0.688848451803659,5.8552118403311,5.05155531322683,0.631444414153354,0.861060564754573,2.87020188251524,2.98500995781585,1.54990901655823,0.344424225901829,0.0574040376503049,0.459232301202439,0.0,0.22961615060122,0.401828263552134,0.172212112950915,0.172212112950915,2.00914131776067,0.746252489453964,0.746252489453964,0.459232301202439,0.459232301202439,0.287020188251524,0.401828263552134,0.0
06/01/1993,14.822735786438,7.136887550354,11.0321888486848,2.88534169888678,5.48780676062781,5.65753274291526,0.678903929149832,3.62082095546577,3.90369759261153,0.22630130971661,0.396027292004068,1.01835589372475,6.4495873269234,0.113150654858305,0.169725982287458,1.35780785829966,0.622328601720679,0.792054584008137,0.565753274291526,0.678903929149832,5.77068339777357,5.3746561057695,0.339451964574916,0.961780566295595,3.73397161032407,2.77219104402848,1.64068449544543,0.622328601720679,0.0,0.396027292004068,0.0,0.22630130971661,0.169725982287458,0.169725982287458,0.169725982287458,1.52753384058712,1.01835589372475,0.848629911437289,0.735479256578984,0.396027292004068,0.339451964574916,0.396027292004068,0.0565753274291526
07/01/1993,14.3135299682617,6.37152051925659,11.4508239746094,3.60700955200195,5.95442846679687,6.06893670654297,0.286270599365234,3.09172247314453,4.06504251098633,0.458032958984375,0.0572541198730469,1.48860711669922,7.84381442260742,0.171762359619141,0.744303558349609,1.14508239746094,0.801557678222656,1.20233651733398,0.114508239746094,0.91606591796875,5.38188726806641,4.75209194946289,0.91606591796875,1.03057415771484,2.86270599365234,2.6909436340332,1.31684475708008,0.973320037841797,0.343524719238281,0.458032958984375,0.0,0.229016479492188,0.0,0.171762359619141,0.286270599365234,2.17565655517578,1.03057415771484,1.43135299682617,0.400778839111328,0.286270599365234,0.114508239746094,0.343524719238281,0.0
08/01/1993,17.7979679107666,8.04029273986816,13.4195540796834,4.20782627922277,6.14115186697378,7.05095214356249,0.852937759301914,3.86665117550201,5.74311424596622,0.568625172867943,0.227450069147177,1.08038782844909,7.96075242015119,0.113725034573588,1.59215048403024,1.36470041488306,1.08038782844909,0.454900138294354,0.284312586433971,0.796075242015119,7.10781466084928,6.70977703984172,0.511762655581148,1.25097538030947,3.86665117550201,4.15096376193598,1.87646307046421,0.113725034573588,0.0,0.625487690154737,0.0,0.227450069147177,0.341175103720766,0.113725034573588,0.170587551860383,1.70587551860383,1.0235253111623,0.796075242015119,0.739212724728325,0.170587551860383,0.170587551860383,0.170587551860383,0.0
09/01/1993,16.0868377685547,7.10149478912354,11.7624190135669,2.7676280031922,5.82355059005026,6.40013975738197,0.518930250598538,3.28655825379074,4.38207767172099,0.345953500399026,0.288294583665855,1.21083725139659,6.91907000798051,0.115317833466342,0.63424808406488,1.61444966852879,0.345953500399026,0.576589167331709,0.461271333865367,0.864883750997564,5.93886842351661,5.07398467251904,0.63424808406488,1.7874264187283,2.53699233625952,3.22889933705757,1.61444966852879,0.691907000798051,0.0576589167331709,0.576589167331709,0.0,0.172976750199513,0.0,0.288294583665855,0.0,1.44147291832927,0.980201584463906,0.922542667730735,0.922542667730735,0.230635666932684,0.230635666932684,0.461271333865367,0.0
10/01/1993,13.132622718811,6.39787244796753,9.83659191879572,3.29603080001532,4.89254571877274,5.71655341877657,0.154501443750718,3.1415293562646,3.3990317625158,0.206001925000957,0.154501443750718,0.978509143754548,5.97405582502777,0.0515004812502394,0.309002887501436,1.18451106875551,0.412003850001915,0.309002887501436,0.360503368751675,0.360503368751675,4.48054186877082,4.12003850001915,0.360503368751675,0.515004812502393,1.9570182875091,3.1415293562646,1.75101636250814,0.515004812502393,0.103000962500479,0.618005775002872,0.0,0.206001925000957,0.0515004812502394,0.0,0.257502406251197,1.54501443750718,0.77250721875359,1.49351395625694,0.618005775002872,0.0515004812502394,0.154501443750718,0.566505293752633,0.0515004812502394
11/01/1993,13.6708736419678,6.63396644592285,10.8294763752058,3.43112122778799,5.79001707189223,6.37974103291829,0.428890153473499,2.84139726676193,4.07445645799824,0.160833807552562,0.268056345920937,0.911391576131185,5.36112691841873,0.107222538368375,0.268056345920937,0.589723961026061,0.482501422657686,0.536112691841873,0.696946499394436,0.375278884289311,4.77140295739267,4.50334661147174,0.214445076736749,0.536112691841873,2.78778599757774,2.62695219002518,1.39389299878887,0.160833807552562,0.0,0.321667615105124,0.0,0.214445076736749,0.160833807552562,0.0,0.268056345920937,1.82278315226237,0.857780306946998,3.75278884289311,0.160833807552562,0.321667615105124,0.214445076736749,0.321667615105124,0.0
12/01/1993,12.6827192306519,6.12776041030884,9.02118104272308,2.17569660442145,3.92686704212652,4.51059052136154,0.21226308335819,2.228762375261,3.1308804795333,0.159197312518643,0.0530657708395475,0.955183875111855,5.62497170899204,0.318394625037285,0.318394625037285,0.583723479235023,0.63678925007457,0.530657708395475,0.318394625037285,0.477591937555928,5.41270862563385,4.98818245891747,0.63678925007457,0.42452616671638,2.06956506274235,2.86555162533557,1.69810466686552,0.318394625037285,0.0,0.106131541679095,0.0,0.0530657708395475,0.265328854197738,0.106131541679095,0.0530657708395475,1.91036775022371,0.63678925007457,1.22051272930959,0.0530657708395475,0.477591937555928,0.265328854197738,0.318394625037285,0.0
01/01/1994,16.2325096130371,6.97902250289917,12.407013716971,4.34245480093986,6.72046576335931,6.66876987287193,0.361871233411655,3.51532055314179,4.80771781532628,0.155087671462138,0.310175342924276,1.29239726218448,7.49590412067,0.0516958904873793,0.0516958904873793,0.827134247798069,0.361871233411655,0.620350685848552,0.568654795361173,0.620350685848552,6.5136822014098,6.15181096799814,0.568654795361173,0.258479452436897,2.7398821958311,3.05005753875538,1.7576602765709,0.516958904873793,0.0,0.516958904873793,0.0,0.206783561949517,0.0,0.0516958904873793,0.310175342924276,1.55087671462138,0.827134247798069,2.01613972900779,0.206783561949517,0.310175342924276,0.310175342924276,0.206783561949517,0.0
02/01/1994,13.4446620941162,6.75504112243652,11.5699084156538,3.1067346671663,6.21346933433259,6.96337080571756,0.428515126505696,2.51752636822096,4.33871565587017,0.374950735692484,0.107128781626424,0.589208298945332,5.7849542078269,0.107128781626424,0.053564390813212,0.696337080571756,0.749901471384968,0.26782195406606,1.07128781626424,1.12485220707745,4.55297321912302,4.17802248343054,0.321386344879272,0.749901471384968,5.57069664457405,3.48168540285878,1.98188246008884,0.321386344879272,0.0,0.482079517318908,0.0,0.053564390813212,0.160693172439636,0.107128781626424,0.428515126505696,2.62465514984739,0.964159034637816,0.80346586219818,0.321386344879272,0.107128781626424,0.26782195406606,0.80346586219818,0.0
03/01/1994,19.4707908630371,9.28502941131592,14.2306307890799,4.00718123302611,8.42535541302925,9.70970837233249,0.513741183721296,3.85305887790972,4.88054124535231,0.256870591860648,0.256870591860648,1.18160472255898,8.83634836000629,0.0513741183721296,0.359618828604907,1.13023060418685,0.821985893954073,0.873360012326203,0.924734130698332,0.565115302093425,5.39428242907361,4.98328948209657,0.410992946977037,0.770611775581944,7.34649892721453,3.85305887790972,2.15771297162944,0.667863538837684,0.0513741183721296,0.102748236744259,0.0,0.359618828604907,0.154122355116389,0.102748236744259,0.205496473488518,2.62008003697861,1.02748236744259,2.62008003697861,0.410992946977037,0.359618828604907,0.102748236744259,0.821985893954073,0.0
04/01/1994,26.2347602844238,12.4235420227051,21.6422420727085,8.09431334814827,11.9405473504599,15.0404971433677,0.459251821171533,5.28139594347263,7.46284209403741,0.975910119989508,0.229625910585767,1.95182023997902,11.1942631410561,0.114812955292883,0.459251821171533,0.803690687050183,0.975910119989508,0.401845343525091,1.20553603057527,0.631471254110858,7.86468743756251,7.1758097058052,0.803690687050183,0.975910119989508,10.1035400657737,4.99436355524042,3.04254331526141,0.459251821171533,0.0574064776464416,0.34443886587865,0.0,0.229625910585767,0.229625910585767,0.172219432939325,0.229625910585767,2.98513683761497,1.03331659763595,2.0666331952719,0.34443886587865,0.0574064776464416,0.114812955292883,0.574064776464416,0.0574064776464416
05/01/1994,17.568208694458,8.07518482208252,13.2141281534684,3.59464788849141,7.69558421198161,8.35375917748003,0.708803808998306,4.20219401048996,4.35408054098959,0.405030747999032,0.151886530499637,0.961948026497701,8.10061495998064,0.101257686999758,0.151886530499637,1.26572108749697,1.11383455699734,0.607546121998548,0.911319182997822,0.708803808998306,5.11351319348778,4.70848244548875,0.202515373999516,0.556917278498669,6.63237849848415,3.99967863649044,2.37955564449431,0.101257686999758,0.050628843499879,0.253144217499395,0.0,0.253144217499395,0.303773060999274,0.151886530499637,0.202515373999516,1.77200952249576,0.810061495998064,0.911319182997822,0.253144217499395,0.303773060999274,0.405030747999032,0.405030747999032,0.0
06/01/1994,14.5389156341553,6.5017728805542,11.5325635877706,2.41493852906308,6.0619885525461,6.16055747209969,0.443560137991178,3.00635204638465,4.38631692013498,0.59141351732157,0.39427567821438,0.887120275982356,7.24481558718924,0.0,0.542129057544773,1.33068041397353,0.788551356428761,0.739266896651963,0.689982436875166,0.837835816205558,5.02701489723335,4.73130813857256,0.19713783910719,0.739266896651963,4.38631692013498,3.49919664415263,2.11923177040229,0.295706758660785,0.0,0.344991218437583,0.0,0.19713783910719,0.19713783910719,0.246422298883988,0.0985689195535951,2.21780068995589,0.59141351732157,0.887120275982356,0.443560137991178,0.246422298883988,0.19713783910719,0.246422298883988,0.147853379330393
07/01/1994,18.1109008789063,7.50928354263306,13.7117230628943,3.54219512458103,6.85586153144716,8.16990165830787,0.457057435429811,3.37079858629485,5.48468922515773,0.342793076572358,0.171396538286179,1.19977576800325,7.88424076116423,0.0571321794287263,0.171396538286179,1.19977576800325,0.856982691430895,0.571321794287263,0.914114870859621,1.02837922971707,5.427557045729,4.97049961029919,0.399925256001084,0.571321794287263,4.68483871315556,3.0280055097225,1.88536192114797,0.285660897143632,0.0,0.399925256001084,0.0,0.228528717714905,0.114264358857453,0.285660897143632,0.342793076572358,1.88536192114797,0.799850512002169,0.742718332573442,0.285660897143632,0.228528717714905,0.285660897143632,0.342793076572358,0.0571321794287263
08/01/1994,16.2822132110596,7.90668678283691,12.2499409738379,4.59372786518922,6.48226043198923,7.19684032212978,1.07186983521082,3.62394087142705,5.15518349315679,0.204165682897299,0.459372786518922,1.07186983521082,6.63538469416221,0.0,0.408331365794597,1.37811835955677,0.561455627967571,0.714579890140545,0.510414207243247,0.918745573037844,5.10414207243247,4.64476928591354,0.663538469416221,1.02082841448649,5.00205923098382,3.41977518852975,2.09269824969731,0.204165682897299,0.0,0.306248524345948,0.0510414207243247,0.0510414207243247,0.204165682897299,0.102082841448649,0.204165682897299,1.53124262172974,1.02082841448649,1.22499409738379,0.714579890140545,0.306248524345948,0.357289945070273,1.12291125593514,0.102082841448649
09/01/1994,15.5912933349609,7.04381132125854,12.7769804586142,2.92688539140061,7.767503538717,6.24777458548976,0.394003802688544,3.48974796666996,4.61547311720865,0.731721347850152,0.225145030107739,0.844293862904022,7.5986447661362,0.0562862575269348,0.225145030107739,0.788007605377087,0.844293862904022,0.394003802688544,0.956866377957891,0.506576317742413,5.06576317742413,4.33404182957398,0.506576317742413,1.01315263548483,4.95319066237026,4.0526105419393,2.7580266188198,1.06943889301176,0.0,0.337717545161609,0.0,0.11257251505387,0.0562862575269348,0.168858772580804,0.506576317742413,2.13887778602352,0.844293862904022,0.619148832796283,0.281431287634674,0.168858772580804,0.168858772580804,0.844293862904022,0.0562862575269348
10/01/1994,17.1187858581543,7.21868753433228,12.4136224936324,2.95324083517866,7.25796476442214,6.60725068209464,0.200219717639232,4.90538308216117,5.0555478703906,0.350384505868655,0.0,1.00109858819616,8.50933799966734,0.0,0.200219717639232,1.55170281170404,1.20131830583539,0.95104365878635,0.550604223507887,0.900988729376542,6.10670138799656,5.55609716448868,0.350384505868655,1.60175774111385,4.00439435278463,5.00549294098079,3.05335069399828,1.80197745875308,0.0500549294098079,0.95104365878635,0.0500549294098079,0.300329576458847,0.200219717639232,0.250274647049039,0.250274647049039,2.70296618812963,0.600659152917695,0.750823941147118,0.800878870556926,0.150164788229424,0.150164788229424,0.350384505868655,0.0
11/01/1994,15.0638561248779,7.43773555755615,11.5594173736042,3.45213369528453,6.3289117746883,7.32270783848233,0.470745503902435,2.87677807940377,3.45213369528453,0.0523050559891595,0.0523050559891595,1.09840617577235,6.01508143875334,0.0,0.104610111978319,0.679965727859073,0.836880895826552,0.523050559891595,0.366135391924116,0.732270783848233,4.96898031897015,4.70745503902435,0.784575839837392,0.732270783848233,5.28281065490511,2.98138819138209,2.14450729555554,0.784575839837392,0.0,0.470745503902435,0.0,0.156915167967478,0.0,0.209220223956638,0.418440447913276,2.30142246352302,0.156915167967478,0.784575839837392,0.366135391924116,0.156915167967478,0.209220223956638,0.209220223956638,0.0
12/01/1994,20.4760894775391,9.45059776306152,15.7000289046143,4.31877817764471,7.97703733988495,10.4666859364095,0.457282395280029,4.06473240248914,3.40421338708466,0.863755635528943,0.101618310062229,1.11780141068451,7.8246098747916,2.89612183677352,1.67670211602677,1.01618310062229,1.01618310062229,1.0669922556534,0.558900705342257,0.863755635528943,8.38351058013386,8.33270142510275,0.660519015404486,0.558900705342257,6.35114437888929,5.08091550311143,3.9123049373958,0.3556640852178,0.0,0.254045775155572,0.0,0.152427465093343,0.101618310062229,0.152427465093343,0.406473240248914,1.67670211602677,0.3556640852178,1.98155704621346,0.406473240248914,0.203236620124457,0.203236620124457,0.304854930186686,0.0
01/01/1995,22.6396656036377,10.1315202713013,17.4695496604993,5.17011594313842,9.41505324382048,10.8844546171335,0.979600915542016,4.95242685079575,5.27896048930975,0.925178642456348,0.380955911599673,0.870756369370681,10.0136982477628,2.72111365428338,2.72111365428338,0.979600915542016,0.489800457771008,0.816334096285013,1.14286773479902,0.65306727702801,7.45585141273645,6.31298367793743,1.68709046565569,0.979600915542016,8.48987460136414,4.0272482083394,2.0136241041697,0.489800457771008,0.0,0.380955911599673,0.0544222730856675,0.163266819257003,0.163266819257003,0.108844546171335,0.163266819257003,2.88438047354038,0.870756369370681,2.66669138119771,0.326533638514005,0.21768909234267,0.108844546171335,0.707489550113678,0.108844546171335
02/01/1995,22.2986660003662,10.7079553604126,16.1429779213919,6.53256694095235,7.97726924520143,10.8038607100366,0.753757723956041,4.96223834937727,3.7687886197802,0.753757723956041,0.251252574652014,1.50751544791208,9.2335321184615,2.44971260285713,1.8215811662271,1.38188916058608,1.06782344227106,0.816570867619044,1.00501029860805,0.565318292967031,7.16069837758239,6.72100637194136,0.690944580293038,1.19344972959706,9.92447669875454,4.58535948739925,2.38689945919413,0.502505149304027,0.0,0.565318292967031,0.0628131436630034,0.0628131436630034,0.502505149304027,0.0628131436630034,0.125626287326007,3.20347032681317,0.502505149304027,1.31907601692307,0.502505149304027,0.251252574652014,0.251252574652014,0.37687886197802,0.0628131436630034
03/01/1995,18.0123729705811,8.91832065582275,11.8444998018669,3.60247459411621,7.09578329144102,7.47786393021092,0.491246535561301,3.00206216176351,3.16581100695061,1.091658967914,0.272914741978501,1.4191566582882,7.25953213662812,1.4191566582882,1.5283225550796,0.982493071122603,0.764161277539802,0.818744225935503,1.091658967914,0.818744225935503,5.45829483957002,4.63955061363451,0.927910122726903,1.1462419163097,6.05870727192272,4.25746997486461,2.07415203903661,0.491246535561301,0.0545829483957002,0.709578329144102,0.0,0.0545829483957002,0.218331793582801,0.0545829483957002,0.272914741978501,2.40164972941081,0.436663587165601,0.764161277539802,0.327497690374201,0.272914741978501,0.1637488451871,0.327497690374201,0.0
04/01/1995,15.8516473770142,6.00909233093262,11.1989454165254,3.84118417668261,6.05933278575285,6.16753515692701,0.703315412632028,2.00174386672192,4.32809484696632,1.24432726850282,0.270505927935395,0.865618969393265,6.92495175514612,1.0279225261545,0.703315412632028,1.51483319643821,0.703315412632028,0.703315412632028,0.432809484696632,0.378708299109553,5.19371381635959,4.43629721814048,0.54101185587079,0.703315412632028,4.43629721814048,2.055845052309,0.973821340567423,0.324607113522474,0.0,0.216404742348316,0.0,0.162303556761237,0.108202371174158,0.108202371174158,0.270505927935395,1.62303556761237,0.59511304145787,0.811517783806186,0.270505927935395,0.216404742348316,0.324607113522474,0.432809484696632,0.108202371174158
05/01/1995,13.4243688583374,5.53493499755859,9.52697144785235,3.19370065581414,4.81761624351625,4.92587728269639,0.16239155877021,2.65239545991344,3.03130909704393,0.703696754670912,0.0541305195900702,0.920218833031193,5.73783507654744,0.16239155877021,0.16239155877021,1.46152402893189,0.757827274260982,0.703696754670912,0.487174676310632,0.378913637130491,3.41022273417442,2.81478701868365,0.378913637130491,0.974349352621263,2.92304805786379,2.81478701868365,1.29913247016168,0.270652597950351,0.0,0.216522078360281,0.0,0.0541305195900702,0.10826103918014,0.0541305195900702,0.0541305195900702,1.46152402893189,0.541305195900702,0.487174676310632,0.595435715490772,0.216522078360281,0.216522078360281,0.487174676310632,0.0
06/01/1995,15.6571216583252,7.15991401672363,11.1506438378478,5.14200674387802,4.27537639378622,6.5286153040249,0.404427496709507,3.23541997367605,3.52429675703999,0.8666303500918,0.404427496709507,1.79103605685639,5.43088352724195,0.115550713345573,0.34665214003672,0.924405706764587,0.69330428007344,0.808854993419014,0.462202853382294,0.462202853382294,4.10205032376786,3.40874604369441,0.51997821005508,0.8666303500918,6.23973852066096,2.71544176362097,1.61770998683803,0.115550713345573,0.0,0.231101426691147,0.0577753566727867,0.0577753566727867,0.17332607001836,0.0,0.115550713345573,1.38660856014688,0.462202853382294,1.21328249012852,0.34665214003672,0.115550713345573,0.288876783363933,0.0577753566727867,0.0577753566727867
07/01/1995,18.8074436187744,9.06609058380127,13.0860853658139,5.05183760633746,6.02568581960734,6.99953403287721,0.486924106634936,3.40846874644455,4.93010657967873,0.486924106634936,0.304327566646835,2.61721707316278,6.87780300621847,0.304327566646835,0.121731026658734,0.669520646623037,0.852117186611139,1.03471372659924,0.791251673281771,0.669520646623037,5.47789619964303,4.74751003969063,0.791251673281771,0.973848213269873,6.33001338625417,3.65193079976202,1.58250334656354,0.365193079976202,0.060865513329367,0.304327566646835,0.060865513329367,0.243462053317468,0.304327566646835,0.121731026658734,0.243462053317468,1.70423437322228,0.791251673281771,0.60865513329367,0.121731026658734,0.243462053317468,0.304327566646835,0.121731026658734,0.0
08/01/1995,13.3649578094482,6.28844928741455,8.71877075981173,2.46649435968358,4.2446647120136,4.41674571385199,0.630963673407428,2.6959356954681,3.67106137255231,0.516243005515168,0.172081001838389,0.803044675245817,5.27715072304394,0.286801669730649,0.573603339461298,0.745684341299687,0.860405009191947,0.803044675245817,0.344162003676779,0.401522337622909,4.58882671569038,4.01522337622909,0.516243005515168,0.745684341299687,3.61370103860618,2.86801669730649,1.66344968443776,0.516243005515168,0.0,0.172081001838389,0.0,0.344162003676779,0.172081001838389,0.11472066789226,0.229441335784519,1.37664801470712,0.516243005515168,0.401522337622909,0.229441335784519,0.344162003676779,0.172081001838389,0.11472066789226,0.0
09/01/1995,12.8194742202759,5.4107928276062,9.15676730019706,2.8008935271191,4.14747695361867,4.41679363891858,0.377043359419879,2.58544017887917,3.50111690889887,0.484770033539844,0.107726674119965,1.13113007825964,5.17088035775834,0.269316685299913,0.323180022359896,0.969540067079688,0.80795005589974,0.754086718839758,0.215453348239931,0.430906696479861,4.63224698715851,3.77043359419879,0.915676730019706,1.45431010061953,3.44725357183889,2.69316685299913,1.66976344885946,0.161590011179948,0.0,0.269316685299913,0.0,0.107726674119965,0.161590011179948,0.0538633370599827,0.161590011179948,1.34658342649957,0.646360044719792,0.161590011179948,0.484770033539844,0.161590011179948,0.323180022359896,0.269316685299913,0.0
10/01/1995,17.1032733917236,8.13458728790283,11.5666368129926,4.05654561213958,5.31736384293972,6.03000023426154,0.986727311060979,3.2342728529221,3.2342728529221,0.657818207373986,0.328909103686993,0.931909127113147,6.19445478610503,0.274090919739161,0.274090919739161,1.09636367895664,0.548181839478322,0.931909127113147,0.822272759217482,0.822272759217482,6.19445478610503,4.71436381951357,1.75418188633063,1.5349091505393,3.78245469240042,2.96018193318294,1.15118186290448,0.219272735791329,0.0,0.657818207373986,0.0548181839478322,0.164454551843496,0.109636367895664,0.219272735791329,0.109636367895664,1.5349091505393,0.931909127113147,0.383727287634825,0.76745457526965,0.164454551843496,0.493363655530489,0.109636367895664,0.0548181839478322
11/01/1995,16.3705139160156,7.92404890060425,11.6006879189032,3.70986466442081,4.82871273781756,5.59424036698376,0.82441436987129,2.59101659102406,4.06318510865136,0.353320444230553,0.235546962820369,1.11884807339675,5.77090058909903,0.412207184935645,0.706640888461106,1.4721685176273,0.52998066634583,0.82441436987129,0.765527629166198,0.52998066634583,7.41972932884161,4.47539229358701,3.47431770160044,1.35439503621712,4.5342790342921,3.35654422019025,1.94326244326804,0.0,0.0588867407050922,0.52998066634583,0.0,0.0,0.176660222115277,0.0,0.235546962820369,1.41328177692221,0.412207184935645,0.235546962820369,0.647754147756014,0.235546962820369,0.176660222115277,0.52998066634583,0.0
12/01/1995,18.0617923736572,9.65320301055908,12.9705488857807,4.24270290656378,5.87917402766695,7.87930539790416,1.09098074740211,4.24270290656378,5.39429369548823,0.424270290656378,0.181830124567019,2.42440166089359,6.48527444289035,0.0606100415223397,0.181830124567019,1.57586107958083,0.666710456745737,0.727320498268076,1.69708116262551,0.363660249134038,9.33394639444031,6.54588448441269,3.5153824082957,1.51525103805849,6.84893469202438,2.60623178546061,1.33342091349147,0.303050207611698,0.0606100415223397,0.181830124567019,0.121220083044679,0.242440166089359,0.0606100415223397,0.303050207611698,0.424270290656378,1.21220083044679,0.606100415223397,0.606100415223397,0.848540581312756,0.0606100415223397,0.727320498268076,0.484880332178717,0.0606100415223397
01/01/1996,22.32590675354,11.7361421585083,15.6347596256245,5.10117157276731,7.88362879427675,8.41362064599283,0.529991851716084,4.04118786933514,6.22740425766399,0.728738796109616,0.397493888787063,1.39122861075472,9.14235944210245,0.397493888787063,0.198746944393532,1.72247351807727,0.662489814645105,0.794987777574126,0.993734721967658,0.662489814645105,10.9310819416442,7.68488184988322,5.23366953569633,2.18621638832885,4.83617564690927,3.64369398054808,2.31871435125787,0.331244907322553,0.0,0.596240833180595,0.0,0.264995925858042,0.132497962929021,0.132497962929021,0.132497962929021,2.18621638832885,0.662489814645105,0.861236759038637,1.32497962929021,0.264995925858042,0.331244907322553,1.2587306478257,0.198746944393532
02/01/1996,18.1398773193359,8.34624195098877,13.3695289585417,4.33097416966844,6.46507738370796,5.83739996781399,0.376606449536386,3.13838707946988,4.39374191125784,0.627677415893977,0.125535483178795,1.06705160701976,7.97150318185351,0.313838707946989,0.125535483178795,1.12981934860916,0.439374191125784,0.502141932715182,0.627677415893977,0.439374191125784,6.65338060847616,5.14695481033061,1.44365805655615,1.50642579814554,4.20543868648965,3.70329675377446,2.00856773086073,0.439374191125784,0.0627677415893977,0.564909674304579,0.0,0.0627677415893977,0.125535483178795,0.125535483178795,0.125535483178795,1.75749676450314,0.878748382251568,0.564909674304579,0.564909674304579,0.313838707946989,0.0627677415893977,0.564909674304579,0.0
03/01/1996,22.8501930236816,10.4480409622192,16.5126076812356,6.27944235765297,7.50044503830771,8.14001787103163,0.697715817516997,8.43073279499704,5.34915460096364,0.465143878344664,0.232571939172332,1.86057551337866,10.6983092019273,0.0581429847930831,0.0,1.51171760462016,1.74428954379249,0.814001787103163,1.68614655899941,0.581429847930831,8.37258981020396,6.68644325120455,1.39543163503399,2.09314745255099,5.69801250972214,4.41886684427431,2.7327202852749,0.290714923965415,0.0581429847930831,0.465143878344664,0.0,0.348857908758498,0.407000893551581,0.0581429847930831,0.174428954379249,2.90714923965415,1.16285969586166,0.872144771896246,0.581429847930831,0.697715817516997,0.697715817516997,1.45357461982708,0.0581429847930831
04/01/1996,15.3309173583984,5.83244848251343,10.3571464596814,3.04277749097984,5.61743536796279,5.61743536796279,0.0,4.56416623646976,3.74495691197519,0.292574758748062,0.292574758748062,1.11178408324263,6.72921945120542,0.0585149517496124,0.0585149517496124,0.877724276244185,0.468119613996899,1.11178408324263,1.05326913149302,0.526634565746511,4.85674099521782,4.38862138122093,0.643664469245736,0.877724276244185,3.27683729797829,2.92574758748062,1.57990369723953,0.409604662247286,0.0,0.409604662247286,0.0,0.292574758748062,0.0585149517496124,0.0585149517496124,0.117029903499225,1.34584389024108,0.760694372744961,0.468119613996899,0.292574758748062,0.175544855248837,0.292574758748062,0.175544855248837,0.0
05/01/1996,17.036205291748,7.22462606430054,12.2482521705378,3.45178015715156,6.79221256729824,6.90356031430313,0.334043241014668,3.78582339816623,3.1177369161369,0.668086482029335,0.167021620507334,1.61454233157089,7.07058193481046,0.0556738735024446,0.167021620507334,1.05780359654645,0.668086482029335,0.445390988019557,0.72376035553178,0.779434229034224,5.17767023572735,4.28688825968823,0.389717114517112,1.55886845806845,3.1177369161369,3.89717114517112,2.05993331959045,0.278369367512223,0.0,0.501064861522001,0.0,0.111347747004889,0.111347747004889,0.111347747004889,0.222695494009778,1.503194584566,0.668086482029335,0.668086482029335,0.445390988019557,0.0556738735024446,0.278369367512223,0.556738735024446,0.111347747004889
06/01/1996,18.3824729919434,9.33620452880859,12.3348190108806,2.99388810943703,5.92789845668532,6.82606488951643,0.419144335321184,5.62850964574162,3.89205454226814,0.359266573132443,0.359266573132443,1.31731076815229,8.2631311820462,0.239511048754962,0.179633286566222,1.31731076815229,0.958044195019849,0.658655384076146,1.13767748158607,0.778410908453628,7.00569817608265,6.16740950544028,0.419144335321184,1.85621062785096,4.49083216415554,3.89205454226814,2.57474377411585,1.07779971939733,0.0,0.479022097509925,0.0598777621887406,0.299388810943703,0.0598777621887406,0.179633286566222,0.299388810943703,1.616699579096,0.958044195019849,0.479022097509925,0.538899859698665,0.299388810943703,0.778410908453628,0.538899859698665,0.0598777621887406
07/01/1996,24.7400074005127,11.6751346588135,17.1180859286376,5.12293082535869,11.1205083769981,10.3083364168803,0.374848596977465,8.0592448350155,5.56025418849907,0.312373830814554,0.312373830814554,2.56146541267934,10.1209121183916,0.312373830814554,0.312373830814554,2.18661681570188,0.999596258606574,0.999596258606574,0.499798129303287,0.999596258606574,8.18419436734132,7.30954764106057,0.812171960117841,1.56186915407277,8.55904296431879,3.74848596977465,1.81176821872441,0.437323363140376,0.0,0.437323363140376,0.124949532325822,0.187424298488733,0.124949532325822,0.187424298488733,0.499798129303287,2.56146541267934,0.812171960117841,0.687222427792019,0.624747661629108,0.499798129303287,1.1245457909324,0.74969719395493,0.0624747661629109
08/01/1996,16.7739219665527,9.1269359588623,10.765352903907,3.31723083666901,5.69562275729962,6.00856906264575,0.250357044276906,3.56758788094592,3.69276640308437,0.312946305346133,0.37553556641536,1.81508857100757,6.75964019547648,0.0625892610692266,0.125178522138453,1.68991004886912,1.00142817710763,0.876249654969173,0.813660393899946,0.56330334962304,5.94597980157653,5.06973014660736,1.25178522138453,1.56473152673067,4.88196236339968,3.81794492522282,1.94026709314603,0.500714088553813,0.0625892610692266,0.813660393899946,0.0,0.18776778320768,0.312946305346133,0.250357044276906,0.438124827484586,1.43955300459221,0.625892610692266,0.625892610692266,0.876249654969173,0.438124827484586,0.0625892610692266,0.500714088553813,0.0625892610692266
09/01/1996,15.0781259536743,7.56487512588501,10.2553430199623,2.38367432355881,5.32169151306152,5.82060009241104,0.720645725727081,3.99126863479614,3.60322862863541,0.388040006160736,0.110868573188782,1.38585716485977,6.0423372387886,0.0554342865943909,0.110868573188782,0.831514298915863,0.776080012321472,0.6097771525383,0.720645725727081,0.66521143913269,4.82278293371201,4.10213720798492,0.277171432971954,1.66302859783173,4.32387435436249,3.43692576885223,2.05106860399246,0.886948585510254,0.0,0.498908579349518,0.110868573188782,0.166302859783173,0.110868573188782,0.110868573188782,0.221737146377563,1.71846288442612,0.498908579349518,0.277171432971954,0.554342865943909,0.221737146377563,0.66521143913269,0.776080012321472,0.110868573188782
10/01/1996,17.3695049285889,8.35102653503418,11.2652060718963,2.83017492446656,6.15979248266251,5.71584347490305,0.554936259699325,3.60708568804561,4.6059709555044,0.332961755819595,0.166480877909797,1.60931515312804,7.88009488773041,0.110987251939865,0.277468129849662,1.16536614536858,1.10987251939865,0.776910763579055,0.499442633729392,0.499442633729392,6.60374149042197,6.38176698654224,0.832404389548987,1.38734064924831,3.60708568804561,3.44060481013581,1.38734064924831,0.44394900775946,0.0,0.66592351163919,0.0,0.166480877909797,0.277468129849662,0.277468129849662,0.277468129849662,1.38734064924831,0.388455381789527,0.332961755819595,0.610429885669257,0.277468129849662,0.499442633729392,0.66592351163919,0.0
11/01/1996,17.1207008361816,6.8457293510437,11.2335826539157,4.08493914687843,6.12740872031764,5.6468276442143,0.60072634512918,3.24392226369757,3.54428543626216,0.30036317256459,0.420508441590426,1.50181586282295,7.9896603902181,0.30036317256459,0.420508441590426,1.56188849733587,0.660798979642098,0.841016883180853,0.720871614155016,0.30036317256459,5.34646447164971,4.56552022298177,1.26152532477128,1.50181586282295,3.60435807077508,3.84464860882675,1.86225166990046,0.30036317256459,0.0,0.480581076103344,0.0,0.30036317256459,0.240290538051672,0.060072634512918,0.540653710616262,1.38167059379711,0.420508441590426,0.30036317256459,0.901089517693771,0.540653710616262,0.360435807077508,0.660798979642098,0.0
12/01/1996,20.9007244110107,10.7297306060791,14.9630186124281,4.45327934893695,8.55029634995894,6.94711578434164,1.00940998575904,5.10642698678103,4.98767287080938,0.475016463886608,0.653147637844086,1.72193468158895,7.7783945961432,0.356262347914956,0.29688528992913,1.78131173957478,0.950032927773216,0.59377057985826,0.712524695829912,0.653147637844086,9.02531281384555,7.83777165412903,0.89065586978739,2.73134466734799,7.00649284232746,4.27514817497947,2.19695114547556,0.356262347914956,0.0,0.712524695829912,0.0,0.475016463886608,0.415639405900782,0.29688528992913,0.237508231943304,1.30629527568817,0.534393521872434,0.59377057985826,1.24691821770235,0.356262347914956,0.59377057985826,0.534393521872434,0.059377057985826
01/01/1997,21.0497741699219,10.7476949691772,15.7325135072072,4.87872370084127,8.71592211723328,7.23585987091064,0.548171202341716,6.79732290903727,4.38536961873372,0.493354082107544,0.274085601170858,1.58969648679097,8.93519059816996,0.438536961873372,0.274085601170858,2.02823344866435,0.767439683278402,0.931891043980916,1.04152528444926,0.438536961873372,9.09964195887248,8.44183651606242,1.64451360702515,3.34384433428446,5.70098050435384,3.34384433428446,1.80896496772766,0.328902721405029,0.0,0.71262256304423,0.0,0.219268480936686,0.219268480936686,0.109634240468343,0.0548171202341715,1.97341632843018,0.657805442810059,0.383719841639201,1.64451360702515,0.219268480936686,0.438536961873372,0.438536961873372,0.0
02/01/1997,19.4810314178467,9.0872163772583,13.2800270510391,3.07306411098427,7.02414653939261,6.09125207712953,0.329256869034028,4.6095961664764,4.11571086292536,0.219504579356019,0.274380724195024,1.2072751864581,7.84728871197768,0.0548761448390047,0.384133013873033,1.48165591065313,0.768266027746066,1.04264675194109,0.93289446226308,0.603637593229052,6.9692703945536,6.58513738068057,0.768266027746066,1.81091277968716,4.6644723113154,3.56694941453531,2.19504579356019,0.713389882907062,0.0,0.384133013873033,0.0,0.219504579356019,0.164628434517014,0.548761448390047,0.164628434517014,2.3596742280772,0.493885303551043,0.439009158712038,1.04264675194109,0.109752289678009,0.109752289678009,0.219504579356019,0.0548761448390047
03/01/1997,22.9561805725098,11.0130615234375,16.743269316647,4.26479501461764,9.16141151288234,8.84550077105881,0.684473273950979,6.68677736859803,5.37048261099999,0.315910741823529,0.315910741823529,2.31667877337254,9.7932329965294,0.105303580607843,0.263258951519607,1.31629475759804,1.05303580607843,0.684473273950979,1.36894654790196,0.842428644862744,8.05572391649999,7.00268811042156,0.473866112735293,2.2113751927647,9.10875972257842,3.94888427279411,2.2113751927647,2.00076803154902,0.0,0.737125064254901,0.0,0.263258951519607,0.263258951519607,0.0526517903039215,0.157955370911764,2.31667877337254,0.526517903039215,0.210607161215686,0.631821483647058,0.421214322431372,0.105303580607843,0.36856253212745,0.105303580607843
04/01/1997,23.8621368408203,11.5989408493042,17.3694158864576,3.88453390431959,8.54597458950309,9.43386805334756,1.05437348831532,7.32512107671693,6.49272095436274,0.277466707451399,0.665920097883358,2.21973365961119,9.37837471185729,0.0554933414902798,0.221973365961119,1.99776029365007,1.55381356172783,0.943386805334756,0.832400122354197,0.998880146825036,8.43498790652253,8.04653451609057,0.499440073412518,1.27634685427644,8.26850788205169,4.71693402667378,3.27410714792651,0.388453390431959,0.0554933414902798,0.832400122354197,0.0,0.388453390431959,0.221973365961119,0.11098668298056,0.332960048941679,2.49720036706259,0.554933414902798,0.887893463844477,1.1098668298056,0.443946731922238,0.388453390431959,0.443946731922238,0.11098668298056
05/01/1997,17.6621990203857,8.73162174224854,11.9494996339702,3.56388585574549,6.39403050589632,6.0795699892129,0.314460516683426,4.19280688911234,4.24521697522625,0.157230258341713,0.157230258341713,1.41507232507542,7.23259188371879,0.0524100861139043,0.419280688911234,1.57230258341713,1.04820172227809,0.681331119480756,1.15302189450589,0.995791636164181,7.02295153926317,6.39403050589632,0.995791636164181,1.2054319806198,5.76510947252947,4.08798671688453,2.51568413346741,0.524100861139043,0.0,0.786151291708564,0.0524100861139043,0.314460516683426,0.157230258341713,0.104820172227809,0.209640344455617,1.93917318621446,0.262050430569521,0.36687060279733,0.73374120559466,0.262050430569521,0.209640344455617,0.419280688911234,0.0524100861139043
06/01/1997,20.7160511016846,10.0800065994263,14.1436998638405,3.10214978426241,6.88782409726061,4.94240813085876,0.525788099027527,6.36203599823308,4.52177765163673,0.525788099027527,0.57836690893028,2.10315239611011,9.93739507162026,0.0,0.315472859416516,2.26088882581837,1.78767953669359,0.841260958444043,0.946418578249549,0.998997388152302,8.7806612537597,7.93940029531566,0.525788099027527,2.47120406542938,4.83725051105325,6.7826664774551,3.36504383377617,2.36604644562387,0.0,1.57736429708258,0.0525788099027527,0.210315239611011,0.473209289124774,0.210315239611011,0.210315239611011,2.41862525552663,0.525788099027527,0.788682148541291,1.15673381786056,0.420630479222022,0.368051669319269,0.525788099027527,0.157736429708258
07/01/1997,20.1743793487549,9.20984172821045,14.5831942149571,3.91959370204381,7.95446957179478,7.03221223013742,0.518769754682268,4.95713321140834,4.78420995984759,0.461128670828683,0.403487586975098,1.15282167707171,8.30031607491629,0.288205419267927,1.26810384477888,1.67159143175398,0.634051922389439,0.74933409009661,0.691693006243025,0.576410838535854,9.68370208740234,6.74400681086949,0.979898425510951,1.44102709633963,5.76410838535854,3.74667045048305,2.13272010258266,0.345846503121512,0.0,0.634051922389439,0.0,0.230564335414342,0.230564335414342,0.115282167707171,0.288205419267927,1.78687359946115,0.634051922389439,0.230564335414342,0.806975173950195,0.230564335414342,0.345846503121512,0.345846503121512,0.230564335414342
08/01/1997,20.9496917724609,9.97353839874268,14.7540435791016,3.09782409667969,7.92832946777344,7.45578002929687,0.367538452148437,5.51307678222656,4.93551635742187,0.472549438476562,0.262527465820312,2.25773620605469,9.50349426269531,0.157516479492187,0.892593383789062,2.15272521972656,0.945098876953125,0.577560424804687,2.9403076171875,0.735076904296875,7.61329650878906,6.61569213867187,1.15512084960937,1.57516479492187,6.45817565917969,4.200439453125,2.20523071289062,0.262527465820312,0.0,0.945098876953125,0.0,0.21002197265625,0.21002197265625,0.105010986328125,0.21002197265625,1.99520874023437,0.63006591796875,0.63006591796875,0.787582397460937,0.525054931640625,0.682571411132812,0.21002197265625,0.105010986328125
09/01/1997,19.0894298553467,9.05228042602539,12.0982360641678,2.8758102119743,5.90036922801625,4.75996173016437,0.594995216270546,4.66079586078594,4.51204705671831,0.396663477513697,0.297497608135273,1.68581977943321,8.18118422372,0.69416108564897,0.991658693784243,1.68581977943321,0.892492824405819,0.495829346892122,0.842909889716607,1.09082456316267,7.18952552993576,6.59453031366522,0.545412281581334,1.68581977943321,4.61121292609673,4.41288118733988,2.33039793039297,1.43790510598715,0.0,1.09082456316267,0.0,0.446246412202909,0.0495829346892122,0.148748804067636,0.297497608135273,2.47914673446061,0.446246412202909,0.446246412202909,0.942075759095031,0.347080542824485,0.148748804067636,0.545412281581334,0.0
10/01/1997,32.7025108337402,14.1498899459839,23.4234241707925,7.6238982311787,12.1380484996398,11.837105148409,1.25393063012808,8.42641383446067,8.4765710596658,0.601886702461477,0.401257801640984,2.10660345861517,13.7932369314088,2.20691790902541,3.05959073751251,1.80566010738443,1.05330172930758,0.6520439276666,1.65518843176906,0.902830053692215,11.4860045719732,9.98128781581949,1.50471675615369,2.40754680984591,9.22892943774264,5.91855257420452,3.00943351230738,0.250786126025615,0.0,1.00314450410246,0.0501572252051231,0.351100576435861,0.150471675615369,0.100314450410246,0.250786126025615,3.260219638333,0.551729477256354,1.25393063012808,1.05330172930758,0.300943351230738,0.401257801640984,0.200628900820492,0.0501572252051231
11/01/1997,28.9908237457275,12.7644052505493,20.9378171496921,6.80608944568155,8.8323298150066,9.71556279650726,1.03909762529489,7.42954802085849,7.37759313959375,0.831278100235915,0.623458575176936,2.9094733508257,12.3133068597445,2.70165382576672,2.96142823209045,1.29887203161862,1.29887203161862,0.987142744030149,1.81842084426606,0.623458575176936,9.97533720283098,9.04014934006558,1.03909762529489,1.76646596300132,8.88428469627134,5.24744300773921,3.48097704473789,1.87037572553081,0.103909762529489,0.519548812647447,0.0519548812647447,0.311729287588468,0.467593931382702,0.155864643794234,0.311729287588468,3.63684168853213,0.77932321897117,0.675413456441681,0.675413456441681,0.363684168853213,0.467593931382702,0.727368337706426,0.103909762529489
12/01/1997,25.8091011047363,11.9582538604736,17.5522659424565,5.71227589843259,6.54315239275005,7.01052042080363,1.2463147414762,7.16630976348816,5.71227589843259,0.6231573707381,0.31157868536905,1.97333167400398,11.3726220159703,3.94666334800797,2.33684014026788,2.02526145489883,1.14245517968652,0.986665837001992,1.45403386505557,0.6231573707381,8.82806275212309,7.47788844885721,1.2463147414762,1.60982320774009,7.11437998259331,5.86806524111711,3.01192729190082,0.467368028053575,0.0,0.675087151632942,0.0519297808948417,0.0519297808948417,0.363508466263892,0.0,0.0519297808948417,2.85613794921629,0.6231573707381,0.727016932527784,0.986665837001992,0.675087151632942,0.415438247158734,1.71368276952978,0.0
01/01/1998,32.1574745178223,13.2962217330933,22.2382535222751,8.58599236711341,11.4657662045303,10.6124998823327,0.853266322197606,8.37267578656401,8.79930894766281,0.853266322197606,0.319974870824102,2.29315324090606,15.3054646544196,6.07952254565794,2.29315324090606,2.39981153118077,1.17324119302171,1.70653264439521,1.33322862843376,1.06658290274701,11.8923993656291,10.3991833017833,1.59987435412051,2.55979896659282,8.37267578656401,5.81287681997119,3.14641956310367,0.639949741648204,0.0,0.533291451373504,0.0533291451373504,0.106658290274701,0.373304015961452,0.106658290274701,0.373304015961452,3.14641956310367,0.746608031922905,0.959924612472306,1.17324119302171,0.426633161098803,0.266645725686752,0.533291451373504,0.159987435412051
02/01/1998,20.0263195037842,9.46474647521973,13.8563307271614,3.03270634783155,5.54253229086455,5.80397249326382,0.418304323838834,4.60134756222717,5.90854857422353,0.418304323838834,0.209152161919417,1.20262493103665,9.15040708397449,2.45753790255315,1.09804885007694,1.35948905247621,0.575168445278397,0.627456485758251,1.15033689055679,0.679744526238105,7.47718978861916,6.53600505998178,0.784320607197814,1.67321729535534,4.81049972414659,4.28761931934805,2.19609770015388,1.2549129715165,0.0,0.627456485758251,0.0,0.156864121439563,0.104576080959709,0.0,0.209152161919417,2.87584222639198,0.627456485758251,0.418304323838834,0.784320607197814,0.156864121439563,0.36601628335898,0.470592364318688,0.104576080959709
03/01/1998,17.9402770996094,8.30583953857422,11.7648550829097,2.83979260621957,4.05684658031368,3.7863901416261,0.766293242948139,4.55268338457424,4.77806375014722,0.135228219343789,0.135228219343789,0.856445389177332,7.75308457571058,1.12690182786491,0.315532511802175,1.17197790097951,0.856445389177332,1.71289077835466,0.450760731145964,0.63106502360435,6.76141096718946,6.44587845538729,0.540912877375157,0.946597535406525,2.20872758261522,4.01177050719908,2.11857543638603,1.35228219343789,0.0,0.585988950489754,0.0450760731145964,0.135228219343789,0.270456438687579,0.270456438687579,0.360608584916771,1.71289077835466,0.63106502360435,0.0901521462291928,0.585988950489754,0.180304292458386,0.315532511802175,0.225380365572982,0.0
04/01/1998,22.2621822357178,10.172872543335,15.6079915015252,4.94171517759889,6.60526286114703,5.08849879673549,0.782845968728537,6.21383987678276,6.31169562287383,0.489278730455336,0.489278730455336,1.36998044527494,10.4216369586987,1.22319682613834,0.587134476546403,1.46783619136601,1.41890831832047,1.07641320700174,0.782845968728537,0.880701714819604,9.73664673606118,8.85594502124158,1.46783619136601,2.69103301750435,4.55029219323462,4.69707581237122,2.83781663664095,1.95711492182134,0.0489278730455336,0.538206603500869,0.0,0.146783619136601,0.391422984364269,0.0,0.244639365227668,2.59317727141328,0.587134476546403,0.391422984364269,0.880701714819604,0.195711492182134,0.146783619136601,0.293567238273201,0.0489278730455336
05/01/1998,22.9888172149658,12.0442352294922,15.9769775415558,4.90828777138704,7.61285450255949,6.66124768973955,0.701183967341005,6.91167053521848,4.90828777138704,0.751268536436792,0.601014829149433,1.95329819473566,9.96682925006143,1.50253707287358,0.851437674628364,2.25380560931037,1.40236793468201,2.45414388569352,1.35228336558622,1.50253707287358,9.61623726639093,8.86496872995414,0.951606812819936,1.8030444874483,6.26057113697326,6.21048656787748,3.30558156032188,0.751268536436792,0.0,0.851437674628364,0.0,0.250422845478931,0.250422845478931,0.0500845690957861,0.400676552766289,3.00507414574717,0.500845690957861,0.601014829149433,0.90152224372415,0.651099398245219,0.250422845478931,0.400676552766289,0.0
06/01/1998,24.2027339935303,10.602370262146,15.6146670926002,6.40201350796607,5.98562238549673,5.62128015333606,0.676635574012674,6.66225795950941,5.67332904364473,0.832782244938676,0.416391122469338,1.50941781895135,10.9823158551288,2.39424895419869,1.56146670926002,1.19712447709935,1.45736892864268,1.24917336740801,0.884831135247343,0.624586683704007,9.47289803617744,8.37987133969543,0.780733354630009,1.97785783172936,5.93357349518807,4.94464457932339,3.0188356379027,1.61351559956868,0.0,0.676635574012674,0.0,0.208195561234669,0.156146670926002,0.104097780617335,0.364342232160671,2.44629784450736,0.416391122469338,0.364342232160671,0.468440012778005,0.312293341852004,0.312293341852004,0.624586683704007,0.0520488903086673
07/01/1998,27.6375789642334,11.6127309799194,18.7746741350959,5.55898172715131,7.23716489006491,7.39449456158806,0.996421252979952,6.92250554701861,7.70915390463436,0.681761909933651,0.367102566887351,1.83551283443675,12.0619414834415,2.56971796821145,0.891534805297852,1.8879560582778,1.1537509245031,1.20619414834415,3.04170698278091,0.891534805297852,11.3801795735079,10.5410879920511,0.839091581456802,2.93682053509881,5.87364107019761,4.92966304105871,3.04170698278091,0.681761909933651,0.0524432238410501,0.576875462251551,0.0,0.524432238410501,0.1048864476821,0.367102566887351,0.26221611920525,2.56971796821145,0.576875462251551,0.367102566887351,0.839091581456802,0.786648357615751,0.2097728953642,0.629318686092601,0.0
08/01/1998,39.7530670166016,17.1201229095459,26.6115572590473,10.7322329686693,11.9916276537682,11.0607707126081,1.20463839444247,8.48722505175378,9.36332570225739,1.149882103786,0.657075487877712,3.83294034595332,18.0695759166371,5.74941051892998,2.9568396954497,1.64268871969428,1.53317613838133,1.42366355706838,3.28537743938856,0.985613231816568,13.9628541174014,12.7582157229589,1.25939468509895,2.29976420757199,10.7869892593258,6.89929262271597,4.21623438054865,0.602319197221236,0.054756290656476,0.54756290656476,0.054756290656476,0.438050325251808,0.164268871969428,0.109512581312952,0.27378145328238,4.87330986842636,0.82134435984714,1.25939468509895,0.876100650503616,0.054756290656476,0.328537743938856,0.492806615908284,0.054756290656476
09/01/1998,50.1518707275391,22.9519863128662,35.0225485560789,15.0769715757111,14.1870114479782,18.8462144696389,1.30876489372492,10.4177685540504,11.0983262987874,0.837609531983951,0.994661319230942,4.76390421315872,20.2073299591128,6.7532268516206,2.72223097894784,1.6228684682189,1.04701191497994,1.25641429797593,3.24573693643781,0.942310723481945,14.5011150224722,13.0352983415002,1.98932263846188,2.87928276619483,20.5214335336068,8.00964114959653,4.13569706417076,0.68055774473696,0.0523505957489969,0.994661319230942,0.0,0.261752978744985,0.261752978744985,0.209402382995988,0.314103574493982,4.50215123441374,0.994661319230942,1.25641429797593,0.942310723481945,0.366454170242978,0.471155361740972,1.25641429797593,0.157051787246991
10/01/1998,43.7854652404785,19.6433334350586,31.539941471696,13.9434325266389,8.43809200874087,16.2073108704474,1.9037158800208,8.74680269198748,12.7600415741935,0.514517805411028,1.33774629406867,5.71114764006242,14.0977878682622,5.24808161519249,0.668873147034337,2.10952300218522,1.02903561082206,1.9037158800208,1.59500519677419,0.926132049739851,13.7890771850156,12.0911684271592,1.7493605383975,3.08710683246617,15.5898895039542,8.07792954495314,4.27049778491154,2.00661944110301,0.0514517805411028,0.874680269198748,0.0,0.102903561082206,0.0514517805411028,0.154355341623309,0.0514517805411028,2.88129971030176,0.874680269198748,1.08048739136316,0.977583830280954,0.36016246378772,0.463066024869926,0.36016246378772,0.0
11/01/1998,34.8591117858887,14.7332277297974,24.9559550285339,10.1295146260943,6.62096766063145,11.8271986416408,1.18837881088257,8.77136741365705,7.92252540588379,0.565894671848842,0.735663073403495,5.0364625794547,14.5434930665152,3.28218909672328,1.13178934369768,2.71629442487444,1.47132614680699,1.01861040932792,1.18837881088257,0.905431474958147,11.8837881088257,10.3558724948338,1.0751998765128,3.2255996295384,11.5442513057164,5.88530458722796,3.33877856390817,0.339536803109305,0.0,0.848842007773263,0.0565894671848842,0.169768401554653,0.339536803109305,0.113178934369768,0.0565894671848842,2.82947335924421,0.509305204663958,0.962020942143031,1.58450508117676,0.509305204663958,0.339536803109305,0.565894671848842,0.0565894671848842
12/01/1998,25.6414222717285,12.5804080963135,17.2506316502889,6.46247227986654,6.30612214406331,6.41035556793213,0.885984102884928,5.99342187245687,5.68072160085042,0.573283831278483,0.364816983540853,2.24101861317952,11.6741434733073,1.77196820576986,0.364816983540853,1.87620162963867,1.19868437449137,1.92831834157308,1.92831834157308,1.3550345102946,9.48524157206218,8.70349089304606,0.938100814819336,3.07488600413005,6.72305583953857,5.83707173665365,2.86641915639242,0.573283831278483,0.0,0.990217526753744,0.0,0.20846684773763,0.41693369547526,0.0521167119344076,0.625400543212891,3.07488600413005,0.625400543212891,0.625400543212891,1.04233423868815,0.41693369547526,0.469050407409668,0.885984102884928,0.0
01/01/1999,34.0182151794434,17.6758327484131,21.3602746475575,8.13724748478379,7.96772149551746,9.49345539891443,0.904138609420422,8.47629946331645,6.27246160285417,1.01715593559797,0.282543315443882,2.88194181752759,15.5398823494135,2.93845048061637,3.89909775312557,3.50353711150413,1.24319058795308,1.86478588192962,1.29969925104186,1.35620791413063,14.9747957185257,12.7709578580635,3.27750245914903,6.10293561358785,10.5671199976012,6.66802224447561,2.88194181752759,0.678103957065316,0.0,1.75176855575207,0.0565086630887763,0.395560641621434,0.395560641621434,0.395560641621434,0.395560641621434,4.57720171019088,0.734612620154092,0.904138609420422,2.42987251281738,0.452069304710211,0.113017326177553,0.62159529397654,0.0565086630887763
02/01/1999,21.4388275146484,10.0936498641968,12.9279361897377,4.9557088727328,5.1711744758951,5.92530408696314,0.215465603162296,5.06344167431395,4.47091126561764,0.592530408696314,0.377064805534018,1.88532402767009,8.94182253123528,1.2389272181832,0.700263210277462,1.88532402767009,1.34666001976435,1.18506081739263,1.2389272181832,0.861862412649183,7.81062811463323,6.84103290040289,1.18506081739263,2.37012163478525,6.19463609091601,4.52477766640821,2.6933200395287,0.215465603162296,0.0,0.377064805534018,0.053866400790574,0.26933200395287,0.161599202371722,0.107732801581148,0.053866400790574,2.31625523399468,0.430931206324592,0.53866400790574,1.18506081739263,0.323198404743444,0.26933200395287,0.377064805534018,0.0
03/01/1999,22.8770656585693,11.6065435409546,15.4547288004557,3.60949258168538,6.8631196975708,6.40557838439941,0.406703389485677,6.91395762125651,5.13463029225667,0.610055084228516,0.203351694742839,1.67765148162842,10.3200985081991,1.01675847371419,0.305027542114258,1.47429978688558,1.32178601582845,1.22011016845703,0.660893007914225,0.508379236857096,9.09998833974202,8.23574363708496,0.559217160542806,2.23686864217122,6.04971291859945,5.64300952911377,3.151951268514,1.77932732899984,0.0508379236857096,0.762568855285645,0.0,0.457541313171387,0.406703389485677,0.203351694742839,0.152513771057129,2.74524787902832,0.711730931599935,0.610055084228516,0.965920550028483,0.254189618428548,0.254189618428548,0.305027542114258,0.0
04/01/1999,21.4322948455811,9.42613124847412,13.1001892089844,4.23829650878906,5.05705833435059,4.38278388977051,0.62611198425293,4.91257095336914,5.39419555664062,0.62611198425293,0.288974761962891,1.44487380981445,9.72881698608398,1.5893611907959,0.62611198425293,1.6856861114502,1.05957412719727,1.05957412719727,0.722436904907227,1.05957412719727,8.52475547790527,7.46518135070801,0.722436904907227,2.11914825439453,3.94932174682617,5.00889587402344,3.22688484191895,0.722436904907227,0.0,0.722436904907227,0.0,0.0481624603271484,0.0963249206542969,0.144487380981445,0.337137222290039,2.69709777832031,0.770599365234375,0.91508674621582,1.01141166687012,0.288974761962891,0.288974761962891,0.433462142944336,0.0
05/01/1999,19.4833660125732,9.65311622619629,12.7799306765641,3.13469997727045,6.51053072202324,5.54600765209387,0.241130767482342,4.91906765663978,4.48503227517156,0.337583074475279,0.28935692097881,1.20565383741171,8.68070762936432,1.39855845139758,0.675166148950558,1.30210614440465,1.20565383741171,1.10920153041877,0.9162969164329,0.771618455943495,6.65520918251264,6.22117380104443,0.28935692097881,1.59146306538346,5.06374611712918,5.35310303810799,3.47228305174573,0.482261534964684,0.0,0.723392302447026,0.0,0.241130767482342,0.434035381468216,0.28935692097881,0.192904613985874,2.50775998181636,0.530487688461153,0.385809227971747,0.482261534964684,0.385809227971747,0.337583074475279,0.675166148950558,0.0964523069929368
06/01/1999,20.6015148162842,9.44852447509766,15.1511140517818,4.25031252277708,7.95058460143006,7.55055518752163,0.400029413908431,6.15045223884212,4.50033090646984,0.150011030215662,0.200014706954215,1.45010662541806,8.4506213688156,1.40010294867951,0.450033090646985,1.40010294867951,0.950069858032523,0.900066181293969,1.20008824172529,0.6500477976012,6.75049635970477,6.20045591558068,0.550040444124092,1.60011765563372,7.8005735712144,4.70034561342406,2.75020222062046,1.80013236258794,0.0,0.700051474339754,0.0,0.300022060431323,0.200014706954215,0.200014706954215,0.300022060431323,1.90013971606505,0.750055151078307,0.500036767385538,0.750055151078307,0.350025737169877,0.450033090646985,0.700051474339754,0.0
07/01/1999,23.392147064209,11.1238889694214,15.1882661033016,4.32366699291067,6.65179537370872,7.26154328296535,0.665179537370872,6.485500489366,4.9334149021673,0.166294884342718,0.554316281142393,1.99553861211261,9.20165026696372,1.33035907474174,0.886906049827829,1.77381209965566,0.77604279359935,1.10863256228479,0.997769306056307,1.2749274466275,8.25931258902166,7.15068002673687,0.831474421713589,2.10640186834109,6.92895351427991,5.21057304273849,2.71614977759773,0.665179537370872,0.0,1.10863256228479,0.0554316281142393,0.277158140571196,0.166294884342718,0.277158140571196,0.665179537370872,2.77158140571197,0.609747909256632,0.221726512456957,1.33035907474174,0.221726512456957,0.388021396799675,0.388021396799675,0.0554316281142393
08/01/1999,26.1307430267334,12.4844284057617,19.0795901465038,5.0365377715926,8.5917409044815,10.4878492420222,1.00730755431852,8.29547397674076,6.9918994946815,1.30357448205926,0.296266927740741,2.37013542192593,10.6063560131185,1.65909479534815,0.948054168770373,1.89610833754075,1.24432109651111,0.829547397674076,1.18506771096297,1.30357448205926,7.46592657906668,6.63637918139261,0.35552031328889,2.25162865082964,9.36203491660743,5.45131147042964,3.08117604850371,2.13312187973334,0.0592533855481483,1.06656093986667,0.0,0.474027084385186,0.177760156644445,0.237013542192593,0.118506771096297,2.72565573521482,0.651787241029631,0.533280469933335,0.948054168770373,0.237013542192593,0.592533855481483,0.71104062657778,0.237013542192593
09/01/1999,22.0962829589844,10.5569314956665,14.9284643405821,3.82642948801924,7.22171199147294,7.27560536454364,0.59282710377763,5.60491079935213,4.36536321872618,1.02397408834318,0.485040357636242,1.88626805747428,9.32355354122999,1.18565420755526,1.02397408834318,1.61680119212081,1.18565420755526,0.862293969131098,1.29344095369665,0.916187342201791,6.68277826076601,5.8743776647056,0.538933730706936,1.61680119212081,7.00613849919017,5.60491079935213,3.07192226502954,1.61680119212081,0.0,1.13176083448457,0.0,0.215573492282774,0.107786746141387,0.0538933730706936,0.700613849919017,2.69466865353468,0.862293969131098,0.75450722298971,0.862293969131098,0.323360238424162,0.485040357636242,0.377253611494855,0.107786746141387
10/01/1999,25.3246936798096,12.412652015686,18.2463631481858,5.40050403523889,9.85723066626128,9.38534196415303,0.471888702108253,8.44156455993652,5.40050403523889,0.26216039006014,0.367024546084197,2.6216039006014,11.9545137867424,0.996209482228534,0.367024546084197,2.14971519849315,1.62539441837287,0.786481170180421,0.734049092168393,0.943777404216506,8.80858910602072,7.81237962379219,0.576752858132309,2.14971519849315,9.22804573011694,6.23941728343134,3.61781338282994,2.46430766656532,0.0,1.3108019503007,0.157296234036084,0.26216039006014,0.419456624096225,0.26216039006014,0.314592468072169,2.9886284466856,0.576752858132309,0.629184936144337,1.25836987228867,0.367024546084197,0.209728312048112,0.419456624096225,0.0
11/01/1999,19.4461250305176,9.25688171386719,12.6294127236242,3.80467663640561,6.44681318946507,6.18259953415912,0.686955503795458,5.17858764399653,4.17457575383394,0.211370924244756,0.211370924244756,1.955181049264,8.77189335615739,1.26822554546854,0.528427310611891,1.58528193183567,1.16254008334616,1.84949558714162,1.00401189016259,1.05685462122378,6.18259953415912,5.38995856824129,0.475584579550702,2.06086651138637,5.91838587885318,5.07290218187415,2.95919293942659,0.317056386367134,0.0,0.686955503795458,0.0528427310611891,0.158528193183567,0.264213655305945,0.211370924244756,0.369899117428324,2.32508016669232,0.58127004167308,0.951169159101403,0.951169159101403,0.369899117428324,0.264213655305945,0.317056386367134,0.0528427310611891
12/01/1999,17.2368774414063,8.49500846862793,11.7379962944546,2.53794514474693,4.7586471464005,4.44140400330713,0.528738571822278,4.81152100358273,3.96553928866708,0.317243143093367,0.581612429004505,1.63908957264906,8.03682629169862,0.47586471464005,0.422990857457822,1.21609871519124,0.898855572097872,1.21609871519124,0.47586471464005,1.00460328646233,6.13336743313842,5.7103765756806,0.528738571822278,1.26897257237347,4.33565628894268,4.49427786048936,2.16782814447134,1.85058500137797,0.0,0.845981714915644,0.0528738571822278,0.158621571546683,0.317243143093367,0.0,0.158621571546683,2.11495428728911,0.581612429004505,1.00460328646233,0.47586471464005,0.105747714364456,0.211495428728911,0.845981714915644,0.0
01/01/2000,24.412899017334,12.5212955474854,14.5189423412442,4.50789742046695,7.90345651640309,8.84016247390271,0.702529468124719,4.97625039921676,4.27372093109204,0.702529468124719,0.234176489374906,1.34651481390571,8.19617712812172,1.05379420218708,0.234176489374906,1.28797069156198,0.761073590468446,1.17088244687453,0.702529468124719,0.819617712812172,7.31801529296582,6.26422109077874,1.11233832453081,1.40505893624944,8.89870659624644,4.44935329812322,2.45885313843652,0.468352978749813,0.0,0.409808856406086,0.17563236703118,0.0,0.234176489374906,0.234176489374906,0.0,3.16138260656124,0.878161835155899,0.819617712812172,0.819617712812172,0.292720611718633,0.17563236703118,0.409808856406086,0.0585441223437266
02/01/2000,19.9134368896484,10.1744775772095,12.6508893181296,2.86987766939051,6.61828931920669,8.25821941600126,0.644258252312155,3.80698058184455,3.22129126156078,0.819965048397289,0.351413592170267,1.81563689287971,7.49682329963235,0.351413592170267,0.0585689320283778,1.11280970853918,0.644258252312155,0.585689320283778,0.468551456227022,0.702827184340533,5.21263495052562,4.50980776618509,0.937102912454044,0.995671844482422,7.78966795977424,3.39699805764591,2.34275728113511,0.292844660141889,0.0,0.292844660141889,0.0585689320283778,0.0,0.0585689320283778,0.0585689320283778,0.175706796085133,1.22994757259593,0.702827184340533,0.5271203882554,0.5271203882554,0.175706796085133,0.0,0.409982524198644,0.0
03/01/2000,26.1046733856201,11.6882648468018,16.6120648817583,4.35077889760335,8.13652157473874,9.21009039362788,0.508532598421171,4.57679338579054,4.91581511807132,0.339021732280781,0.16951086614039,1.86461952754429,10.7356881888914,0.904057952748749,0.339021732280781,1.58210141731031,1.24307968502953,2.03413039368468,1.24307968502953,1.58210141731031,6.21539842514765,5.81987307082007,0.395525354327578,0.904057952748749,9.60561574795545,5.14182960625851,2.65567023619945,0.621539842514765,0.0,0.452028976374374,0.0,0.113007244093594,0.282518110233984,0.16951086614039,0.395525354327578,1.8081159054975,1.13007244093594,0.734547086608358,0.452028976374374,0.904057952748749,0.226014488187187,1.29958330707633,0.0
04/01/2000,43.4290733337402,19.5448532104492,23.5164461793108,7.08547469298715,11.910927285625,11.544437215298,0.427571748714742,6.96331133621151,6.90222965782369,0.671898462266023,0.549735105490383,3.97030909520832,15.3925829537307,1.03838853259294,0.305408391939102,1.95461370841025,2.07677706518589,5.13086098457691,1.52704195969551,1.16055188936859,11.0557837881955,9.83415022043907,0.855143497429484,2.32110377873717,14.1098677075865,6.29141287394549,3.35949231133012,0.671898462266023,0.0,0.122163356775641,0.0610816783878203,0.183245035163461,0.610816783878203,0.183245035163461,0.366490070326922,2.93192056261537,1.09947021098077,1.46596028130769,0.977306854205125,0.305408391939102,0.305408391939102,0.671898462266023,0.0
05/01/2000,34.3083610534668,18.328556060791,24.7592005602519,7.37629762649536,10.8643143335978,14.0664280319214,1.08643143335978,11.3789397493998,6.63294980367025,0.343083610534668,0.343083610534668,3.77391971588135,11.7220233599345,0.628986619313558,0.228722407023112,2.11568226496379,0.914889628092448,2.11568226496379,1.029250831604,0.972070229848226,11.7792039616903,10.4640501213074,2.17286286671956,5.60369897206624,13.8948862266541,5.60369897206624,2.45876587549845,0.57180601755778,0.057180601755778,0.28590300877889,0.171541805267334,0.28590300877889,0.228722407023112,0.171541805267334,0.171541805267334,3.60237791061401,1.029250831604,0.85770902633667,2.05850166320801,0.057180601755778,0.228722407023112,0.800528424580892,0.0
06/01/2000,24.2199974060059,12.0853128433228,15.5536002299232,4.41928862621434,6.42805618358449,7.92028351191661,0.401753511474031,6.82980969505852,4.70625542012436,0.344360152692026,0.0,3.04184801544623,8.78118389364668,0.51654022903804,0.286966793910022,1.03308045807608,1.2626538932041,1.54962068711412,0.573933587820044,1.37744061076811,7.00198977140454,5.68194251941844,1.09047381685808,3.32881480935626,8.14985694704463,4.13232183230432,1.95137419858815,0.631326946602048,0.0,0.0573933587820044,0.114786717564009,0.172180076346013,0.401753511474031,0.229573435128018,0.172180076346013,2.00876755737015,0.573933587820044,0.688720305384053,0.573933587820044,0.229573435128018,0.286966793910022,0.918293740512071,0.0
07/01/2000,20.327751159668,9.19856834411621,12.7048444747925,3.86669179667597,5.91051460349042,6.40766069163447,0.60762299662051,3.25906880005546,4.41907633905825,0.276192271191141,0.165715362714685,1.27048444747925,8.06481431878131,0.552384542382282,0.386669179667597,1.10476908476456,0.441907633905825,1.21524599324102,0.773338359335194,0.883815267811651,6.24194532891978,5.96575305772864,0.773338359335194,1.7676305356233,6.29718378315801,3.97716870515243,1.98858435257621,0.60762299662051,0.0552384542382282,0.165715362714685,0.0,0.110476908476456,0.0552384542382282,0.110476908476456,0.110476908476456,1.49143826443216,1.04953063052634,0.662861450858738,0.497146088144054,0.331430725429369,0.220953816952913,0.441907633905825,0.0
08/01/2000,18.0472049713135,8.94172191619873,11.4458674596826,3.30066875581544,6.06897158327356,5.58984224775196,0.212946371342932,4.15245424118717,3.56685171999411,0.212946371342932,0.106473185671466,2.18270030626505,7.13370343998822,0.53236592835733,0.319419557014398,1.33091482089332,0.851785485371727,0.585602521193063,0.585602521193063,0.53236592835733,5.3236592835733,4.57834698387304,0.692075706864529,1.81004415641492,5.85602521193063,3.19419557014398,1.49062459940052,0.212946371342932,0.053236592835733,0.212946371342932,0.0,0.159709778507199,0.319419557014398,0.159709778507199,0.106473185671466,1.49062459940052,0.53236592835733,0.585602521193063,0.958258671043193,0.212946371342932,0.266182964178665,0.905022078207461,0.0
09/01/2000,18.5983905792236,8.49801063537598,10.6123381403063,3.26945770989234,3.59104371414404,3.80543438364518,0.643172008503411,2.14390669501137,3.00146937301592,0.589574341128127,0.214390669501137,0.589574341128127,8.52202911267019,0.589574341128127,0.214390669501137,1.17914868225625,0.643172008503411,1.07195334750568,0.535976673752842,1.07195334750568,5.091778400652,4.71659472902501,0.482379006377558,1.33994168438211,4.60939939427444,4.23421572264746,2.14390669501137,0.482379006377558,0.0535976673752842,0.37518367162699,0.0535976673752842,0.321586004251705,0.107195334750568,0.267988336876421,0.160793002125853,1.23274634963154,0.535976673752842,0.214390669501137,0.750367343253979,0.267988336876421,0.0535976673752842,0.589574341128127,0.0
10/01/2000,28.4682559967041,13.1921892166138,17.1126436789093,6.54928338328629,6.86618419215498,6.65491698624252,0.580984816259267,4.59506172859602,4.48942812563979,0.316900808868691,0.633801617737383,2.95774088277445,15.4753228330878,0.950702426606074,0.211267205912461,2.27112246355895,0.792252022171728,1.42605363990911,0.897885625127959,0.475351213303037,9.50702426606074,8.3450546335422,0.950702426606074,3.32745849312126,7.34153540545802,4.48942812563979,2.48238966947142,0.528168014781152,0.0528168014781152,0.211267205912461,0.0528168014781152,0.316900808868691,0.422534411824922,0.264084007390576,0.158450404434346,2.53520647094953,0.739435220693613,0.792252022171728,1.53168724286534,0.316900808868691,0.0528168014781152,1.58450404434346,0.0
11/01/2000,30.6496696472168,15.213849067688,19.1070152645355,6.49974712811179,8.12468391013974,7.78849009316844,0.616355331114049,5.99545640265484,4.09035810648414,0.896516845256798,0.672387633942599,4.87481034608384,12.1029774109668,1.0085814509139,0.16809690848565,2.29732441597055,1.51287217637085,1.62493678202795,1.120646056571,1.2327106622281,8.85310384691088,7.78849009316844,1.0085814509139,1.9050982961707,8.46087772711103,5.37910107154079,2.63351823294185,0.336193816971299,0.1120646056571,0.336193816971299,0.0560323028285499,0.28016151414275,1.0085814509139,0.16809690848565,0.28016151414275,2.40938902162765,0.672387633942599,1.17667835939955,0.784452239599699,0.728419936771149,0.28016151414275,7.17213476205439,0.0
12/01/2000,34.105167388916,17.7306423187256,23.5382602387324,12.5284288367447,9.93415821903491,13.857201592157,0.63274893114872,7.84608674624413,6.39076420460207,0.696023824263592,0.759298717378464,7.08678802886567,13.351002447238,1.20222296918257,0.379649358689232,1.5818723278718,3.98631826623694,2.08807147279078,1.07567318295282,1.20222296918257,11.389480760677,10.5036322570688,1.07567318295282,2.7208204039395,15.4390739200288,8.41556078427798,2.78409529705437,0.506199144918976,0.063274893114872,0.379649358689232,0.063274893114872,0.885848503608208,3.03719486951386,0.253099572459488,0.126549786229744,3.35356933508822,0.63274893114872,0.885848503608208,0.885848503608208,0.31637446557436,0.569474038033848,4.17614294558155,0.0
01/01/2001,28.8611888885498,14.3332891464233,19.8110264072455,9.9331051624072,6.40133443799575,11.3678870191993,1.10367835137858,6.23578268528896,6.07023093258218,0.165551752706787,0.99331051624072,4.5802651582211,10.871231761079,1.26923010408536,0.275919587844644,0.99331051624072,1.15886226894751,1.26923010408536,0.772574845965004,0.99331051624072,9.65718557456255,8.38795547047719,0.662207010827147,2.53846020817073,12.8578527935604,5.29765608661717,2.75919587844644,0.331103505413573,0.0551839175689289,0.386287422982502,0.0,0.662207010827147,0.331103505413573,0.110367835137858,0.220735670275716,2.42809237303287,1.32441402165429,0.772574845965004,0.607023093258218,0.165551752706787,0.386287422982502,0.99331051624072,0.165551752706787
02/01/2001,20.9482479095459,11.0542135238647,14.0028395117285,6.27327210125439,4.3688859276593,6.27327210125439,0.112022716093828,4.08882913742473,4.48090864375313,0.112022716093828,0.728147654609884,3.86478370523708,7.1134424719581,0.504102222422227,0.448090864375313,1.23224987703211,0.448090864375313,1.00820444484445,0.560113580469142,1.1762385189852,6.66535160758279,5.76916987883216,0.728147654609884,2.29646567992348,7.72956741047415,4.42489728570622,2.85657926039262,0.504102222422227,0.0,0.280056790234571,0.0,0.168034074140743,0.168034074140743,0.112022716093828,0.224045432187657,1.960397531642,1.00820444484445,0.448090864375313,1.00820444484445,0.168034074140743,0.336068148281485,0.280056790234571,0.0
03/01/2001,31.1492252349854,14.9994525909424,20.748728889747,11.0276619539965,7.31693210217777,9.35522033064157,1.30659501824603,7.31693210217777,4.65147826495587,0.41811040583873,0.8884846124073,6.01033708393174,11.0276619539965,1.20206741678635,0.313582804379047,1.62017782262508,1.04527601459682,0.8884846124073,1.25433121751619,1.14980361605651,10.1391773415892,9.30295652991173,1.04527601459682,2.09055202919365,12.5955759758917,4.80826966714539,2.76998143868158,0.365846605108888,0.156791402189524,0.261319003649206,0.0,0.470374206568571,0.41811040583873,0.209055202919365,0.0522638007298412,2.35187103284285,0.8884846124073,0.940748413137142,0.993012213866983,0.209055202919365,0.313582804379047,0.470374206568571,0.0
04/01/2001,27.1624355316162,13.5713109970093,17.6160261506016,8.3860723291786,4.85231858040523,7.54219083693421,1.05485186530548,6.43459637836345,5.1160315467316,0.210970373061097,1.00210927204021,4.06117968142611,9.91560753387155,0.527425932652742,0.158227779795823,1.16033705183603,0.949366678774936,0.738396305713839,1.21307964510131,1.21307964510131,8.91349826183134,7.9641315830564,0.580168525918016,1.89873335754987,9.01898344836189,4.43037783428303,2.37341669693734,0.263712966326371,0.105485186530548,0.105485186530548,0.0,0.369198152856919,0.210970373061097,0.369198152856919,0.105485186530548,2.21518891714152,0.896624085509661,0.685653712448565,0.580168525918016,0.210970373061097,0.263712966326371,0.474683339387468,0.0527425932652742
05/01/2001,22.1508979797363,11.4503555297852,14.4062074880437,6.60735832158394,5.95745422437896,6.22824759821437,0.758221446739141,6.06577157391313,4.44101133090068,0.216634699068326,1.13733217010871,4.11605928229819,7.14894506925476,0.324952048602489,0.0541586747670815,1.24564951964287,0.595745422437896,0.595745422437896,0.974856145807467,0.595745422437896,7.85300784122682,6.87815169541935,0.758221446739141,2.49129903928575,7.9071665159939,3.5203138598603,2.27466434021742,0.216634699068326,0.108317349534163,0.162476024301244,0.0,0.108317349534163,0.0541586747670815,0.0541586747670815,0.270793373835407,1.19149084487579,0.487428072903733,0.433269398136652,1.02901482057455,0.162476024301244,0.216634699068326,0.324952048602489,0.108317349534163
06/01/2001,17.062255859375,8.17753124237061,10.4540170820933,3.30411938864087,3.57494884672619,4.49576900421627,0.433327132936508,4.17077365451389,3.84577830481151,0.16249767485119,0.595824807787698,1.57081085689484,5.68741861979167,0.270829458085317,0.270829458085317,0.595824807787698,0.812488374255952,0.812488374255952,0.487493024553571,0.595824807787698,5.09159381200397,4.65826667906746,0.216663566468254,1.08331783234127,5.0374279203869,2.54579690600198,1.6249767485119,0.216663566468254,0.16249767485119,0.270829458085317,0.0,0.324995349702381,0.0541658916170635,0.16249767485119,0.324995349702381,1.13748372395833,0.270829458085317,0.324995349702381,0.433327132936508,0.16249767485119,0.324995349702381,0.270829458085317,0.0
07/01/2001,22.3187484741211,12.4322566986084,13.7735349525432,4.89101037090311,3.99151421073702,5.45319547100692,0.787059140145328,5.56563249102768,3.65420315067474,0.0562185100103806,0.843277650155709,1.96764785036332,7.42084332137024,0.674622120124567,0.449748080083045,1.18058871021799,0.787059140145328,0.95571467017647,1.23680722022837,0.562185100103806,8.82630607162975,8.0954654414948,0.899496160166089,2.36117742043598,6.40891014118339,5.00344739092387,3.03579954056055,0.337311060062284,0.0,0.449748080083045,0.0,0.112437020020761,0.393529570072664,0.0562185100103806,0.337311060062284,1.96764785036332,1.12437020020761,0.505966590093425,0.674622120124567,0.281092550051903,0.168655530031142,0.281092550051903,0.0562185100103806
08/01/2001,19.9697017669678,10.010106086731,12.7939593493108,4.61695054779478,4.3944469069372,4.72820236822357,0.556259102143949,5.06195782950994,4.45007281715159,0.278129551071975,0.890014563430319,2.50316595964777,6.67510922572739,0.667510922572739,0.0,1.1125182042879,0.834388653215924,1.1125182042879,0.834388653215924,0.945640473644713,7.17574241765694,6.17447603379784,0.890014563430319,2.2250364085758,6.73073513594179,3.67131007415006,1.94690685750382,0.556259102143949,0.0,0.22250364085758,0.0,0.33375546128637,0.33375546128637,0.22250364085758,0.389381371500764,1.61315139621745,0.723136832787134,0.834388653215924,0.500633191929554,0.389381371500764,0.445007281715159,0.33375546128637,0.11125182042879
09/01/2001,42.4329109191895,24.284200668335,30.7071752300699,19.6292702420067,8.48658218383789,11.4018203385914,0.388698420633797,9.26397902510548,7.7091853425703,0.388698420633797,1.49001061242955,11.2074711282745,17.3618627883096,1.42522754232392,0.323915350528164,1.29566140211265,1.10131219179576,1.16609526190139,3.23915350528164,0.323915350528164,15.1592384047181,12.7622648108097,4.27568262697176,3.23915350528164,15.6775029655631,7.25570385183087,5.24742867855625,0.388698420633797,0.0,0.518264560845062,0.194349210316898,0.194349210316898,0.323915350528164,0.388698420633797,0.129566140211266,23.3866883081334,1.49001061242955,1.55479368253519,0.842179911373226,0.0647830701056328,1.03652912169012,0.71261377116196,0.0
10/01/2001,29.3379573822021,16.6081237792969,20.3306897648594,9.62490882538913,5.66171107375831,8.59550681197853,1.44116281877484,6.63964298649838,6.53670278515732,0.15441030201159,1.0294020134106,5.86759147644043,11.3748922481871,0.514701006705301,0.10294020134106,2.00733392615067,0.926461812069542,0.823521610728481,2.31615453017385,0.411760805364241,10.9116613421524,10.191079932765,2.93379573822021,2.83085553687915,8.3896264092964,5.04406986571195,2.77938543620862,0.20588040268212,0.0514701006705301,0.308820604023181,0.0514701006705301,0.15441030201159,0.308820604023181,0.308820604023181,0.15441030201159,12.6101746642799,0.926461812069542,0.463230906034771,1.44116281877484,0.308820604023181,0.411760805364241,0.308820604023181,0.0
11/01/2001,26.3987121582031,14.0270929336548,16.499195098877,7.41016481633772,4.16821770918997,6.65756995217842,0.984162514669853,5.49973169962565,6.07865082590204,0.231567650510554,0.521027213648746,4.5155691849558,10.1310847098367,0.578919126276384,0.0,0.984162514669853,0.868378689414576,1.67886546620151,0.810486776786938,0.405243388393469,9.08903028253923,7.46805672896536,1.91043311671207,1.91043311671207,6.4838942142955,6.31021847641259,4.11032579656233,0.231567650510554,0.0,0.173675737882915,0.0,0.347351475765831,0.0578919126276384,0.115783825255277,0.0578919126276384,7.75751629210355,1.15783825255277,0.578919126276384,0.636811038904023,0.231567650510554,0.173675737882915,0.115783825255277,0.0
12/01/2001,24.3586273193359,12.7561893463135,15.5657569699171,7.901701057248,4.45584646085413,5.88171732832746,0.831758006026105,5.88171732832746,5.46583832531441,0.178233858434165,0.475290289157774,2.67350787651248,8.97110420785299,0.772346719881383,0.712935433736662,0.831758006026105,1.18822572289444,1.24763700903916,1.30704829518388,0.950580578315549,8.61463649098466,7.06994305122189,1.54469343976277,2.61409659036776,6.05995118676162,5.04995932230135,2.97056430723609,0.237645144578887,0.0,0.415879003013053,0.118822572289444,0.356467716868331,0.297056430723609,0.237645144578887,0.178233858434165,5.04995932230135,0.772346719881383,0.534701575302496,0.534701575302496,0.118822572289444,0.475290289157774,0.415879003013053,0.0
01/01/2002,28.6518802642822,15.955207824707,17.5818356167186,9.29410165597585,5.505423273922,6.74858336803342,0.887971495793871,5.32782897476322,5.97900807167873,0.177594299158774,0.769575296354688,3.19669738485793,11.306837046442,0.473584797756731,0.769575296354688,1.30235819383101,1.71674489186815,0.828773396074279,0.651179096915505,0.651179096915505,11.0700446475636,9.76768645373258,1.59834869242897,2.19032968962488,7.69575296354688,7.34056436522933,5.03183847616527,0.532782897476322,0.0591980997195914,0.532782897476322,0.0,1.00636769523305,0.355188598317548,0.0591980997195914,0.355188598317548,4.97264037644568,1.47995249298978,1.00636769523305,0.651179096915505,0.355188598317548,0.177594299158774,0.532782897476322,0.118396199439183
02/01/2002,24.8471698760986,13.3783111572266,13.0345809186091,5.41167868495825,3.43321550981222,2.96769476271904,0.872851400799718,3.43321550981222,4.53882728415853,0.174570280159944,0.581900933866479,2.09484336191932,8.20480316751735,0.407330653706535,0.523710840479831,1.4547523346662,1.2219919611196,1.04742168095966,0.931041494186366,0.989231587573014,7.44833195349092,6.86643101962445,0.407330653706535,1.16380186773296,4.42244709738524,9.07765456831707,5.99357961882473,0.465520747093183,0.0581900933866479,0.232760373546591,0.0,0.290950466933239,0.407330653706535,0.0,0.232760373546591,3.14226504287898,0.81466130741307,0.581900933866479,0.232760373546591,0.81466130741307,0.349140560319887,0.116380186773296,0.0581900933866479
03/01/2002,17.7727737426758,8.66906929016113,12.1438600646436,5.31619625147487,4.5865222561744,4.11744611633838,1.1466305640436,4.63864182726729,3.90896783196681,0.260597855464454,0.729673995300472,2.39750027027298,7.19250081081894,0.677554424207581,0.208478284371563,0.938152279672035,1.09451099295071,0.886032708579145,0.677554424207581,0.781793566393363,5.00347882491752,4.27380482961705,0.469076139836018,1.45934799060094,4.74288096945307,4.74288096945307,3.07505469448056,0.573315282021799,0.0,0.208478284371563,0.0,0.208478284371563,0.208478284371563,0.260597855464454,0.0,2.24114155699431,0.990271850764926,0.573315282021799,0.62543485311469,0.156358713278673,0.312717426557345,0.208478284371563,0.0
04/01/2002,20.0872344970703,9.93677234649658,12.4186036634309,5.43671588952046,4.23491553499488,4.57828706485933,0.743971648039641,4.00600118175191,4.46382988823785,0.228914353242967,0.743971648039641,2.17468635580818,8.69874542323273,0.400600118175191,0.171685764932225,0.801200236350383,1.08734317790409,0.801200236350383,0.858428824661124,0.801200236350383,5.95177318431713,5.55117306614194,0.629514471418158,0.915657412971866,4.97888718303452,4.63551565317007,3.03311518046931,0.572285883107416,0.0572285883107416,0.34337152986445,0.0,0.457828706485933,0.286142941553708,0.114457176621483,0.228914353242967,3.14757235709079,0.858428824661124,0.572285883107416,0.34337152986445,0.400600118175191,0.286142941553708,0.457828706485933,0.0572285883107416
05/01/2002,18.9164524078369,9.0826301574707,11.4466033036059,4.1917138858275,4.67537318034606,3.92301427776163,0.967318589037115,3.81553443453529,3.22439529679038,0.214959686452692,0.483659294518557,1.82715733484788,7.30862933939154,0.268699608065865,0.268699608065865,1.12853835387663,0.859838745810769,0.859838745810769,1.02105851065029,0.644879059358077,5.32025223970413,4.1917138858275,0.859838745810769,0.859838745810769,4.13797396421432,4.89033286679875,3.33187514001673,0.214959686452692,0.0,0.0537399216131731,0.0,0.322439529679038,0.0537399216131731,0.0,0.161219764839519,3.00943561033769,0.591139137744904,0.429919372905384,0.429919372905384,0.483659294518557,0.268699608065865,0.161219764839519,0.107479843226346
06/01/2002,24.7997264862061,13.3291826248169,14.8915615307242,4.8075119902338,5.80419130528227,5.0420247702452,0.527653755025661,4.51437101521954,5.45242213526516,0.820794730039917,0.820794730039917,2.57964058012545,9.38051120045619,0.527653755025661,0.234512780011405,1.75884585008554,1.75884585008554,1.17256390005702,1.05530751005132,0.820794730039917,7.85617813038206,6.85949881533359,1.11393570505417,1.52433307007413,5.45242213526516,7.50440896036495,4.63162740522524,0.410397365019958,0.0586281950028512,0.293140975014256,0.0,0.410397365019958,0.586281950028512,0.234512780011405,0.293140975014256,5.92144769528797,0.762166535037065,1.05530751005132,0.644910145031363,0.762166535037065,0.527653755025661,0.586281950028512,0.0
07/01/2002,51.590389251709,27.8847732543945,30.6523050643106,13.1273255093407,10.5018604074726,9.84549413200553,0.984549413200553,8.33585169843135,10.1080406421923,0.393819765280221,1.18145929584066,6.69493600976376,18.9033487334506,1.9034621988544,0.459456392826925,3.15055812224177,1.8378255713077,1.57527906112088,1.64091568866759,1.50964243357418,19.034621988544,17.3280696723297,2.29728196413462,3.41310463242858,11.4864098206731,15.2276975908352,10.5674970350193,0.722002903013739,0.0,0.525093020373628,0.0656366275467035,0.525093020373628,0.196909882640111,0.131273255093407,0.393819765280221,10.1080406421923,1.50964243357418,2.03473545394781,1.24709592338737,0.91891278565385,0.459456392826925,0.722002903013739,0.0656366275467035
08/01/2002,39.4827842712402,21.0018672943115,25.9495836724457,12.4820782221891,7.7520275274648,10.6426140631296,1.24820782221891,8.93454020114588,9.3287110923729,0.394170891227024,1.51098841637026,6.37242940817022,13.730286044408,1.11681752514323,0.525561188302699,1.97085445613512,1.77376901052161,0.854036930991885,1.83946415905945,0.854036930991885,13.2047248561053,11.3652606970459,1.64237871344593,3.61323316958105,10.5769189145918,9.8542722806756,7.29216148769994,0.328475742689187,0.0656951485378373,0.328475742689187,0.0,0.459866039764861,0.459866039764861,0.131390297075675,0.394170891227024,6.43812455670806,1.83946415905945,1.11681752514323,1.24820782221891,0.525561188302699,0.788341782454048,0.591256336840536,0.0
09/01/2002,31.9692535400391,17.5327911376953,22.4159414470196,10.1777115762234,6.99327421188354,10.4274713695049,0.936599224805832,8.74159276485443,8.86647266149521,0.624399483203888,1.62343865633011,5.80691519379616,11.9260301291943,0.811719328165054,0.374639689922333,2.31027808785439,1.56099870800972,1.24879896640778,1.93563839793205,1.56099870800972,11.1143108010292,9.11623245477676,2.06051829457283,3.68395695090294,8.80403271317482,6.49375462532043,2.8097976744175,0.624399483203888,0.0624399483203888,0.624399483203888,0.0,0.187319844961166,0.49951958656311,0.249759793281555,0.437079638242722,13.3621489405632,1.93563839793205,0.749279379844666,1.31123891472816,0.49951958656311,0.437079638242722,1.24879896640778,0.0
10/01/2002,31.4639930725098,16.6724548339844,19.7589581069686,8.16130878331311,5.85251748277059,7.67807339482747,0.91277795602844,7.83915185765602,7.51699493199892,0.375849746599946,1.02016359791414,4.6712754220279,11.2217995770555,1.07385641885699,0.322156925657097,1.71817027017118,1.28862770262839,1.12754923979984,1.66447744922833,0.751699493199892,10.0405575163128,8.80562263462731,1.39601334451409,2.84571950997102,6.55052415502763,6.33575287125623,3.54372618222806,0.268464104714247,0.0,0.429542567542795,0.0,0.214771283771398,0.214771283771398,0.214771283771398,0.268464104714247,10.4164072629128,1.34232052357124,0.536928209428494,1.02016359791414,0.375849746599946,0.268464104714247,1.07385641885699,0.0536928209428494
11/01/2002,23.5921955108643,13.1786508560181,15.519685239677,5.45747173263366,4.60474177440965,6.87868832967368,0.454789311052805,6.08280703533127,5.17322841322566,0.227394655526403,1.19382194151361,4.83213642993605,8.47045091835849,0.568486638816006,0.0568486638816006,2.27394655526402,2.38764388302723,0.90957862210561,1.30751926927681,0.625335302697607,9.2094835488193,7.67456962401608,1.53491392480322,3.01297918572483,6.99238565743688,6.82183966579207,3.92255780783044,0.341091983289604,0.0,0.341091983289604,0.0,0.227394655526403,0.568486638816006,0.113697327763201,0.397940647171204,6.93553699355528,0.397940647171204,0.625335302697607,1.47806526092162,0.341091983289604,0.170545991644802,1.08012461375041,0.0
12/01/2002,24.4789371490479,13.6766481399536,15.8721875578301,6.09179029508268,5.19758254534578,6.03590231072413,1.00598371845402,7.09777401353671,5.14169456098722,0.391215890509897,1.06187170281258,3.29739107715485,8.88618951301052,0.502991859227011,0.16766395307567,1.50897557768103,1.73252751511526,1.11775968717113,1.95607945254949,0.447103874868454,10.2275011376159,8.77441354429341,1.73252751511526,2.29140735870083,5.08580657662866,6.09179029508268,3.91215890509897,0.223551937434227,0.0558879843585567,0.447103874868454,0.223551937434227,0.33532790615134,0.558879843585567,0.111775968717113,0.279439921792784,8.10375773199073,1.00598371845402,0.838319765378351,0.782431781019794,0.558879843585567,0.391215890509897,0.838319765378351,0.0
01/01/2003,26.3391876220703,14.5216474533081,19.5206922877557,7.09343466231121,7.5333375871057,8.08321624309882,0.549878655993117,7.09343466231121,6.37859240952016,0.494890790393805,1.31970877438348,4.50900497914356,12.1523182974479,0.274939327996559,0.164963596797935,3.18929620476008,1.81459956477729,0.824817983989676,1.81459956477729,0.824817983989676,13.1420998782355,11.9323668350506,2.85936901116421,3.46423553275664,5.55377442553048,4.94890790393805,3.24428407035939,0.714842252791052,0.0,0.604866521592429,0.0549878655993117,0.164963596797935,0.274939327996559,0.109975731198623,0.274939327996559,12.4272576254444,1.53966023678073,0.714842252791052,1.92457529597591,0.604866521592429,0.274939327996559,0.714842252791052,0.0549878655993117
02/01/2003,22.7292766571045,12.1302299499512,15.2134625091553,5.03074656677246,6.30358605957031,4.30340971374512,0.787948257446289,3.69729566955566,4.66707814025879,0.606114044189453,0.848559661865234,2.0001763458252,9.6372133026123,0.242445617675781,0.363668426513672,1.3334508972168,1.03039387512207,0.484891235351562,1.63650791931152,0.363668426513672,8.24315100097656,7.03092291259766,1.3334508972168,1.3334508972168,4.24279830932617,4.84891235351563,2.5456789855957,0.363668426513672,0.121222808837891,0.545502639770508,0.0606114044189453,0.121222808837891,0.121222808837891,0.181834213256836,0.424279830932617,11.8192238616943,1.09100527954102,0.787948257446289,0.666725448608398,0.181834213256836,0.181834213256836,0.242445617675781,0.0
03/01/2003,30.0339851379395,15.6887197494507,20.1480222302814,6.7160074100938,7.6831124771473,7.4682002400243,0.644736711369004,7.62938441786655,7.4682002400243,0.214912237123001,0.913377007772756,5.37280592807504,15.4736810728561,0.537280592807504,0.214912237123001,1.45065760058026,1.39692954129951,0.859648948492006,1.93421013410701,0.967105067053507,9.24122619628906,7.6831124771473,1.61184177842251,1.28947342273801,6.44736711369004,5.85635846160179,3.76096414965252,0.376096414965253,0.0,0.698464770649755,0.0,0.0537280592807504,0.429824474246003,0.161184177842251,0.0537280592807504,19.4495574596316,1.39692954129951,0.537280592807504,0.752192829930505,0.161184177842251,0.483552533526753,0.322368355684502,0.0
04/01/2003,25.4525184631348,13.7178039550781,16.6998591604112,6.38997826395155,5.15494044822983,5.15494044822983,0.751762148700183,6.71216204196592,5.36972963357274,0.268486481678637,1.23503781572173,3.81250803983664,10.632064674474,0.536972963357274,0.268486481678637,1.82570807541473,2.09419455709337,0.966551334043092,0.912854037707365,0.644367556028728,9.34332956241656,8.21568633936628,1.28873511205746,2.09419455709337,4.29578370685819,5.58451881891564,3.11444318747219,0.590670259693001,0.0,0.644367556028728,0.0,0.161091889007182,0.483275667021546,0.214789185342909,0.268486481678637,13.6928105656105,1.02024863037882,0.429578370685819,0.912854037707365,0.214789185342909,0.107394592671455,0.751762148700183,0.0
05/01/2003,20.7054271697998,11.1711225509644,13.7680417778566,5.01626328340511,5.33645030149479,6.72392737988344,0.426916024119584,5.122992289435,4.85616977436026,0.373551521104636,1.2273835693438,3.04177667185203,7.36430141606282,0.640374036179375,0.747103042209271,1.3341125753737,1.28074807235875,0.640374036179375,0.320187018089688,0.480280527134532,8.05803995525714,7.25757241003292,1.17401906632885,1.54757058743349,7.20420790701797,4.69607626531542,2.6682251507474,0.53364503014948,0.0,0.0,0.106729006029896,0.160093509044844,0.480280527134532,0.0,0.0533645030149479,6.13691784671901,0.800467545224219,0.480280527134532,0.640374036179375,0.320187018089688,0.0533645030149479,0.26682251507474,0.160093509044844
06/01/2003,20.1059818267822,11.4039497375488,13.4747213298224,4.45620705395701,4.40315696998133,7.79836234442477,0.530500839756787,5.51720873347058,5.94160940527601,0.0,0.795751259635181,1.85675293914875,6.68431058093552,0.583550923732466,0.159150251927036,2.33420369492986,1.22015193144061,0.795751259635181,0.477450755781108,0.954901511562216,8.01056268032748,7.37396167261934,0.583550923732466,1.59150251927036,6.89651091683823,5.14585814564083,2.86470453468665,0.371350587829751,0.0530500839756787,0.42440067180543,0.0,0.371350587829751,0.318300503854072,0.159150251927036,0.159150251927036,4.45620705395701,2.12200335902715,0.636601007708144,1.32625209939197,0.583550923732466,0.106100167951357,0.318300503854072,0.0
07/01/2003,20.6857967376709,10.9824924468994,13.194183865109,3.68989887753048,3.5221762012791,5.98210878629942,0.447260470003695,5.03168028754157,4.91986517004065,0.279537793752309,0.279537793752309,1.34178141001109,7.65933554881328,0.279537793752309,0.111815117500924,1.50950408626247,1.45359652751201,1.1740587337597,1.22996629251016,0.559075587504619,8.10659601881697,7.43570531381143,1.00633605750831,1.34178141001109,4.02534423003326,5.14349540504249,2.96310061377448,0.559075587504619,0.0,0.838613381256928,0.0,0.223630235001848,0.167722676251386,0.111815117500924,0.111815117500924,4.13715934753418,1.06224361625878,0.614983146255081,0.950428498757852,0.279537793752309,0.223630235001848,0.335445352502771,0.0
08/01/2003,17.6541023254395,9.49604225158691,12.1473181138345,3.50922523288552,3.8331537159211,6.20862925818207,0.53988080505931,3.9951179574389,6.47856966071173,0.215952322023724,0.755833127083035,2.05154705922538,6.31660541919393,0.485892724553379,0.053988080505931,1.45767817366014,0.971785449106759,0.377916563541517,0.593868885565242,0.431904644047448,6.64053390222952,5.77672461413462,0.863809288094897,1.51166625416607,4.696963004016,3.07732058883807,1.67363049568386,0.161964241517793,0.0,0.647856966071173,0.0,0.269940402529655,0.107976161011862,0.161964241517793,0.107976161011862,2.96934442782621,1.24172585163641,0.431904644047448,0.809821207588966,0.269940402529655,0.107976161011862,0.377916563541517,0.053988080505931
09/01/2003,15.3803014755249,7.74208402633667,10.0399190187454,3.25763329863548,2.88380652666092,4.59272891283035,0.320422947406769,3.95188301801681,3.25763329863548,0.373826771974564,0.213615298271179,1.33509561419487,5.50059393048286,0.427230596542358,0.480634421110153,0.961268842220306,0.907865017652512,0.640845894813538,0.320422947406769,0.640845894813538,5.39378628134727,5.01995950937271,0.587442070245743,0.854461193084717,2.40317210555077,4.21890214085579,2.29636445641518,0.640845894813538,0.0,0.587442070245743,0.0,0.267019122838974,0.320422947406769,0.0,0.213615298271179,2.93721035122871,0.534038245677948,0.747653543949127,0.480634421110153,0.267019122838974,0.160211473703384,0.427230596542358,0.0
10/01/2003,14.848484992981,7.4563889503479,9.31404967741533,2.92470158952655,3.37465568022294,3.64462813464078,0.314967863487475,3.32966027115331,3.46464649836222,0.179981636278557,0.494949499766032,1.57483931743737,5.89439858812274,0.58494031790531,0.314967863487475,1.12488522674098,0.989898999532064,0.899908181392785,0.224977045348196,0.539944908835671,5.48943990649599,4.90449958859068,0.58494031790531,0.944903590462424,2.5197429078998,3.91460058905862,1.97979799906413,0.404958681626753,0.0899908181392785,0.449954090696393,0.0,0.134986227208918,0.269972454417836,0.179981636278557,0.0899908181392785,2.2947658625516,0.764921954183867,0.269972454417836,0.764921954183867,0.404958681626753,0.269972454417836,0.314967863487475,0.0
11/01/2003,12.0792722702026,6.70031356811523,6.90244129725865,1.91734480479407,1.96527842491392,2.54048186635214,0.143800860359555,2.73221634683155,2.63634910659185,0.143800860359555,0.383468960958814,0.766937921917628,5.08096373270428,0.28760172071911,0.239668100599259,1.10247326275659,0.814871542037479,0.479336201198517,0.239668100599259,0.527269821318369,4.98509649246458,4.69749477174547,0.575203441438221,0.862805162157331,1.58180946395511,3.54708788886903,2.10907928527348,0.383468960958814,0.0479336201198517,0.191734480479407,0.0,0.0479336201198517,0.0958672402397035,0.0479336201198517,0.0,2.06114566515362,0.766937921917628,0.479336201198517,0.431402581078666,0.383468960958814,0.0958672402397035,0.431402581078666,0.0
12/01/2003,15.0022554397583,7.76445817947388,9.64809360436753,3.18069019924204,3.60478222580765,4.08188575569395,0.265057516603504,3.18069019924204,2.86262117931784,0.371080523244905,0.265057516603504,1.80239111290382,5.61921935199427,0.212046013282803,0.159034509962102,0.74216104648981,0.74216104648981,0.583126536527708,0.212046013282803,0.530115033207007,4.98308131214587,4.50597778225956,0.848184053131211,0.848184053131211,3.33972470920414,3.81682823909045,1.96142562286593,0.212046013282803,0.0,0.424092026565606,0.0,0.106023006641401,0.159034509962102,0.106023006641401,0.0530115033207007,2.70358666935574,0.795172549810511,0.265057516603504,0.371080523244905,0.159034509962102,0.106023006641401,0.424092026565606,0.318069019924204
01/01/2004,16.8634471893311,9.50518226623535,11.7356905204749,4.4405315482878,5.55066443535975,6.7665242640576,0.6343616497554,4.49339501910075,3.8061698985324,0.37004429569065,0.37004429569065,1.6916310660144,6.8722512056835,0.15859041243885,0.58149817894245,0.9515424746331,0.6343616497554,0.26431735406475,0.4229077665036,0.8458155330072,6.8722512056835,6.1321626143022,0.7400885913813,1.42731371194965,5.23348361048205,3.54185254446765,1.6916310660144,0.15859041243885,0.15859041243885,0.3171808248777,0.2114538832518,0.1057269416259,0.3171808248777,0.15859041243885,0.1057269416259,4.38766807747485,0.79295206219425,0.6343616497554,0.6343616497554,0.3171808248777,0.2114538832518,1.057269416259,0.15859041243885
02/01/2004,12.7305974960327,7.61078929901123,8.05405147708192,2.75396598893769,3.1176973459672,3.94908330489178,0.415692979462293,2.59808112163933,2.65004274407212,0.363731357029506,0.103923244865573,0.779424336491799,4.10496817219014,0.519616224327866,0.363731357029506,0.935309203790159,0.623539469193439,0.779424336491799,0.363731357029506,0.467654601895079,4.36477628435407,3.74123681516063,0.935309203790159,0.987270826222945,4.00104492732457,3.27358221326555,2.23434976460982,0.207846489731146,0.0519616224327866,0.103923244865573,0.0,0.259808112163933,0.0519616224327866,0.103923244865573,0.207846489731146,2.07846489731146,0.779424336491799,0.363731357029506,0.467654601895079,0.207846489731146,0.15588486729836,0.415692979462293,0.0
03/01/2004,15.0430717468262,7.60483503341675,10.1577011795289,2.32176026960661,3.62775042126033,4.54678052797961,0.338590039317631,4.25656049427879,3.82123044372755,0.193480022467218,0.193480022467218,1.25762014603691,6.23973072456777,0.145110016850413,0.0967400112336088,1.1125101291865,1.25762014603691,0.870660101102479,0.532070061784849,0.43533005055124,4.88537056729724,4.20819048866198,0.386960044934435,0.967400112336088,3.09568035947548,3.43427039879311,2.37013027522342,0.290220033700826,0.0,0.241850028084022,0.0483700056168044,0.145110016850413,0.290220033700826,0.0483700056168044,0.290220033700826,3.72449043249394,0.628810073018457,0.241850028084022,0.338590039317631,0.290220033700826,0.193480022467218,0.580440067401653,0.0
04/01/2004,16.6458606719971,8.18852519989014,11.9561599873168,3.34978620334306,5.20505240827153,6.49343171724963,0.618422068309489,4.58663033996204,5.5657986147854,0.0515351723591241,0.154605517077372,1.44298482605547,7.78181102622773,0.0515351723591241,0.154605517077372,1.03070344718248,0.927633102464233,0.566886895950365,0.773027585386861,0.360746206513868,5.77193930422189,5.15351723591241,0.412281378872992,1.13377379190073,5.20505240827153,5.05044689119416,3.34978620334306,0.309211034154744,0.0,0.360746206513868,0.0,0.103070344718248,0.206140689436496,0.360746206513868,0.154605517077372,2.83443447975182,1.59759034313285,0.103070344718248,0.618422068309489,0.0515351723591241,0.25767586179562,0.463816551232117,0.0515351723591241
05/01/2004,16.6206207275391,7.96516990661621,11.6553409504441,2.87463566042342,5.22661029167895,7.57858492293448,0.679459337918264,3.60636110125848,4.80848146834463,0.209064411667158,0.209064411667158,1.67251529333726,8.20577815793595,0.313596617500737,0.365862720417526,1.09758816125258,1.20212036708616,0.574927132084684,0.731725440835053,0.313596617500737,4.86074757126142,4.18128823334316,0.365862720417526,0.940789852502211,6.01060183543079,4.12902213042637,2.14291021958837,0.261330514583948,0.0,0.261330514583948,0.0,0.156798308750369,0.209064411667158,0.0522661029167895,0.261330514583948,2.61330514583948,1.04532205833579,0.365862720417526,0.731725440835053,0.261330514583948,0.0,0.679459337918264,0.0
06/01/2004,14.7781629562378,7.07297706604004,11.2794459312628,3.39427771079667,4.69976913802615,6.26635885070154,0.835514513426872,3.75981531042092,4.38645119549108,0.156658971267538,0.469976913802615,1.87990765521046,7.36297164957431,0.261098285445897,0.0522196570891795,0.939953827605231,0.522196570891795,0.522196570891795,0.522196570891795,0.522196570891795,4.49089050966943,4.17757256713436,0.626635885070154,0.574416227980974,5.48306399436385,3.49871702497503,1.61880936976456,0.313317942535077,0.0,0.365537599624256,0.0,0.156658971267538,0.208878628356718,0.208878628356718,0.156658971267538,2.81986148281569,0.626635885070154,0.365537599624256,0.417757256713436,0.156658971267538,0.156658971267538,0.313317942535077,0.0
07/01/2004,17.4897956848145,8.48228359222412,12.0485259162055,3.38691281515454,5.49679292951311,6.38516350397988,0.444185287233383,3.60900545877124,5.21917712499225,0.277615804520864,0.111046321808346,1.16598637898763,7.27353407844665,0.555231609041729,0.0555231609041729,0.721801091754247,1.55464850531684,0.943893735370939,0.333138965425037,0.555231609041729,6.10754769945902,5.82993189493815,0.555231609041729,0.555231609041729,5.55231609041729,4.44185287233383,2.88720436701699,0.166569482712519,0.0,0.333138965425037,0.0,0.111046321808346,0.222092643616691,0.0555231609041729,0.166569482712519,3.60900545877124,0.888370574466766,0.277615804520864,0.222092643616691,0.166569482712519,0.166569482712519,1.11046321808346,0.0
08/01/2004,15.6857395172119,7.98639488220215,10.6807502633647,3.71504356986598,3.81823922458448,4.79859794441022,0.567576100951747,4.23102184345848,4.07622836138073,0.206391309436999,0.464380446233247,2.21870657644774,8.56523934163545,0.206391309436999,0.0515978273592497,1.03195654718499,1.23834785662199,0.464380446233247,0.722369583029496,0.515978273592497,4.79859794441022,4.17942401609923,0.515978273592497,1.13515220190349,3.86983705194373,4.23102184345848,2.94107615947723,0.206391309436999,0.0515978273592497,0.257989136796249,0.0,0.206391309436999,0.464380446233247,0.206391309436999,0.257989136796249,4.43741315289548,0.670771755670246,0.361184791514748,0.567576100951747,0.206391309436999,0.361184791514748,1.34154351134049,0.0
09/01/2004,14.3007173538208,7.44645547866821,9.80620618547712,2.553699527468,3.16658741406032,4.64773313999176,0.5107399054936,3.26873539515904,4.18806722504752,0.05107399054936,0.20429596219744,1.48114572593144,7.55895060130528,0.20429596219744,0.05107399054936,0.91933182988848,0.56181389604296,0.2553699527468,0.5107399054936,0.15322197164808,4.90310309273856,4.49451116834368,0.20429596219744,1.37899774483272,3.3198093857084,3.88162328175136,2.2983295747212,0.10214798109872,0.0,0.2553699527468,0.05107399054936,0.0,0.10214798109872,0.20429596219744,0.2553699527468,2.8090694802148,1.32792375428336,0.10214798109872,0.61288788659232,0.15322197164808,0.05107399054936,1.0214798109872,0.0
10/01/2004,15.5166730880737,8.01056098937988,9.97856790229822,3.14324888922394,3.89164148189631,3.84174864238481,0.598714074137893,4.04132000043078,3.74196296336183,0.249464197557455,0.249464197557455,1.34710666681026,9.23017530962585,0.299357037068947,0.0498928395114911,1.94582074094815,1.29721382729877,0.798285432183858,0.498928395114911,0.798285432183858,5.83746222284446,5.23874814870657,0.848178271695349,1.99571358045964,3.69207012385034,3.89164148189631,2.34496345704008,0.399142716091929,0.0,0.399142716091929,0.0,0.299357037068947,0.249464197557455,0.0997856790229822,0.249464197557455,3.19314172873543,0.798285432183858,0.299357037068947,1.1475353087643,0.349249876580438,0.249464197557455,2.09549925948263,0.0498928395114911
11/01/2004,13.928879737854,7.22301959991455,9.89683560321206,3.14185257244827,3.92731571556034,4.81750727775402,0.314185257244827,3.24658099152988,3.92731571556034,1.2043768194385,0.209456838163218,1.25674102897931,7.59281038341666,0.261821047704023,0.366549466785632,1.62329049576494,1.25674102897931,0.57600630494885,0.471277885867241,0.733098933571263,5.70769883994769,4.86987148729482,1.04728419081609,2.3040252197954,4.29386518234597,4.39859360142758,2.3040252197954,0.314185257244827,0.0523642095408045,0.366549466785632,0.0523642095408045,0.157092628622414,0.471277885867241,0.157092628622414,0.209456838163218,2.61821047704023,0.680734724030459,0.523642095408045,0.942555771734481,0.314185257244827,0.0523642095408045,1.57092628622414,0.0
12/01/2004,17.0077419281006,8.93865013122559,11.9054193496704,3.45308699752345,4.02001172846014,4.43232062368682,0.309231671420011,4.6900136832035,4.89616813081684,0.773079178550027,0.309231671420011,2.21616031184341,7.57617594979026,0.360770283323346,0.670001954743356,1.80385141661673,1.39154252139005,0.566924730936686,0.20615444761334,0.670001954743356,6.7515581593369,6.18463342840021,0.876156402356697,3.24693254991011,3.8138572808468,4.38078201178348,2.73154643087676,0.257693059516676,0.10307722380667,0.20615444761334,0.0515386119033351,0.154615835710005,0.360770283323346,0.257693059516676,0.20615444761334,2.42231475945675,1.70077419281006,0.618463342840021,1.0307722380667,0.566924730936686,0.154615835710005,0.566924730936686,0.10307722380667
01/01/2005,17.3482189178467,8.88086700439453,12.9589105169457,3.7622643436294,6.16593322983707,5.95691854407988,0.731551400150161,4.91184511529394,4.70283042953675,0.679297728710864,0.261268357196486,1.56761014317892,8.36058743028756,0.418029371514378,0.365775700075081,1.61986381461821,1.30634178598243,0.94056608590735,1.04507342878594,0.836058743028756,4.70283042953675,6.16593322983707,1.04507342878594,3.03071294347924,4.70283042953675,4.54606941521886,2.76944458628275,0.470283042953675,0.0,0.627044057271567,0.0522536714392972,0.261268357196486,0.627044057271567,0.156761014317892,0.261268357196486,2.92620560060064,1.30634178598243,0.156761014317892,0.783805071589458,0.470283042953675,0.156761014317892,1.25408811454313,0.0
02/01/2005,13.9906091690063,7.93506765365601,8.73721837432017,2.82024137398942,3.81562068245628,3.37322987869323,0.387091953292666,3.42852872916361,2.82024137398942,0.221195401881523,0.110597700940762,0.66358620564457,5.25339079468618,0.331793102822285,0.276494252351904,1.21657471034838,0.774183906585332,0.718885056114951,0.497689654233427,0.165896551411142,6.52526435550494,5.80637929938999,0.995379308466855,3.64972413104513,2.82024137398942,3.09673562634133,1.71426436458181,0.110597700940762,0.0,0.165896551411142,0.0552988504703808,0.0,0.165896551411142,0.110597700940762,0.0552988504703808,1.93545976646333,0.552988504703808,0.110597700940762,0.552988504703808,0.331793102822285,0.165896551411142,0.276494252351904,0.0
03/01/2005,14.5698566436768,8.00535869598389,9.23238440787438,2.74086412108771,4.80853354576791,4.32768019119112,0.432768019119112,3.31788814657986,3.60640015932593,0.384682683661433,0.288512012746074,1.00979204461126,6.97237364136347,0.384682683661433,0.192341341830716,0.913621373695902,0.673194696407507,0.52893869003447,0.336597348203753,0.192341341830716,5.19321622942934,4.32768019119112,0.288512012746074,2.35618143742627,3.894912172072,4.42385086210647,2.64469345017235,0.144256006373037,0.0480853354576791,0.240426677288395,0.0,0.144256006373037,0.240426677288395,0.0961706709153581,0.288512012746074,1.58681607010341,1.00979204461126,0.144256006373037,0.817450702780544,0.0480853354576791,0.0,0.336597348203753,0.0
04/01/2005,18.8654193878174,9.30486106872559,13.1904558321325,3.47655425032949,7.10648589405587,6.2373473314735,0.869138562582373,4.2945670151129,5.87946674688076,0.869138562582373,0.511257977989631,2.45403829435023,9.81615317740092,0.562383775788594,0.357880584592742,1.32927074277304,0.869138562582373,0.715761169185483,0.81801276478341,0.869138562582373,6.49297632046831,5.57271196008698,0.562383775788594,2.76079308114401,6.2373473314735,5.41933456669009,3.16979946353571,0.409006382391705,0.0,0.255628988994816,0.0,0.153377393396889,0.204503191195852,0.306754786793779,0.204503191195852,2.04503191195852,1.27814494497408,0.306754786793779,0.766886966984446,0.306754786793779,0.153377393396889,0.460132180190668,0.0
05/01/2005,16.5387020111084,7.88867425918579,12.2376154199842,3.22581494334312,5.4787650625034,6.40042647488715,0.512034117990972,3.84025588493229,5.37635823890521,0.563237529790069,0.460830706191875,1.68971258937021,7.98773224065916,0.512034117990972,0.256017058995486,1.12647505958014,0.870458000584653,0.460830706191875,0.409627294392778,0.153610235397292,4.35229000292326,3.84025588493229,0.307220470794583,1.53610235397292,5.5299684743025,4.45469682652146,3.07220470794583,0.153610235397292,0.0,0.512034117990972,0.0,0.256017058995486,0.204813647196389,0.153610235397292,0.0512034117990972,1.68971258937021,0.819254588785555,0.204813647196389,0.614440941589167,0.0512034117990972,0.102406823598194,0.153610235397292,0.0512034117990972
06/01/2005,16.7238483428955,8.01283359527588,11.8634799182415,3.4492937207222,4.54679626822472,5.95787097215652,1.04524052143097,3.03119751214981,6.8985874414444,0.67940633893013,0.365834182500839,1.04524052143097,7.05537351965904,0.156786078214645,0.313572156429291,0.836192417144775,1.35881267786026,0.574882286787033,0.365834182500839,0.67940633893013,5.38298868536949,4.80810639858246,0.574882286787033,1.620122808218,4.70358234643936,4.54679626822472,2.71762535572052,0.209048104286194,0.0,0.261310130357742,0.0522620260715485,0.0522620260715485,0.418096208572388,0.0522620260715485,0.0,1.8291709125042,0.836192417144775,0.627144312858582,0.470358234643936,0.104524052143097,0.0522620260715485,0.209048104286194,0.104524052143097
07/01/2005,13.6226491928101,6.77636814117432,9.17636785904567,2.45964499314626,3.97327268123627,4.54088306427002,0.851415574550629,2.27044153213501,4.91928998629252,0.331106056769689,0.236504326264064,1.22982249657313,7.37893497943878,0.283805191516876,0.378406922022502,0.993318170309067,0.709512978792191,0.614911248286565,0.425707787275314,0.378406922022502,4.25707787275314,3.87867095073064,0.236504326264064,0.851415574550629,4.63548479477565,3.12185710668564,1.98663634061813,0.331106056769689,0.0,0.0946017305056254,0.0473008652528127,0.141902595758438,0.331106056769689,0.0473008652528127,0.0,2.27044153213501,0.236504326264064,0.331106056769689,0.378406922022502,0.331106056769689,0.0,0.283805191516876,0.0
08/01/2005,17.1832847595215,7.62266492843628,12.5021241273595,3.88193808520751,4.85242260650939,5.93708177737619,0.456698598259707,3.93902540998997,7.021740948243,0.570873247824634,0.34252394869478,2.68310426477578,8.96270999084675,0.399611273477244,0.228349299129854,1.0846591708668,1.19883382043173,0.513785923042171,0.799222546954488,0.399611273477244,5.08077190563924,4.28154935868475,0.34252394869478,1.02757184608434,5.48038317911649,4.45281133303215,2.16931834173361,0.285436623912317,0.0570873247824634,0.228349299129854,0.0,0.114174649564927,0.34252394869478,0.114174649564927,0.114174649564927,1.99805636738622,1.25592114521419,0.399611273477244,0.399611273477244,0.228349299129854,0.285436623912317,0.0570873247824634,0.114174649564927
09/01/2005,15.0906391143799,5.88474559783936,10.9227483113607,3.16184819539388,5.26974699232313,4.69486550225152,0.718601862589518,3.20975498623318,4.79067908393012,0.287440745035807,0.287440745035807,2.25161916944716,8.38368839687771,0.287440745035807,0.191627163357205,0.670695071750217,0.622788280910916,0.574881490071615,1.10185618930393,0.335347535875109,3.30556856791178,2.97022103203667,0.431161117553711,0.526974699232313,5.65300131903754,2.97022103203667,1.77255126105414,0.191627163357205,0.0479067908393012,0.191627163357205,0.0,0.287440745035807,0.143720372517904,0.0958135816786024,0.0479067908393012,1.58092409769694,0.718601862589518,0.287440745035807,0.38325432671441,0.0479067908393012,0.143720372517904,0.0958135816786024,0.0
10/01/2005,15.2107810974121,6.9824275970459,11.1697079103384,4.17728913719974,5.76647522200399,6.03890712225615,0.681079750630393,3.22377748631719,5.40323268833445,0.499458483795621,0.272431900252157,2.36107646885203,8.80863144148642,0.590269117213007,0.272431900252157,1.18053823442601,1.13513291771732,0.363242533669543,0.908106334173857,0.408647850378236,3.99566787036497,3.58702001998674,0.454053167086929,1.13513291771732,5.40323268833445,4.4497210374519,2.13404988530856,0.227026583543464,0.0,0.181621266834771,0.0,0.227026583543464,0.817295700756472,0.136215950126079,0.0454053167086929,1.63459140151294,0.6356744339217,0.544863800504314,0.771890384047779,0.136215950126079,0.0454053167086929,0.31783721696085,0.0
11/01/2005,13.5147285461426,6.32398366928101,9.16516073818864,2.33012561140389,4.24600666966932,4.97093463766164,0.569586260565396,2.3819061805462,4.55669008452317,0.207122276569235,0.103561138284617,1.91588105826542,6.21366829707705,0.310683414853852,0.103561138284617,0.621366829707705,0.569586260565396,0.310683414853852,0.466025122280779,0.41424455313847,3.00327301025391,2.69258959540005,0.41424455313847,0.569586260565396,3.77998154738854,3.36573699425007,2.07122276569235,0.103561138284617,0.0,0.310683414853852,0.0,0.103561138284617,0.155341707426926,0.0517805691423087,0.155341707426926,1.60519764341157,1.08739195198848,0.0,0.362463983996161,0.103561138284617,0.207122276569235,0.155341707426926,0.0
12/01/2005,14.1580362319946,6.27544927597046,10.1288717707155,3.46955828610145,5.37221928170547,4.92453434156335,0.671527410213184,3.13379458099486,4.75665248901005,0.335763705106592,0.279803087588827,1.62285790801519,7.05103780723843,0.167881852553296,0.111921235035531,1.17517296787307,0.783448645248715,0.83940926276648,0.783448645248715,0.783448645248715,4.30896754886793,3.69340075617251,0.447684940142123,0.895369880284245,5.14837681163441,2.79803087588827,1.39901543794413,0.335763705106592,0.0559606175177653,0.167881852553296,0.0,0.279803087588827,0.447684940142123,0.279803087588827,0.0559606175177653,1.56689729049743,0.503645557659888,0.167881852553296,0.727488027730949,0.391724322624357,0.111921235035531,0.335763705106592,0.0
01/01/2006,17.6113319396973,8.57280445098877,12.3279323577881,4.65848135179089,5.73788556744975,6.13556080479776,0.397675237348003,3.46545563974688,5.90831781202747,0.397675237348003,0.397675237348003,2.04518693493259,8.8624767180412,0.397675237348003,0.170432244577715,1.19302571204401,0.965782719273721,0.62491823011829,0.681728978310862,0.795350474696006,5.16977808552404,4.48804910721317,0.568107481925718,1.30664720842915,6.30599304937547,3.6358878843246,2.15880843131773,0.340864489155431,0.0,0.284053740962859,0.0,0.170432244577715,0.227242992770287,0.0568107481925718,0.0,2.44286217228059,0.738539726503434,0.397675237348003,0.454485985540575,0.170432244577715,0.284053740962859,0.454485985540575,0.0
02/01/2006,12.6428718566895,5.81045866012573,7.28229418945312,1.61828759765625,4.1974334564209,3.89400453186035,0.252857437133789,2.02285949707031,3.08486073303223,0.354000411987305,0.0505714874267578,0.809143798828125,6.27086444091797,0.404571899414063,0.303428924560547,0.505714874267578,0.505714874267578,0.354000411987305,0.505714874267578,0.354000411987305,3.69171858215332,3.28714668273926,0.151714462280273,0.556286361694336,3.74229006958008,2.8825747833252,1.36543016052246,0.101142974853516,0.0,0.252857437133789,0.0,0.0505714874267578,0.101142974853516,0.101142974853516,0.0,1.3148586730957,0.606857849121094,0.151714462280273,0.354000411987305,0.0505714874267578,0.0505714874267578,0.151714462280273,0.0
03/01/2006,13.7249050140381,6.43884563446045,9.2584952467579,2.4658303923526,4.00115874985517,4.32683446205268,0.511776119167522,2.65193079932261,4.51293486902269,0.418725915682518,0.139575305227506,0.977027136592542,5.25733649690272,0.279150610455012,0.093050203485004,0.977027136592542,0.790926729622534,0.744401627880032,0.883976933107538,0.279150610455012,4.00115874985517,3.30328222371764,0.23262550871251,1.11660244182005,3.86158344462766,3.34980732546014,1.76795386621508,0.186100406970008,0.0,0.046525101742502,0.0,0.046525101742502,0.279150610455012,0.0,0.093050203485004,1.62837856098757,0.279150610455012,0.511776119167522,0.651351424395028,0.279150610455012,0.046525101742502,0.418725915682518,0.046525101742502
04/01/2006,14.3593883514404,6.284583568573,10.1732615778002,3.01790534843833,5.64640355514268,5.45169998427569,0.389407141733978,2.5798223139876,4.429506237224,0.243379463583736,0.243379463583736,1.50895267421916,7.39873569294558,0.194703570866989,0.194703570866989,0.973517854334944,1.02219374705169,0.389407141733978,0.973517854334944,0.389407141733978,3.99142320277327,3.60201606103929,0.243379463583736,0.681462498034461,4.67288570080773,2.72584999213784,1.7523321378029,0.0,0.0486758927167472,0.0973517854334944,0.0,0.194703570866989,0.194703570866989,0.0973517854334944,0.146027678150242,1.41160088878567,0.486758927167472,0.146027678150242,0.486758927167472,0.146027678150242,0.146027678150242,0.146027678150242,0.0
05/01/2006,17.6126708984375,7.68950748443604,13.3413345428284,5.11505711721089,8.38447506841785,7.69895194961639,0.580058023601235,3.79674342720808,5.06232456961078,0.369127833200786,0.369127833200786,2.21476699920472,9.80825385362088,0.316395285600674,0.263662738000561,0.632790571201347,0.738255666401572,0.632790571201347,0.421860380800898,0.316395285600674,4.27133635560909,3.79674342720808,0.527325476001123,0.68552311880146,6.8552311880146,3.48034814160741,2.00383680880427,0.369127833200786,0.0,0.105465095200225,0.0527325476001123,0.316395285600674,0.158197642800337,0.158197642800337,0.0,1.79290661840382,0.896453309201909,0.421860380800898,0.263662738000561,0.158197642800337,0.263662738000561,0.263662738000561,0.0527325476001123
06/01/2006,17.3766307830811,7.12514925003052,13.8443320665203,6.43789927373167,9.17258215106902,9.57139007068071,0.455780479556224,2.39284751767018,4.89964015522941,0.626698159389809,0.113945119889056,1.36734143866867,10.141115670126,0.740643279278865,0.170917679833584,0.740643279278865,0.512753039500752,0.683670719334337,0.569725599445281,0.455780479556224,4.2729419958396,3.70321639639432,0.227890239778112,0.797615839223393,9.22955471101354,2.50679263755923,1.25339631877962,0.170917679833584,0.0,0.113945119889056,0.0,0.0,0.227890239778112,0.0,0.113945119889056,1.76614935828037,0.626698159389809,0.28486279972264,0.512753039500752,0.056972559944528,0.113945119889056,0.512753039500752,0.0
07/01/2006,18.6120643615723,8.46631145477295,13.8293976680413,4.89791167409796,7.83665867855674,8.4705060716753,0.63384739311856,3.1692369655928,5.99273898948457,0.230489961134022,0.172867470850516,2.01678715992269,10.02631330933,0.518602412551549,0.0576224902835055,1.26769478623712,0.460979922268044,0.345734941701033,0.691469883402066,0.576224902835055,4.84028918381446,4.37930926154642,0.403357431984538,1.21007229595361,8.06714863969077,3.11161447530929,2.01678715992269,0.0,0.0576224902835055,0.115244980567011,0.0,0.230489961134022,0.115244980567011,0.115244980567011,0.172867470850516,2.24727712105671,0.576224902835055,0.518602412551549,0.63384739311856,0.172867470850516,0.115244980567011,0.518602412551549,0.0576224902835055
08/01/2006,17.9246978759766,7.86368465423584,12.6757209278713,4.29969388302242,6.92418235707506,6.25410019348715,0.558401802989924,3.12705009674357,5.69569839049722,0.670082163587909,0.335041081793954,2.40112775285667,9.32531010993173,0.167520540896977,0.167520540896977,0.781762524185894,1.00512324538186,0.390881262092947,1.00512324538186,0.725922343886901,3.74129208003249,3.46209117853753,0.167520540896977,0.670082163587909,6.53330109498211,3.90881262092947,2.45696793315567,0.279200901494962,0.0558401802989924,0.167520540896977,0.0558401802989924,0.22336072119597,0.111680360597985,0.0,0.167520540896977,1.89856613016574,0.614241983288916,0.390881262092947,0.390881262092947,0.167520540896977,0.0558401802989924,0.111680360597985,0.0
09/01/2006,13.8005876541138,6.50861644744873,10.1040016753333,3.45014691352844,4.92878130504063,4.18946410928454,0.443590317453657,2.51367846557072,5.02735693114144,0.197151252201625,0.345014691352844,1.62649783066341,7.39317195756095,0.197151252201625,0.0985756261008126,1.23219532626016,0.837892821856907,0.690029382705688,0.591453756604876,0.394302504403251,3.9430250440325,3.25299566132682,0.443590317453657,0.985756261008126,4.73163005283901,2.90798096997397,1.42934657846178,0.197151252201625,0.0,0.197151252201625,0.0492878130504063,0.147863439151219,0.246439065252032,0.147863439151219,0.0492878130504063,1.42934657846178,0.690029382705688,0.394302504403251,0.739317195756095,0.295726878302438,0.197151252201625,1.13361970015935,0.0985756261008126
10/01/2006,14.6355752944946,6.63327407836914,10.0769534814553,3.50294097212494,4.70257829134581,4.60660730580815,0.383883942150679,2.63920210228592,5.18243321903416,0.239927463844174,0.143956478306505,1.48755027583388,7.86962081408891,0.0479854927688348,0.0479854927688348,0.959709855376697,0.479854927688349,0.575825913226018,0.479854927688349,0.383883942150679,4.46265082750164,3.83883942150679,0.527840420457183,0.959709855376697,4.17473787088863,3.40696998658727,1.72747773967805,0.0479854927688348,0.0,0.239927463844174,0.0479854927688348,0.143956478306505,0.143956478306505,0.143956478306505,0.191941971075339,2.01539069629106,0.479854927688349,0.287912956613009,0.575825913226018,0.143956478306505,0.0959709855376697,0.479854927688349,0.0479854927688348
11/01/2006,12.1279802322388,6.14505290985107,7.92478130698634,2.58321600614472,3.63401573745783,2.93348258324909,0.21891661069023,2.49564936186863,3.45888244890564,0.525399865656553,0.262699932828277,1.35728298627943,5.56048191153185,0.394049899242415,0.131349966414138,1.26971634200334,0.656749832070691,1.00701640917506,0.350266577104369,0.569183187794599,3.8967156702861,3.3275324824915,0.21891661069023,1.1383663755892,2.7583492946969,3.59023241531978,1.7075495633838,0.437833221380461,0.0875666442760922,0.569183187794599,0.0875666442760922,0.0437833221380461,0.350266577104369,0.0875666442760922,0.262699932828277,2.05781614048817,0.21891661069023,0.525399865656553,0.875666442760922,0.131349966414138,0.0875666442760922,0.569183187794599,0.0437833221380461
12/01/2006,15.56565284729,7.17680215835571,11.9916660908126,3.90316974720566,5.6901631254444,5.36098013471621,0.329182990728188,3.38588219034708,6.20745068230298,0.470261415325983,0.376209132260786,1.69294109517354,7.85336563594392,0.611339839923778,0.235130707662992,1.45781038751055,1.26970582138015,0.940522830651966,0.611339839923778,0.940522830651966,4.84369257785763,4.27937887946645,0.188104566130393,1.08160125524976,5.502058559314,3.90316974720566,2.16320251049952,0.0470261415325983,0.235130707662992,0.235130707662992,0.0,0.0940522830651966,0.329182990728188,0.141078424597795,0.28215684919559,2.35130707662991,0.611339839923778,0.423235273793385,0.658365981456376,0.56431369839118,0.0,0.799444406054171,0.0470261415325983
01/01/2007,14.4792747497559,6.97891473770142,10.9158395309686,3.7438623184727,4.78131814166393,5.32259944072022,0.315747424449505,3.15747424449505,4.78131814166393,0.270640649528147,0.225533874606789,1.75916422193295,8.34475336045119,0.180427099685431,0.0451067749213578,1.30809647271938,0.811921948584441,0.676601623820367,0.541281299056294,0.496174524134936,4.46557071721442,3.78896909339406,0.451067749213578,1.08256259811259,5.14217234103479,3.47322166894455,1.80427099685431,0.180427099685431,0.0,0.360854199370863,0.0,0.315747424449505,0.360854199370863,0.0,0.0902135498427156,2.66129972036011,0.541281299056294,0.40596097429222,0.811921948584441,0.135320324764073,0.135320324764073,0.360854199370863,0.0
02/01/2007,15.2421493530273,6.72066736221313,11.3299976857503,3.60730868021647,4.31860898335775,5.02990928649902,0.508071645100911,2.54035822550456,7.01138870239258,0.406457316080729,0.254035822550456,1.87986508687337,8.5864108022054,0.508071645100911,0.203228658040365,1.1685647837321,1.21937194824219,0.609685974121094,0.406457316080729,0.965336125691732,3.75973017374674,3.35327285766602,0.304842987060547,0.609685974121094,5.58878809611003,4.47103047688802,2.08309374491374,0.355650151570638,0.101614329020182,0.203228658040365,0.0508071645100912,0.508071645100911,0.45726448059082,0.203228658040365,0.0,2.33712956746419,0.812914632161458,0.406457316080729,0.609685974121094,0.355650151570638,0.0,0.45726448059082,0.0508071645100912
03/01/2007,26.017879486084,12.2707738876343,20.8694651708165,8.2742372923942,7.90649341273224,7.99842938264773,1.79275141335208,5.19438230022525,14.2500753369011,0.919359699154911,0.643551789408438,3.1258229771267,12.0436120589293,0.689519774366183,0.459679849577456,1.5169435036056,1.37903954873237,0.873391714197166,0.505647834535201,1.47097551864786,6.2516459542534,5.1484143152675,0.459679849577456,1.47097551864786,9.46940490129558,6.52745386399987,3.90727872140837,0.367743879661964,0.0919359699154911,0.41371186461971,0.137903954873237,0.229839924788728,0.505647834535201,0.367743879661964,0.367743879661964,3.1258229771267,1.05726365402815,0.873391714197166,0.689519774366183,0.551615819492947,0.0919359699154911,0.41371186461971,0.0459679849577456
04/01/2007,18.7486057281494,9.25232982635498,14.2417293511904,5.3631828885812,5.09277030596366,5.45332041612038,0.721100220313439,5.22797659727243,8.83347769883963,0.676031456543849,0.585893929004669,2.47878200732745,8.5179963524525,0.0901375275391799,0.0450687637695899,1.44220044062688,1.17178785800934,0.946444039161389,0.766168984083029,1.08165033047016,5.63359547119874,4.86742648711571,0.450687637695899,1.03658156670057,4.9124952508853,4.86742648711571,2.83933211748417,0.22534381884795,0.0450687637695899,0.18027505507836,0.13520629130877,0.405618873926309,0.540825165235079,0.36055011015672,0.450687637695899,2.74919458994499,1.44220044062688,0.676031456543849,0.630962692774259,0.540825165235079,0.18027505507836,0.405618873926309,0.0450687637695899
05/01/2007,16.4050750732422,8.22114276885986,11.8936794281006,2.68860952589247,4.8303832160102,4.37468668619792,0.729114447699653,3.64557223849826,6.65316933525933,0.774684100680881,0.27341791788737,1.23038063049316,7.42785343594021,0.501266182793511,0.637975141737196,1.82278611924913,0.774684100680881,0.865823406643338,0.865823406643338,0.911393059624566,5.37721905178494,4.73924391004774,0.364557223849826,1.04810201856825,5.05823148091634,4.05569911532932,1.7772164662679,0.410126876831055,0.0,0.182278611924913,0.182278611924913,0.136708958943685,0.501266182793511,0.227848264906141,0.0911393059624566,3.09873640272352,0.683544794718424,0.637975141737196,0.729114447699653,0.820253753662109,0.136708958943685,0.364557223849826,0.0455696529812283
06/01/2007,18.918758392334,9.04483890533447,14.8647387368338,4.14721550964957,6.94309113413242,6.89649320705771,1.72412330176443,3.07546318693114,10.0651522481383,0.605773051971285,0.419381343672428,1.77072122883914,8.43422480052328,0.465979270747143,0.559175124896571,1.35133988516671,1.39793781224143,0.931958541494285,0.652370979045999,0.838762687344856,6.75669942583357,6.15092637386228,0.279587562448285,0.978556468568999,6.19752430093699,5.31216368651742,2.65608184325871,0.232989635373571,0.139793781224143,0.372783416597714,0.186391708298857,0.139793781224143,1.02515439564371,0.0465979270747142,0.0465979270747142,2.56288598910928,0.885360614419571,0.698968906120714,0.559175124896571,0.792164760270142,0.326185489523,0.605773051971285,0.0
07/01/2007,25.2118587493896,10.7325773239136,20.1488215415204,5.68300094760832,6.61294655721696,7.12958300699953,2.0665457991303,5.37301907773878,14.1041750790643,0.361645514847802,0.103327289956515,2.63484589389113,11.9343019899775,0.361645514847802,0.154990934934772,1.44658205939121,0.82661831965212,1.08493654454341,0.878281964630377,0.929945609608635,6.1996373973909,5.42468272271703,0.361645514847802,1.29159112445644,5.63133730263007,5.78632823756484,3.20314598865196,0.464972804804317,0.0,0.154990934934772,0.0,0.361645514847802,0.258318224891287,0.20665457991303,0.258318224891287,3.40980056856499,1.18826383449992,0.361645514847802,0.568300094760832,0.361645514847802,0.20665457991303,0.361645514847802,0.0
08/01/2007,40.3051795959473,18.5294151306152,35.5664569302739,9.26914982955893,10.518922840286,13.6433553671036,4.16591003575682,6.561308306317,29.9424783820022,0.572812629916563,0.937329758045285,5.78020017461259,15.3097193814063,2.60369377234801,0.260369377234801,1.82258564064361,1.14562525983313,1.45806851251489,0.729034256257444,0.833182007151365,7.81108131704404,6.87375155899876,0.624886505363524,1.09355138438617,18.8507429117996,7.65485969070316,4.27005778665074,0.624886505363524,0.156221626340881,0.312443252681762,0.0,0.156221626340881,0.312443252681762,0.572812629916563,0.0520738754469603,3.74931903218114,4.73872266567339,0.833182007151365,0.989403633492246,0.416591003575682,0.364517128128722,0.468664879022643,0.0
09/01/2007,25.3238353729248,11.4709205627441,21.2199727235575,6.85645345077213,7.10668897817257,10.0594682014978,1.50141316440266,5.10480475896903,16.4654977029491,0.600565265761063,0.500471054800885,3.90367422744691,10.6099863617788,1.25117763700221,0.150141316440266,1.3012247424823,1.05098921508186,1.05098921508186,1.3012247424823,0.750706582201328,6.15579397405089,5.2549460754093,0.500471054800885,0.900847898641594,12.0613524207013,5.30499318088939,2.95277922332522,0.500471054800885,0.0,0.200188421920354,0.100094210960177,0.600565265761063,0.600565265761063,0.800753687681417,0.150141316440266,2.40226106304425,1.70160158632301,0.300282632880531,0.650612371241151,0.150141316440266,0.300282632880531,0.950895004121682,0.0500471054800885
10/01/2007,22.7477512359619,10.1793966293335,18.793742973917,6.00423476829038,6.29712426918259,6.15067951873648,1.4156325876457,4.2468977629371,13.4241021242265,0.829853585861272,0.292889500892213,2.48956075758381,10.4952071153043,0.634593918599796,0.195259667261476,0.976298336307378,0.927483419492009,0.43933425133832,1.12274308675348,0.43933425133832,5.22319609924447,4.73504693109078,0.146444750446107,0.976298336307378,8.88431486039714,3.90519334522951,1.85496683898402,0.195259667261476,0.0,0.292889500892213,0.0,0.341704417707582,0.244074584076845,0.0976298336307378,0.536964084969058,2.14785633987623,1.26918783719959,0.536964084969058,0.488149168153689,0.341704417707582,0.244074584076845,0.0976298336307378,0.0976298336307378
11/01/2007,23.467945098877,9.54119396209717,19.6766001851525,7.53469811968033,6.38289713323238,5.85498834777707,1.67970977190326,4.17527857587381,15.741280148122,0.239958538843323,0.335941954380652,4.27126199141114,13.1497279286141,0.479917077686645,0.191966831074658,1.15180098644795,1.15180098644795,0.767867324298632,1.82368489520925,0.719875616529968,4.89515419240378,4.41523711471714,0.479917077686645,0.575900493223974,8.59051569059095,4.51122053025447,2.54356051173922,0.287950246611987,0.0,0.0959834155373291,0.0959834155373291,0.287950246611987,0.431925369917981,0.335941954380652,0.52790878545531,2.44757709620189,3.21544442050052,0.959834155373291,0.52790878545531,0.239958538843323,0.191966831074658,0.575900493223974,0.0479917077686645
12/01/2007,26.1266193389893,12.031476020813,22.0636214496583,9.25746354531115,6.01735130445225,8.58886895592757,1.95435341512124,4.73159247871459,17.8463325012387,0.514303530295064,0.360012471206545,4.26871930144903,10.5946527240783,0.668594589383583,0.0514303530295064,1.54291059088519,1.08003741361963,0.822885648472103,0.874316001501609,0.822885648472103,7.35454048321942,6.58308518777682,0.514303530295064,1.28575882573766,10.1317795468128,4.16585859539002,2.21150518026878,0.257151765147532,0.102860706059013,0.0514303530295064,0.0,0.617164236354077,0.565733883324571,0.822885648472103,0.360012471206545,2.52008729844581,2.46865694541631,0.668594589383583,0.565733883324571,0.462873177265558,0.154291059088519,0.925746354531115,0.0514303530295064
01/01/2008,34.552375793457,16.8057518005371,30.6599013599349,18.1826545456309,10.3443841110041,11.4641370302365,1.97289800055233,9.38459589451919,22.0751289791531,0.426572540659963,0.479894108242459,5.59876459616202,17.3828310318935,1.49300389230987,0.0533215675824954,2.39947054121229,2.07954113571732,1.1730744868149,1.33303918956239,0.69318037857244,11.5707801654015,10.5043488137516,2.13286270329982,3.09265091978473,15.9964702747486,6.02533713682198,2.39947054121229,0.213286270329982,0.0,0.319929405494973,0.159964702747486,0.426572540659963,1.01310978406741,0.639858810989945,0.426572540659963,4.42569010934712,2.77272151428976,0.319929405494973,1.06643135164991,0.853145081319927,0.266607837912477,1.06643135164991,0.0
02/01/2008,23.8291664123535,10.866886138916,20.1235509011452,9.36697254222104,6.5877609088148,6.12455896991376,1.33813893460301,4.37468497850982,13.3299224639299,0.411735056800925,0.46320193890104,3.44828110070774,11.580048472526,0.823470113601849,0.0514668821001156,2.11014216610474,1.49253958090335,1.49253958090335,1.13227140620254,0.669069467301503,6.89656220141549,6.07309208781364,0.617602585201387,1.18373828830266,8.18323425391838,6.07309208781364,2.88214539760647,0.823470113601849,0.0514668821001156,0.360268174700809,0.0514668821001156,0.360268174700809,0.720536349401618,0.205867528400462,0.154400646300347,3.08801292600694,2.00720840190451,0.411735056800925,0.617602585201387,0.926403877802081,0.360268174700809,0.617602585201387,0.205867528400462
03/01/2008,28.7916889190674,15.1780118942261,25.3765297721599,10.2454774407225,9.05965829249073,8.53789786726874,1.99217616902937,4.50611276328073,19.7320306265767,0.426894893363437,0.237163829646354,2.75110042389771,13.8503676513471,2.18190723274646,0.332029361504896,1.32811744601958,1.75501233938302,0.616625957080521,1.1383863823025,0.474327659292708,7.3046459531077,6.45085616638083,0.901222552656145,1.4704157438074,15.3682161610837,8.34816680355166,5.31246978407833,0.284596595575625,0.0474327659292708,0.284596595575625,0.0948655318585416,0.474327659292708,0.664058723009791,1.4704157438074,0.474327659292708,3.4151591469075,4.60097829513927,0.711491488939062,0.664058723009791,0.332029361504896,0.426894893363437,0.664058723009791,0.0474327659292708
04/01/2008,22.1916179656982,11.3910808563232,16.3393980380352,5.52449561171391,4.86904697981565,3.13678988122739,1.1236262261113,4.07314506965348,11.84489313359,0.140453278263913,0.140453278263913,1.59180382032435,9.7380939596313,1.35771502321783,0.140453278263913,0.842719669583478,0.889537429004782,0.421359834791739,0.749084150740869,0.280906556527826,5.52449561171391,4.82222922039434,0.608630872476956,0.889537429004782,7.02266391319565,5.89903768708434,3.55814971601913,0.140453278263913,0.0468177594213043,0.187271037685217,0.0468177594213043,0.421359834791739,0.187271037685217,0.749084150740869,0.0936355188426086,2.15361693338,1.35771502321783,0.514995353634347,0.32772431594913,0.280906556527826,0.374542075370434,0.889537429004782,0.0
05/01/2008,18.9287376403809,8.33962726593018,14.706538016336,4.26964006925884,5.21844897353858,3.55803339104903,0.711606678209807,3.74779517190498,9.53552948801141,0.189761780855948,0.189761780855948,1.99249869898746,9.2034463715135,0.901368459065755,0.33208311649791,1.0911302399217,0.901368459065755,0.66416623299582,0.759047123423794,0.284642671283923,4.83892541182669,4.12731873361688,0.474404452139871,1.0911302399217,5.40821075439453,4.36452095968681,2.79898626762524,0.379523561711897,0.0,0.189761780855948,0.0474404452139871,0.237202226069936,0.33208311649791,0.521844897353858,0.189761780855948,1.23345157556367,2.03993914420145,0.284642671283923,0.569285342567845,0.237202226069936,0.189761780855948,0.379523561711897,0.142321335641961
06/01/2008,18.2496147155762,7.99625492095947,13.952982124773,3.49931932653038,6.24562057013651,4.34092777215161,0.885903626969717,3.36643378248492,9.61205435262143,0.132885544045458,0.0442951813484858,2.08187352337884,9.47916880857597,0.797313264272745,0.0885903626969717,1.01878917101517,1.37315062180306,0.708722901575774,0.75301808292426,0.487246994833344,4.47381331619707,4.0751566840607,0.310066269439401,0.75301808292426,5.6254880312577,4.78387958563647,2.61341569956067,0.310066269439401,0.0,0.0885903626969717,0.0,0.398656632136373,0.575837357530316,0.310066269439401,0.0442951813484858,1.68321689124246,1.50603616584852,0.398656632136373,0.487246994833344,0.265771088090915,0.0885903626969717,0.177180725393943,0.0
07/01/2008,27.8947467803955,14.1577062606812,22.7102685909079,6.42424471306078,7.4385991414388,4.33918283250597,1.74694373776214,4.33918283250597,17.2440252824263,0.169059071396336,0.225412095195115,2.76129816614016,15.0462573542739,2.19776792815237,0.112706047597558,1.35247257117069,0.845295356981682,0.901648380780461,1.12706047597558,0.225412095195115,7.21318704624369,6.53695076065834,0.676236285585346,1.69059071396336,8.39660054601804,9.97448521238385,6.53695076065834,0.281765118993894,0.0,0.281765118993894,0.0,0.45082419039023,0.281765118993894,0.95800140457924,0.225412095195115,2.70494514234138,9.80542614098751,0.563530237987788,0.676236285585346,0.169059071396336,0.0563530237987788,0.563530237987788,0.112706047597558
08/01/2008,18.8099956512451,8.59801578521729,14.2791207863467,4.21050997546119,5.03430540544273,3.02058324326564,0.778029017204786,3.75284584769367,9.7482459214482,0.320364889437265,0.183065651107008,1.87642292384684,9.70247950867145,1.00686108108855,0.0915328255535042,1.28145955774906,0.366131302214017,0.411897714990769,0.411897714990769,0.366131302214017,4.85123975433572,4.16474356268444,0.457664127767521,1.0526274938653,4.02744432435419,4.53087486489846,2.65445194105162,0.183065651107008,0.137299238330256,0.137299238330256,0.0915328255535042,0.228832063883761,0.137299238330256,0.411897714990769,0.183065651107008,1.51029162163282,4.98853899266598,0.732262604428034,0.732262604428034,0.183065651107008,0.366131302214017,0.503430540544273,0.0915328255535042
09/01/2008,55.9657745361328,29.6639347076416,44.0753819483671,14.691793982789,11.2056055800933,9.02673782840852,3.54844176702956,8.40420418507,34.4883638409539,0.373520186003111,0.186760093001556,2.30337448035252,23.2205048965267,15.6878478121307,0.311266821669259,2.49013457335407,1.86760093001556,1.12056055800933,2.11661438735096,0.809293736340074,15.3143276261276,13.3844733317781,1.61858747268015,3.73520186003111,21.6641707881804,21.1661438735096,14.5672872541213,0.498026914670815,0.0,0.68478700767237,0.0622533643338518,0.560280279004667,0.622533643338518,1.8053475656817,0.0,7.71941717739763,15.8123545407984,1.12056055800933,1.49408074401244,0.186760093001556,0.373520186003111,0.99605382934163,0.0
10/01/2008,69.8349990844727,32.508659362793,51.643714357923,26.2491692362965,12.9414508792904,12.7583171404325,4.51729889182778,13.3077183570062,29.9118440134542,0.42731205733506,0.366267477715766,6.71490375812237,30.4612452300278,24.6009655865756,0.732534955431531,3.1743181402033,1.34298075162447,2.01447112743671,1.83133738857883,0.85462411467012,23.9294752107634,20.6330679113215,3.11327356058401,4.94461094916284,22.9527619368546,18.9238196819812,12.3920496627167,0.85462411467012,0.0610445796192943,0.305222898096471,0.183133738857883,0.85462411467012,0.671490375812237,0.85462411467012,0.488356636954354,8.24101824860473,7.08117123583814,1.77029280895953,2.31969402553318,0.0610445796192943,0.244178318477177,1.22089159238589,0.0
11/01/2008,36.6702156066895,18.0052127838135,27.2321437210333,12.4438272632536,7.33404312133789,6.01151075519499,1.8034532265585,9.13749634789639,15.2091222106433,0.30057553775975,0.30057553775975,5.10978414191574,15.7501581786109,9.01726613279249,0.2404604302078,2.82541005494165,0.841611505727299,0.901726613279249,0.661266183071449,0.781496398175349,12.3837121557017,10.3397984989354,2.8855251624936,3.54679134556505,9.31784167055224,10.1594531762795,7.21381290623399,0.480920860415599,0.0601151075519499,0.480920860415599,0.0,0.601151075519499,0.18034532265585,1.14218704348705,0.18034532265585,3.78725177577285,3.66702156066895,0.721381290623399,1.9236834416624,0.420805752863649,0.2404604302078,1.9236834416624,0.1202302151039
12/01/2008,29.5172748565674,14.1463680267334,23.1030581875346,11.937569911811,6.05787129853093,4.8700533968582,1.24720879675637,8.55228889204367,12.7690424429819,0.118781790167273,0.17817268525091,3.02893564926547,12.9472151282328,6.05787129853093,0.17817268525091,1.84111774759273,0.950254321338185,0.534518055752729,0.772081636087276,0.415736265585456,10.3340157445528,9.20558873796367,1.42538148200728,1.72233595742546,7.78020725595639,8.73046157729458,5.82030771819638,0.296954475418183,0.118781790167273,0.475127160669093,0.0,0.475127160669093,0.296954475418183,1.1284270065891,0.0593908950836366,3.56345370501819,2.73198117384728,0.712690741003639,0.890863426254549,0.415736265585456,0.475127160669093,0.296954475418183,0.0593908950836366
01/01/2009,31.1634101867676,14.692024230957,23.8343481351951,13.3472349557093,4.82645549737701,5.24355658974292,1.31088914743573,7.68657727360042,12.5130327709774,0.0595858703379877,0.178757611013963,2.4430206838575,12.5130327709774,5.54148594143286,0.476686962703902,2.20467720250555,1.07254566608378,0.953373925407804,0.595858703379877,0.715030444055853,11.0829718828657,9.35498164306407,2.50260655419548,2.08550546182957,5.89900116346078,8.52077945833224,5.95858703379877,0.655444573717865,0.0,0.178757611013963,0.178757611013963,0.536272833041889,0.417101092365914,0.417101092365914,0.119171740675975,3.03887938723737,2.9197076465614,0.476686962703902,1.01295979574579,0.417101092365914,0.119171740675975,0.178757611013963,0.0
02/01/2009,33.2375183105469,16.0553245544434,25.4093769323872,13.4746695853568,5.71069330046076,4.7482169015067,1.21913677200848,7.9564715646869,15.1429620102105,0.192495279790812,0.192495279790812,1.79662261138091,11.9988724402939,5.38986783414274,0.128330186527208,2.30994335748974,0.898311305690456,0.64165093263604,1.47579714506289,0.449155652845228,11.2288913211307,9.11144324343177,2.37410845075335,2.50243863728056,7.31482063205086,10.7797356682855,8.0206366579505,0.384990559581624,0.0,0.513320746108832,0.064165093263604,0.769981119163248,0.192495279790812,0.256660373054416,0.192495279790812,2.30994335748974,3.2082546631802,0.769981119163248,1.79662261138091,0.064165093263604,0.32082546631802,0.384990559581624,0.0
03/01/2009,34.0596771240234,16.7981414794922,25.7392990568191,12.3907788482827,5.68658932650655,4.24997728612595,2.33449456561848,7.06334253187129,15.3837205990756,0.239435340063434,0.179576505047575,2.57392990568191,11.9119081681558,6.0457423366017,0.119717670031717,1.79576505047575,1.37675320536474,0.718306020190301,1.19717670031717,0.718306020190301,11.4928963230448,9.75699010758492,1.97534155552333,1.67604738044404,10.3555784577435,11.5527551580607,7.72178971704574,0.538729515142726,0.0,0.419011845111009,0.119717670031717,0.538729515142726,0.35915301009515,0.598588350158584,0.239435340063434,3.41195359590393,2.81336524574535,0.538729515142726,1.31689437034889,0.239435340063434,0.419011845111009,0.119717670031717,0.0598588350158584
04/01/2009,24.7524089813232,11.437183380127,18.0670485198498,8.72964423894882,4.03331664204597,3.53605842590332,0.718261867761612,5.41458946466446,11.0501825809479,0.165752738714218,0.276254564523697,2.32053834199905,9.06114971637726,4.30957120656967,0.165752738714218,1.60227647423744,0.718261867761612,0.607760041952133,0.663010954856873,0.331505477428436,7.0168659389019,6.07760041952133,0.828763693571091,0.994516432285309,5.52509129047394,8.12188419699669,5.41458946466446,0.331505477428436,0.0,0.331505477428436,0.0552509129047394,0.165752738714218,0.221003651618958,0.663010954856873,0.276254564523697,1.93378195166588,1.76802921295166,0.276254564523697,0.939265519380569,0.110501825809479,0.276254564523697,0.276254564523697,0.0
05/01/2009,24.9751625061035,12.9025726318359,18.1691348089426,8.75906173199839,4.43871371553972,3.61015382197231,1.18365699081059,6.45093059991773,9.76517017418739,0.177548548621589,0.118365699081059,2.72241107886436,7.87131898889044,4.26116516691814,0.236731398162119,2.30813113208066,0.769377044026886,0.295914247702648,0.473462796324237,0.236731398162119,6.62847914853932,5.68155355589085,0.946925592648475,1.53875408805377,5.85910210451244,8.99579313016051,6.80602769716091,0.295914247702648,0.0,0.414279946783708,0.0,0.473462796324237,0.118365699081059,0.591828495405297,0.295914247702648,1.65711978713483,1.006108442189,0.355097097243178,1.30202268989165,0.118365699081059,0.0591828495405297,0.0591828495405297,0.0
06/01/2009,22.3825664520264,9.94839859008789,15.8948660311492,7.39597847980002,4.34675928198773,4.73602130724036,0.908278058922809,4.28188227777896,8.95302658081055,0.0,0.0,1.55704810101053,9.27741160185441,4.15212826936141,0.194631012626316,1.49217109680176,0.843401054714037,0.908278058922809,0.713647046296493,0.583893037878949,5.83893037878949,4.86577531565791,0.973155063131581,0.908278058922809,7.39597847980002,8.10962552609651,5.77405337458072,0.648770042087721,0.0,0.0648770042087721,0.0648770042087721,0.519016033670177,0.32438502104386,0.778524050505265,0.454139029461404,1.42729409259299,1.23266307996667,0.259508016835088,0.713647046296493,0.194631012626316,0.0,0.0648770042087721,0.0648770042087721
07/01/2009,20.3655204772949,8.29737186431885,15.7121085402786,6.56952273461127,4.32493580028575,2.68255511663293,1.42339659249911,4.87239602817002,9.36156989682105,0.0547460227884272,0.109492045576854,2.35407897990237,8.48563353220622,4.05120568634361,0.273730113942136,1.42339659249911,0.875936364614835,0.38322215951899,0.437968182307418,0.875936364614835,5.80307841557328,5.0366340965353,0.766444319037981,1.14966647855697,5.80307841557328,7.22647500807239,5.31036421047744,0.218984091153709,0.0,0.328476136730563,0.0,0.437968182307418,0.0,0.38322215951899,0.437968182307418,1.2044125013454,1.14966647855697,0.328476136730563,0.711698296249554,0.273730113942136,0.109492045576854,0.218984091153709,0.0
08/01/2009,19.7680683135986,7.82697105407715,14.7849818411957,7.28297253658897,3.83314344030998,3.39506990427456,1.09518384008857,5.42116000843841,8.26863799266868,0.0547591920044283,0.109518384008857,2.95699636823913,7.3377317285934,3.39506990427456,0.0,1.31422060810628,0.602351112048712,0.383314344030998,0.65711030405314,0.876147072070854,5.64019677645612,4.4354945523587,0.711869496057569,1.53325737612399,5.64019677645612,6.1877886965004,4.32597616834984,0.273795960022142,0.0,0.219036768017713,0.0547591920044283,0.273795960022142,0.219036768017713,0.492832728039855,0.109518384008857,1.42373899211514,1.58801656812842,0.219036768017713,0.711869496057569,0.164277576013285,0.219036768017713,0.219036768017713,0.0
09/01/2009,18.5661582946777,7.69700813293457,13.6361614593678,6.13627265671552,4.30063553718524,3.19925326546707,0.629361298124669,4.40552908687268,7.4998888026523,0.157340324531167,0.20978709937489,1.78319034468656,6.45095330577786,4.51042263656013,0.0524467748437224,0.839148397499559,0.629361298124669,0.629361298124669,0.524467748437224,0.786701622655836,4.87755006046619,4.03840166296663,0.734254847812114,0.734254847812114,5.1397839346848,5.66425168312202,3.19925326546707,0.314680649062335,0.0,0.20978709937489,0.0,0.104893549687445,0.104893549687445,0.419574198749779,0.104893549687445,1.41606292078051,1.52095647046795,0.104893549687445,0.419574198749779,0.0524467748437224,0.104893549687445,0.0524467748437224,0.0
10/01/2009,19.0592765808105,8.65594005584717,14.5340293479365,6.60153713972209,4.52524723287401,3.99286520547707,0.958287649314497,4.84467644931218,7.4001101808175,0.212952810958777,0.319429216438166,1.8633370958893,7.71953939725567,3.7266741917786,0.532382027396943,0.905049446574802,0.532382027396943,0.532382027396943,0.106476405479389,0.532382027396943,5.96267870684576,4.57848543561371,0.905049446574802,1.33095506849236,4.95115285479157,5.5900112876679,3.62019778629921,0.425905621917554,0.0,0.212952810958777,0.0,0.212952810958777,0.0,0.319429216438166,0.106476405479389,1.17124046027327,0.798573041095414,0.37266741917786,0.585620230136637,0.106476405479389,0.0532382027396943,0.0,0.0
11/01/2009,19.3649158477783,8.17851257324219,14.0208886256911,5.34402722208719,4.65447532246304,4.99925127227511,0.344775949812077,5.91865380510732,7.24029494605361,0.172387974906038,0.114925316604026,1.95373038226844,8.33208545379186,3.56268481472479,0.344775949812077,1.32164114094629,0.40223860811409,0.632089241322141,0.344775949812077,0.689551899624154,5.22910190548317,4.42462468925499,0.804477216228179,0.919402532832205,5.22910190548317,4.65447532246304,2.58581962359058,0.459701266416103,0.0,0.229850633208051,0.0,0.229850633208051,0.0,0.574626583020128,0.0,1.26417848264428,0.861939874530192,0.114925316604026,0.689551899624154,0.114925316604026,0.172387974906038,0.172387974906038,0.0
12/01/2009,14.9086046218872,7.41601324081421,11.7247331263655,4.8516137074616,4.14408670845678,3.99247378009861,0.555914070646642,4.29569963681496,7.22688291840634,0.101075285572117,0.202150571144233,1.36451635522357,7.12580763283423,2.17311863980051,0.151612928358175,1.01075285572117,0.404301142288467,0.404301142288467,0.555914070646642,0.454838785074525,4.34623727960102,3.13333385273562,0.960215212935108,1.11182814129328,5.10430192139189,5.50860306368036,3.79032320895437,0.30322585671635,0.101075285572117,0.30322585671635,0.0,0.151612928358175,0.0505376427860583,0.353763499502408,0.0,0.707526999004817,1.06129049850722,0.252688213930292,0.758064641790875,0.101075285572117,0.0,0.101075285572117,0.0
01/01/2010,22.0810680389404,10.560474395752,15.9735385813612,7.28205435326759,5.46154076495069,5.22663578581303,0.880893671766241,6.34243443671693,8.57403173852474,0.0,0.352357468706496,1.64433485396365,9.39619916550657,6.2249819471481,0.117452489568832,1.64433485396365,0.58726244784416,0.645988692628576,0.528536203059744,0.704714937412992,8.57403173852474,7.57568557718967,0.880893671766241,1.87923983310131,7.75186431154292,7.81059055632733,4.69809958275328,0.704714937412992,0.0,0.411083713490912,0.0,0.352357468706496,0.117452489568832,0.704714937412992,0.058726244784416,1.70306109874806,1.40942987482598,0.176178734353248,1.1157986509039,0.117452489568832,0.352357468706496,0.411083713490912,0.0
02/01/2010,18.1953830718994,8.41929054260254,12.8699050996362,5.38095170114098,3.77221356368646,3.93863475031969,0.610211017655163,4.49337203909711,6.98968983859551,0.110947457755484,0.0554737288777421,1.33136949306581,6.21305763430712,4.27147712358614,0.277368644388711,1.10947457755484,0.77663220428839,0.721158475410647,0.832105933166132,0.832105933166132,6.3240050920626,4.2160033947084,2.27442288398743,0.998527119799358,6.15758390542938,6.37947882094034,3.71673983480872,0.499263559899679,0.0,0.388316102144195,0.0,0.277368644388711,0.166421186633226,0.277368644388711,0.443789831021937,0.721158475410647,0.887579662043874,0.0554737288777421,0.721158475410647,0.110947457755484,0.110947457755484,0.0,0.0
03/01/2010,17.0072612762451,7.90571403503418,12.3396532919129,4.82855998379199,3.27269065568124,4.29205331892621,0.69745866432551,4.39935465189937,7.51109330812087,0.0536506664865777,0.0536506664865777,1.34126666216444,6.06252531298328,3.54094398811413,0.107301332973155,1.4485679951376,0.643807997838932,0.590157331352354,0.482855998379199,0.536506664865777,4.88221065027857,3.70189598757386,0.804759997298665,1.18031466270471,5.47236798163092,5.5260186481175,3.86284798703359,0.482855998379199,0.0,0.107301332973155,0.0,0.268253332432888,0.214602665946311,0.375554665406044,0.268253332432888,1.18031466270471,0.643807997838932,0.214602665946311,0.804759997298665,0.214602665946311,0.0536506664865777,0.107301332973155,0.0
04/01/2010,20.6159973144531,9.62773132324219,16.4016774214434,6.37843010833909,4.10041935536084,5.0685739253766,1.08205510766467,5.12552419420105,10.0801975819287,0.0569502688244561,0.0569502688244561,1.8224086023826,8.48559005484397,5.86587768891898,0.113900537648912,1.25290591413804,1.02510483884021,0.512552419420105,0.569502688244561,1.08205510766467,6.77708199011028,5.46722580714779,1.53765725826032,0.911204301191298,5.35332526949888,8.88424193661516,5.75197715127007,0.398651881771193,0.0569502688244561,0.341701612946737,0.0,0.455602150595649,0.227801075297825,0.170850806473368,0.227801075297825,1.13900537648912,0.968154570015754,0.512552419420105,0.797303763542386,0.170850806473368,0.113900537648912,0.170850806473368,0.0
05/01/2010,26.7683601379395,12.9635725021362,18.1760470072428,7.21533987257216,6.66455056932237,4.02076191372342,0.440631442599826,5.45281410217285,9.41849708557129,0.0550789303249783,0.550789303249783,2.25823614332411,11.8970489501953,7.71105024549696,0.275394651624892,0.771105024549696,0.66094716389974,0.716026094224718,1.04649967617459,0.881262885199653,8.26183954874674,5.56297196282281,3.13949902852376,1.32189432779948,6.6094716389974,11.1810228559706,7.93136596679687,0.495710372924805,0.0550789303249783,0.110157860649957,0.0550789303249783,0.385552512274848,0.165236790974935,0.385552512274848,0.165236790974935,2.36839400397407,1.2668153974745,0.33047358194987,0.550789303249783,0.275394651624892,0.165236790974935,0.165236790974935,0.0
06/01/2010,21.0787506103516,10.527982711792,14.1471938058694,6.19294829252917,4.14757087481311,3.7498585991461,0.511344354429014,5.22707562305214,8.52240590715023,0.113632078762003,0.340896236286009,1.76129722081105,9.71554273415126,5.22707562305214,0.511344354429014,1.19313682700103,0.852240590715023,0.511344354429014,0.852240590715023,0.624976433191017,7.78379739519721,5.96568413500516,2.27264157524006,1.36358494514404,6.70429264695818,8.35195778900722,6.07931621376716,0.227264157524006,0.0,0.227264157524006,0.0568160393810015,0.340896236286009,0.170448118143005,0.340896236286009,0.227264157524006,1.36358494514404,1.64766514204904,0.227264157524006,0.73860851195302,0.227264157524006,0.113632078762003,0.170448118143005,0.0
07/01/2010,21.9135456085205,10.2861156463623,17.1598134923864,9.04368548923068,5.10156617341218,4.05806400157787,0.637695771676523,7.07262583132143,8.57990674619322,0.173917028639052,0.289861714398419,2.60875542958577,9.50746423226816,5.33345554493092,0.405806400157787,1.4493085719921,0.985529828954626,0.173917028639052,0.289861714398419,0.75364045743589,8.69585143195258,7.24654285996049,1.7971426292702,2.1449766865483,5.33345554493092,8.05815566027606,5.27548320205123,0.405806400157787,0.0579723428796839,0.75364045743589,0.0,0.695668114556207,0.173917028639052,0.289861714398419,0.231889371518736,1.50728091487178,1.10147451471399,0.289861714398419,0.811612800315574,0.289861714398419,0.115944685759368,0.115944685759368,0.0579723428796839
08/01/2010,16.9034576416016,7.49531555175781,12.4383933589144,5.74079693488355,3.66773137506449,3.3487982120154,0.372088690223934,5.47501929900931,5.90026351640809,0.265777635874238,0.318933163049086,1.64782134242028,6.53812984250627,2.97670952179147,0.265777635874238,0.797332907622715,0.797332907622715,0.159466581524543,0.531555271748477,0.531555271748477,5.74079693488355,4.6776863913866,1.1162660706718,1.43519923372089,4.99661955443568,4.73084191856144,3.24248715766571,0.106311054349695,0.0531555271748477,0.265777635874238,0.0,0.318933163049086,0.159466581524543,0.106311054349695,0.318933163049086,1.16942159784665,0.478399744573629,0.106311054349695,0.372088690223934,0.159466581524543,0.0531555271748477,0.0531555271748477,0.0
09/01/2010,17.1993293762207,8.39513969421387,13.3022003634819,6.07952125987257,4.15693761358809,3.37751181104032,0.519617201698511,4.72851653545645,7.1187556632696,0.207846880679404,0.155885160509553,1.24708128407643,6.75502362208064,3.94909073290868,0.103923440339702,1.03923440339702,0.623540642038213,0.571578921868362,0.571578921868362,0.779425802547766,6.49521502123138,5.50794233800421,1.09119612356687,1.19511956390657,4.36478449426749,5.97559781953287,3.53339697154987,0.155885160509553,0.0,0.363732041188957,0.0,0.259808600849255,0.311770321019106,0.415693761358809,0.207846880679404,1.19511956390657,0.779425802547766,0.415693761358809,0.571578921868362,0.0519617201698511,0.103923440339702,0.207846880679404,0.103923440339702
10/01/2010,17.0210361480713,8.08594226837158,12.6541230838431,4.96240120935023,5.01202522144373,4.2676650400412,0.396992096748018,4.11879300376069,6.5007455842488,0.198496048374009,0.0992480241870046,1.14135227815055,7.24510576565134,3.67217689491917,0.446616108841521,0.793984193496037,0.942856229776544,0.694736169309032,0.496240120935023,0.545864133028525,5.85563342703327,4.86315318516322,1.09172826605705,0.942856229776544,5.35939330609825,5.50826534237876,3.52330485863866,0.347368084654516,0.0,0.0992480241870046,0.0,0.248120060467511,0.248120060467511,0.148872036280507,0.248120060467511,1.98496048374009,0.744360181402534,0.148872036280507,0.297744072561014,0.248120060467511,0.0992480241870046,0.347368084654516,0.0496240120935023
11/01/2010,17.1178550720215,8.20011329650879,13.1369585436444,5.28890538770099,6.19882459418718,5.17516548689022,0.625569454459257,4.03776647878248,6.71065414783567,0.113739900810774,0.511829553648483,1.70609851216161,6.93813394945721,4.32211623080941,0.284349752026935,1.3080088593239,0.796179305675418,0.56869950405387,0.56869950405387,0.796179305675418,7.62057335432186,5.91447484216025,1.81983841297238,1.19426895851313,7.4499635031057,5.34577533810638,2.95723742108012,0.398089652837709,0.056869950405387,0.170609851216161,0.056869950405387,0.284349752026935,0.056869950405387,0.113739900810774,0.227479801621548,1.42174876013467,0.56869950405387,0.341219702432322,0.682439404864644,0.341219702432322,0.0,0.227479801621548,0.056869950405387
12/01/2010,14.104079246521,7.19185733795166,10.0429824984955,4.39037486273027,3.40254051861596,3.45742020440009,0.658556229409541,4.28061549116201,5.2135701494922,0.219518743136514,0.439037486273027,1.81102963087624,4.99405140635568,3.23790146126357,0.219518743136514,0.713435915193669,0.493917172057156,0.493917172057156,0.493917172057156,0.548796857841284,6.20140449360651,5.37820920684458,1.04271402989844,1.42687183038734,4.99405140635568,4.39037486273027,2.68910460342229,0.109759371568257,0.0,0.274398428920642,0.0548796857841284,0.164639057352385,0.0548796857841284,0.439037486273027,0.274398428920642,1.26223277303495,0.603676543625412,0.274398428920642,0.439037486273027,0.0,0.0,0.0548796857841284,0.0548796857841284
01/01/2011,18.038158416748,9.50412464141846,13.4570388188438,5.49734351748512,5.26828753758991,4.29479962303525,0.34358396984282,4.92470356774708,6.01271947224935,0.229055979895213,0.34358396984282,0.973487914554657,8.13148728628007,4.75291158282568,0.286319974869017,2.06150381905692,1.08801590450226,0.458111959790427,0.572639949738033,0.744431934659443,8.07422329130627,6.58535942198738,2.11876781403072,2.00423982408312,4.98196756272089,6.47083143203978,3.95121565319243,0.572639949738033,0.114527989947607,0.400847964816623,0.0,0.458111959790427,0.572639949738033,0.400847964816623,0.17179198492141,1.94697582910931,1.37433587937128,0.51537595476423,1.31707188439748,0.229055979895213,0.34358396984282,0.458111959790427,0.114527989947607
02/01/2011,13.2577171325684,6.31990528106689,10.0933237429018,3.2735104031033,3.7099784568504,2.61880832248264,0.32735104031033,3.65541995013202,4.96482411137334,0.0,0.218234026873553,1.03661162764938,5.78320171214916,3.05527637622975,0.109117013436777,0.927494614212601,0.600143573902271,0.491026560465495,0.381909547028718,0.381909547028718,5.23761664496528,4.41923904418945,0.98205312093099,1.69131370827004,3.38262741654007,2.83704234935619,2.18234026873553,0.491026560465495,0.0,0.109117013436777,0.0,0.109117013436777,0.109117013436777,0.491026560465495,0.0,1.30940416124132,0.872936107494213,0.0,0.709260587339048,0.0,0.163675520155165,0.218234026873553,0.0545585067183883
03/01/2011,18.4432811737061,7.97196531295776,13.450673212671,5.75618329625221,5.28629078227244,3.99408636882806,0.352419385484829,4.46397888280783,5.52123703926232,0.176209692742415,0.117473128494943,1.17473128494943,9.98521592207016,4.34650575431289,0.293682821237358,1.17473128494943,0.822311899464601,0.998521592207016,1.05725815645449,0.587365642474715,6.98965114544911,5.63871016775726,1.35094097769184,1.6446237989292,5.69744673200474,4.28776919006542,3.05430134086852,0.411155949732301,0.0,0.234946256989886,0.0,0.469892513979772,0.117473128494943,0.176209692742415,0.176209692742415,2.52567226264127,0.411155949732301,0.352419385484829,0.646102206722187,0.293682821237358,0.176209692742415,0.117473128494943,0.0
04/01/2011,16.5690822601318,8.75783348083496,12.0250530115338,4.65485923027115,5.20900913863676,4.54402924859803,0.609564899202175,4.04529433106898,5.31983912030989,0.277074954182807,0.221659963346245,0.775809871711858,8.20141864381108,4.48861425776147,0.221659963346245,1.21912979840435,0.83122486254842,0.609564899202175,0.664979890038736,0.387904935855929,6.92687385457017,5.04276416612708,2.88157952350119,1.32995978007747,4.48861425776147,4.54402924859803,2.7153345509915,0.387904935855929,0.0,0.332489945019368,0.0,0.110829981673123,0.110829981673123,0.387904935855929,0.221659963346245,1.55161974342372,0.720394880875297,0.0554149908365613,0.83122486254842,0.0,0.0554149908365613,0.221659963346245,0.0554149908365613
05/01/2011,14.9139032363892,6.76271438598633,10.8734832360925,4.33750970620083,4.99110705919,3.86216617675416,0.71301529417,3.86216617675416,5.10994294155166,0.0594179411808333,0.237671764723333,1.069522941255,7.90258617705083,3.08973294140333,0.1782538235425,0.831851176531666,0.71301529417,0.356507647085,0.475343529446666,0.772433235350833,5.70412235336,3.921584117935,1.9607920589675,1.30719470597833,4.27809176502,4.27809176502,2.43613558841417,0.475343529446666,0.0,0.237671764723333,0.0,0.1782538235425,0.1782538235425,0.1782538235425,0.0594179411808333,1.18835882361667,0.356507647085,0.475343529446666,0.5347614706275,0.118835882361667,0.118835882361667,0.118835882361667,0.0594179411808333
06/01/2011,18.8427467346191,9.71207523345947,13.4506399646495,6.22166165765726,5.15509108777316,4.44404404118376,0.474031364392934,4.68105972338023,6.3401694987555,0.237015682196467,0.118507841098234,2.01463329866997,8.117787115229,4.79956756447846,0.17776176164735,0.888808808236752,0.533285284942051,0.711047046589402,0.474031364392934,1.0665705698841,7.58450183028695,5.09583716722404,3.37747347129966,1.48134801372792,7.22897830699225,5.27359892887139,3.37747347129966,0.592539205491168,0.0,0.296269602745584,0.0,0.355523523294701,0.17776176164735,0.592539205491168,0.355523523294701,1.0665705698841,0.592539205491168,0.651793126040285,0.711047046589402,0.0592539205491168,0.118507841098234,0.355523523294701,0.0
07/01/2011,25.2762317657471,13.4354190826416,19.2421180816165,7.91139349697123,6.97275359055092,8.11253061977559,0.938639906420316,6.3022965145364,8.58185057298574,0.0670457076014511,0.335228538007256,2.21250835084789,11.2636788770438,5.96706797652915,0.335228538007256,3.35228538007256,1.07273132162322,1.00568561402177,1.47500556723192,1.20682273682612,15.6216498711381,7.30798212855817,11.3977702922467,5.49774802331899,8.04548491217413,7.37502783615962,4.82729094730448,0.804548491217413,0.0670457076014511,0.268182830405804,0.0,0.134091415202902,0.268182830405804,0.268182830405804,0.0,1.60909698243483,1.60909698243483,0.335228538007256,3.08410254966675,0.0670457076014511,0.335228538007256,0.134091415202902,0.0
08/01/2011,60.8711051940918,29.7517738342285,51.2958751635605,33.0573417720723,20.822325621949,16.7946494979954,1.89984722828002,19.1504600610626,19.9103989523746,0.455963334787204,1.36789000436161,9.42324225226889,26.9778306415763,16.7186556088642,0.303975556524803,4.71162112613445,1.51987778262401,1.06391444783681,2.05183500654242,2.81177389785443,31.1574945437923,17.2506128327826,21.1263011784738,7.21941946746407,23.862081187197,11.5510711479425,6.83945002180807,0.759938891312007,0.227981667393602,0.379969445656004,0.151987778262401,0.911926669574409,0.379969445656004,0.531957223918405,0.227981667393602,5.62354779570886,4.33165168047844,1.67186556088642,3.95168223482244,0.151987778262401,0.227981667393602,0.455963334787204,0.227981667393602
09/01/2011,28.1043071746826,13.6737260818481,21.6967789023509,10.9118303251589,7.73978662598483,6.72473264224911,1.14193573170268,8.62795886175358,10.0870989633737,0.190322621950447,0.380645243900893,3.42580719510804,11.6096799389772,6.4075282723317,0.253763495933929,1.20537660568616,0.951613109752233,1.20537660568616,1.20537660568616,1.01505398373572,11.4827981910103,6.66129176826563,6.09032390241429,2.22043058942188,10.9118303251589,6.91505526419956,4.12365680892634,0.57096786585134,0.0,0.380645243900893,0.0634408739834822,0.697849613818304,0.190322621950447,1.0784948577192,0.126881747966964,1.7763444715375,2.28387146340536,0.507526991867858,0.951613109752233,0.0634408739834822,0.126881747966964,0.380645243900893,0.0
10/01/2011,29.6903915405273,14.6971645355225,21.9372326159767,12.7416255194166,6.01020071670594,5.34907863786829,1.20204014334119,7.21224086004713,8.89509706072479,0.420714050169416,0.480816057336475,3.06520236552003,10.0370351968989,8.2940769890542,0.240408028668238,1.44244817200943,0.601020071670594,1.38234616484237,1.02173412184001,1.08183612900707,11.9602994262448,7.75315892455066,5.52938465936947,1.9232642293459,6.070302723873,7.87336293888478,4.4475485303624,0.901530107505891,0.0,0.360612043002356,0.0601020071670594,0.360612043002356,0.120204014334119,0.841428100338832,0.0,2.40408028668238,1.50255017917649,0.480816057336475,1.20204014334119,0.180306021501178,0.240408028668238,0.480816057336475,0.0
11/01/2011,22.2876110076904,10.4850645065308,14.7776551246643,6.7831859588623,4.60287618637085,3.39159297943115,0.545077443122864,6.29867267608642,5.51133859157562,0.181692481040955,0.181692481040955,1.81692481040955,8.90293157100677,5.26908195018768,0.484513282775879,1.81692481040955,0.787334084510803,0.787334084510803,1.2112832069397,0.908462405204773,11.7494471073151,7.02544260025024,6.4198009967804,2.42256641387939,5.51133859157562,6.35923683643341,3.63384962081909,0.605641603469849,0.0605641603469849,0.242256641387939,0.0605641603469849,0.12112832069397,0.242256641387939,0.423949122428894,0.0,2.11974561214447,0.605641603469849,0.484513282775879,1.57466816902161,0.181692481040955,0.12112832069397,0.181692481040955,0.0605641603469849
12/01/2011,23.1715908050537,10.9324836730957,16.8213589226192,7.83645636555752,6.215120565787,3.37778291618859,0.743112241561489,5.06667437428288,7.9040120238813,0.135111316647544,0.135111316647544,1.75644711641807,9.45779216532805,4.99911871595911,0.608000924913946,1.62133579977052,1.14844619150412,0.675556583237718,0.743112241561489,0.608000924913946,10.8089053318035,6.82312149070095,5.06667437428288,2.29689238300824,6.6880101740534,6.62045451572963,3.85067252445499,0.405333949942631,0.0,0.472889608266402,0.0,0.0,0.202666974971315,0.337778291618859,0.202666974971315,2.09422540803692,1.08089053318035,0.405333949942631,1.01333487485658,0.135111316647544,0.337778291618859,0.337778291618859,0.0
01/01/2012,21.8784408569336,10.5367994308472,15.8951103463357,7.07120878525202,4.71413919016801,4.71413919016801,0.66481450117754,6.16464355637355,7.49427255872863,0.0604376819252309,0.604376819252309,1.69225509390647,8.15908705990617,5.25807832749509,0.181313045775693,2.17575654930831,0.906565228878464,0.725252183102771,0.543939137327078,0.66481450117754,10.0326551995883,6.76902037562586,3.92844932514001,1.69225509390647,5.62070441904648,6.52726964792494,3.3240725058877,0.543939137327078,0.0,0.302188409626155,0.0604376819252309,0.241750727700924,0.302188409626155,0.302188409626155,0.0604376819252309,2.29663191315877,1.39006668428031,0.181313045775693,1.69225509390647,0.120875363850462,0.181313045775693,1.20875363850462,0.0604376819252309
02/01/2012,18.2932777404785,9.64464378356934,12.4565120800924,5.05378490106605,3.84372372757136,3.06074296825127,0.640620621261894,5.62322545329884,6.61974641970623,0.0711800690290993,0.213540207087298,1.35242131155289,7.40272717902633,4.34198421077506,0.0711800690290993,1.56596151864018,0.854160828349191,0.854160828349191,0.355900345145496,0.782980759320092,7.40272717902633,5.62322545329884,2.27776220893118,1.21006117349469,4.05726393465866,5.33850517718245,3.34546324436767,0.569440552232794,0.0711800690290993,0.427080414174596,0.0,0.427080414174596,0.142360138058199,0.782980759320092,0.427080414174596,1.77950172572748,1.13888110446559,0.142360138058199,0.99652096640739,0.0711800690290993,0.142360138058199,0.213540207087298,0.0
03/01/2012,16.0979347229004,7.73575782775879,11.4460600501231,4.28462140913699,4.2234125318636,3.73374151367652,0.428462140913699,4.59066579550391,5.38638120005792,0.306044386366928,0.489671018187084,1.53022193183464,5.63121670915147,3.91736814549667,0.0,1.04055091364755,0.489671018187084,0.55087989546047,0.55087989546047,0.428462140913699,5.99846997279178,4.83550130459746,1.34659530001448,0.979342036374168,4.6518746727773,5.14154569096438,2.87681723184912,0.673297650007241,0.0,0.183626631820157,0.0,0.306044386366928,0.0612088772733855,0.428462140913699,0.122417754546771,1.34659530001448,0.856924281827397,0.122417754546771,0.673297650007241,0.0,0.183626631820157,0.55087989546047,0.0
04/01/2012,15.3553972244263,8.51150321960449,11.1194255763087,3.58880931298851,3.29464461520257,3.118145796531,0.529496456014699,4.23597164811759,4.88313398324667,0.176498818671566,0.117665879114378,0.588329395571888,5.7656280766045,3.00047991741663,0.117665879114378,0.823661153800643,0.47066351645751,0.352997637343133,0.529496456014699,0.823661153800643,5.70679513704731,4.1771387085604,1.52965642848691,1.23549173070096,4.29480458767478,5.29496456014699,3.47114343387414,0.235331758228755,0.0,0.235331758228755,0.0,0.294164697785944,0.176498818671566,0.235331758228755,0.0588329395571888,1.29432467025815,0.764828214243454,0.294164697785944,0.529496456014699,0.117665879114378,0.0588329395571888,0.47066351645751,0.117665879114378
05/01/2012,22.2605838775635,11.2738752365112,13.3697200465847,5.41473661886679,3.27558141141324,2.8744898100157,0.40109160139754,5.08049361770217,5.01364501746925,0.0,0.133697200465847,0.869031803028004,9.29195543237635,4.74625061653756,0.133697200465847,1.00272900349385,0.935880403260927,0.334243001164617,0.60163740209631,0.60163740209631,7.35334602562157,5.74897962003141,2.07230660722062,1.40382060489139,4.14461321444125,7.95498342771788,5.68213101979849,0.334243001164617,0.0,0.267394400931693,0.0,0.267394400931693,0.267394400931693,0.20054580069877,0.0668486002329234,1.1364262039597,0.668486002329233,0.40109160139754,0.668486002329233,0.267394400931693,0.133697200465847,1.47066920512431,0.0
06/01/2012,22.6557369232178,10.158766746521,14.7844083849397,6.77618717643069,4.51745811762046,4.72279712296685,0.410678010692769,6.29706283062246,7.59754319781623,0.205339005346385,0.410678010692769,2.05339005346385,8.82957722989454,5.74949214969877,0.273785340461846,2.25872905881023,1.43737303742469,0.342231675577308,0.616017016039154,0.889802356501,7.18686518712346,5.13347513365962,2.25872905881023,2.05339005346385,6.84463351154615,6.77618717643069,3.35387042065762,0.410678010692769,0.0,0.342231675577308,0.205339005346385,0.0684463351154616,1.09514136184738,0.479124345808231,0.136892670230923,1.36892670230923,0.547570680923692,0.0684463351154616,1.71115837788654,0.205339005346385,0.479124345808231,1.43737303742469,0.0
07/01/2012,19.9215393066406,9.89987468719482,13.5995748034263,6.54249814867533,3.60204954252912,3.67556075768277,0.588089721229244,5.66036356683147,5.58685235167781,0.147022430307311,0.588089721229244,1.76426916368773,7.49814394567286,3.89609440314374,0.147022430307311,0.882134581843865,1.39671308791945,0.661600936382899,0.514578506075588,0.441067290921933,7.20409908505823,6.32196450321437,2.42587010007063,0.955645796997521,4.70471776983395,6.7630317941363,3.45502711222181,0.367556075768277,0.0,0.220533645460966,0.0735112151536554,0.441067290921933,0.661600936382899,0.661600936382899,0.367556075768277,1.83778037884139,0.588089721229244,0.294044860614622,0.514578506075588,0.0,0.147022430307311,1.02915701215118,0.0735112151536554
08/01/2012,16.6146183013916,8.52364158630371,11.7969966377911,4.6940929029954,3.02645463482598,3.58233405754912,0.432350662117997,4.63232852269283,4.87938604390311,0.308821901512855,0.308821901512855,1.17352322574885,6.85584621358538,3.89115595906197,0.185293140907713,1.85293140907713,0.61764380302571,0.61764380302571,0.555879422723139,0.432350662117997,7.41172563630852,6.42349555146739,2.53233959240541,1.23528760605142,5.37350108632368,5.43526546662625,3.33527653633883,0.185293140907713,0.0,0.308821901512855,0.0,0.308821901512855,0.185293140907713,0.247057521210284,0.123528760605142,1.11175884544628,0.679408183328281,0.123528760605142,1.42058074695913,0.0,0.185293140907713,0.61764380302571,0.123528760605142
09/01/2012,16.11155128479,8.85030269622803,11.2902916200233,5.24845988822706,4.02788782119751,5.24845988822706,0.305143016757387,4.94331687146967,5.61463150833592,0.183085810054432,0.0,0.915429050272161,6.34697474855365,4.02788782119751,0.122057206702955,1.15954346367807,0.549257430163297,0.427200223460342,0.549257430163297,0.488228826811819,7.50651821223172,6.16388893849922,3.11245877092535,1.28160067038103,6.71314636866252,4.57714525136081,2.62422994411353,0.549257430163297,0.0,0.24411441340591,0.122057206702955,0.305143016757387,0.0610286033514774,0.488228826811819,0.0610286033514774,1.76982949719285,0.915429050272161,0.122057206702955,0.793371843569206,0.0610286033514774,0.122057206702955,1.09851486032659,0.0610286033514774
10/01/2012,17.1205921173096,8.29351425170898,13.4279153861252,5.87471298142975,3.80457602606879,4.81166968002818,0.447597179537505,4.19622355816411,6.04256192375632,0.223798589768753,0.111899294884376,1.34279153861252,7.5532024046954,4.36407250049067,0.0559496474421881,1.11899294884376,0.447597179537505,0.391647532095317,0.839244711632822,0.783295064190634,7.32940381492665,6.71395769306258,3.18912990420472,1.06304330140157,5.70686403910319,4.58787109025943,2.85343201955159,0.279748237210941,0.0559496474421881,0.335697884653129,0.0559496474421881,0.671395769306258,0.111899294884376,0.335697884653129,0.0559496474421881,1.95823766047658,0.783295064190634,0.279748237210941,0.727345416748446,0.0559496474421881,0.0559496474421881,1.23089224372814,0.223798589768753
11/01/2012,15.5073661804199,9.08517742156982,10.8823622318736,5.38676930477745,2.61176693564967,2.33970787985283,0.108823622318736,3.37353229188083,4.02647402579324,0.108823622318736,0.544118111593681,0.816177167390522,6.20294647216797,3.21029685840272,0.163235433478104,2.17647244637473,0.544118111593681,0.489706300434313,1.1970598455061,0.435294489274945,9.08677246361448,8.27059529622396,6.47500552796481,1.68676614594041,3.37353229188083,4.67941575970566,2.33970787985283,0.326470866956209,0.0,0.163235433478104,0.163235433478104,0.108823622318736,0.272059055796841,0.217647244637473,0.217647244637473,2.23088425753409,0.326470866956209,0.163235433478104,1.63235433478104,0.108823622318736,0.108823622318736,1.79558976825915,0.0544118111593681
12/01/2012,16.3679656982422,10.208776473999,11.9317880790924,5.65995075546692,4.02825324037736,3.56933831425842,0.407924378772391,5.25202637669453,5.04806418730834,0.0509905473465489,0.407924378772391,2.0906124412085,6.781742797091,3.11042338813948,0.203962189386195,1.83565970447576,0.713867662851684,0.764858210198233,0.713867662851684,0.815848757544782,10.2491000166563,9.53523235380464,7.08768608117029,2.54952736732744,3.87528159833771,5.25202637669453,3.16141393548603,0.560896020812037,0.0,0.203962189386195,0.101981094693098,0.203962189386195,0.254952736732744,0.356933831425842,0.356933831425842,2.03962189386195,0.764858210198233,0.101981094693098,1.42773532570337,0.101981094693098,0.152971642039647,0.713867662851684,0.101981094693098
01/01/2013,17.5704975128174,10.1095409393311,13.2461522700255,6.82791354125028,3.04980138175846,4.50642293722518,0.273116541650011,5.32577256217522,6.64583584681694,0.0,0.728310777733363,1.27454386103339,6.32719988155859,6.28168045795026,0.0455194236083352,1.36558270825006,0.910388472166704,0.318635965258346,0.955907895775039,0.455194236083352,9.51355953414206,8.73972933280036,6.09960276351692,2.00285463876675,6.87343296485861,5.28025313856688,3.82363158310016,0.318635965258346,0.0,0.227597118041676,0.0910388472166704,0.364155388866682,0.273116541650011,0.182077694433341,0.227597118041676,1.77525752072507,0.364155388866682,0.0,1.27454386103339,0.0910388472166704,0.318635965258346,0.682791354125028,0.0
02/01/2013,18.7502784729004,8.78527164459229,14.740784962972,8.41207461886936,4.55981614854601,2.79092195298937,0.432396358913845,6.95765050252279,6.36801910400391,0.0,0.196543799506293,1.02202775743273,6.64318042331272,6.28940158420139,0.0786175198025174,3.02677451239692,0.864792717827691,0.825483957926432,1.3364978366428,0.393087599012587,9.90580749511719,8.64792717827691,3.6164059109158,4.04880226982964,6.25009282430013,6.60387166341146,3.49847963121202,0.314470079210069,0.0,0.393087599012587,0.314470079210069,0.117926279703776,0.0393087599012587,0.58963139851888,0.117926279703776,3.4198621114095,0.786175198025174,0.393087599012587,2.98746575249566,0.0393087599012587,0.117926279703776,0.353778839111328,0.0393087599012587
03/01/2013,17.9135189056396,9.23159313201904,12.4825253987954,5.86897685417045,4.2922368037963,4.51122847745937,0.437983347326153,6.48215354042706,4.20464013433107,0.218991673663076,0.218991673663076,1.09495836831538,6.43835520569445,5.82517851943783,0.131395004197846,1.88332839350246,0.569378351523999,0.569378351523999,0.875966694652306,0.350386677860922,9.06625528965136,7.66470857820767,5.12440516371599,2.0147233977003,6.52595187515968,5.21200183318122,3.19727843548091,0.394185012593537,0.0,0.437983347326153,1.05116003358277,1.88332839350246,0.0875966694652306,0.175193338930461,0.131395004197846,2.45270674502646,0.569378351523999,0.131395004197846,1.79573172403723,0.0,0.0,0.262790008395692,0.0
04/01/2013,15.7930860519409,8.42378425598145,11.9583431128115,4.94480010571952,4.54114295423221,3.7338286512576,0.756857159038702,4.13748580274491,4.69251438603995,0.0504571439359135,0.252285719679567,1.1100571665901,4.4906858102963,3.3806286437062,0.353200007551394,0.655942871166875,0.655942871166875,0.353200007551394,0.302742863615481,0.302742863615481,5.6007429768864,4.69251438603995,1.16051431052601,1.21097145446192,5.19708582539909,5.44937154507866,3.48154293157803,0.201828575743654,0.100914287871827,0.15137143180774,0.15137143180774,0.201828575743654,0.403657151487308,0.353200007551394,0.252285719679567,1.5137143180774,0.655942871166875,0.0504571439359135,0.454114295423221,0.0504571439359135,0.15137143180774,0.100914287871827,0.0
05/01/2013,15.0091314315796,6.91926431655884,11.4307954611368,5.51660128776601,4.17472529884995,4.07532707744876,0.447291996305352,4.87051284865828,4.6717164058559,0.298194664203568,0.0993982214011893,1.49097332101784,4.92021195935887,3.67773419184401,0.149097332101784,1.29217687821546,0.795185771209515,0.546690217706541,0.496991107005947,0.496991107005947,6.11299061617314,5.01961018076006,1.78916798522141,1.98796442802379,6.65968083387969,4.92021195935887,3.08134486343687,0.496991107005947,0.0496991107005947,0.198796442802379,0.447291996305352,0.546690217706541,0.298194664203568,0.248495553502973,0.149097332101784,1.19277865681427,0.447291996305352,0.447291996305352,1.14307954611368,0.248495553502973,0.248495553502973,0.198796442802379,0.0
06/01/2013,16.8880577087402,8.47081470489502,13.6666362960904,5.22260744172025,5.41784510309297,7.17498405544744,0.488094153431799,5.22260744172025,6.10117691789748,0.0,0.244047076715899,1.7083295370113,6.0523675025543,3.17261199730669,0.0976188306863597,1.07380713754996,1.12261655289314,0.536903568774978,0.390475322745439,0.585712984118158,5.8083204258384,4.63689445760209,1.95237661372719,0.976188306863597,10.7380713754996,4.09999088882711,2.58689901318853,0.292856492059079,0.0,0.195237661372719,0.341665907402259,0.536903568774978,0.878569476177238,0.14642824602954,0.292856492059079,1.7083295370113,0.829760060834058,0.14642824602954,0.732141230147698,0.244047076715899,0.0976188306863597,0.0976188306863597,0.0488094153431799
07/01/2013,15.0438222885132,6.16802167892456,11.5318498378847,4.45548743736453,3.82647744620719,5.08449742852188,0.209669997052449,3.8788949454703,6.08042991452101,0.0524174992631121,0.419339994104897,1.10076748452535,5.81834241820545,4.08856494252275,0.104834998526224,1.46768997936714,1.25801998231469,0.419339994104897,0.366922494841785,0.366922494841785,5.66108992041611,4.14098244178586,1.3104374815778,1.78219497494581,7.07636240052014,5.24174992631121,3.93131244473341,0.157252497789336,0.0,0.366922494841785,0.419339994104897,0.471757493368009,0.366922494841785,0.419339994104897,0.314504995578673,1.57252497789336,0.943514986736018,0.157252497789336,1.25801998231469,0.104834998526224,0.104834998526224,0.209669997052449,0.0
08/01/2013,13.4049253463745,6.73825836181641,9.7443495787107,4.53705165569599,3.35123133659363,4.33082203498253,0.567131456961999,3.66057576766381,4.43393684533926,0.103114810356727,0.0515574051783635,1.39204993981581,4.79483868158781,3.60901836248545,0.154672215535091,0.87647588803218,0.412459241426908,0.309344431070181,1.03114810356727,0.206229620713454,5.10418311265799,3.8152479831989,1.75295177606436,0.979590698388907,5.9291015955118,4.3823794401609,2.42319804338308,0.154672215535091,0.0,0.206229620713454,0.257787025891818,0.257787025891818,0.103114810356727,0.670246267318726,0.0515574051783635,1.39204993981581,0.618688862140362,0.154672215535091,0.464016646605272,0.154672215535091,0.0515574051783635,0.257787025891818,0.0515574051783635
09/01/2013,19.1476936340332,9.52176189422607,14.2321663130575,6.74456074273408,4.28679708224624,5.25847108755539,0.743044827589348,4.74405543768584,6.68740344830413,0.0571572944299499,0.400101061009649,1.54324694960865,7.25897639260363,5.25847108755539,0.228629177719799,2.22913448276804,0.800202122019298,0.228629177719799,1.42893236074875,0.342943766579699,8.74506604778233,6.11583050400464,3.82953872680664,1.4860896551787,7.37329098146353,7.08750450931378,5.14415649869549,0.1143145888599,0.0,0.228629177719799,0.0571572944299499,0.342943766579699,0.1143145888599,0.514415649869549,0.17147188328985,2.11481989390814,0.914516710879198,0.342943766579699,1.31461777188885,0.1143145888599,0.400101061009649,0.17147188328985,0.0571572944299499
10/01/2013,19.5105838775635,10.6803102493286,14.437832069397,7.02381019592285,3.67913867405483,5.23998538425991,0.0557445253644671,4.79402918134417,5.68594158717564,0.0557445253644671,1.00340145656041,2.73148174285889,6.85657661982945,5.0727518081665,0.0557445253644671,2.61999269212995,0.557445253644671,0.613189779009138,0.891912405831473,0.278722626822335,12.4310291562762,5.96466421399798,9.6438028880528,3.40041604723249,6.52210946764265,4.96126275743757,2.73148174285889,0.334467152186802,0.0,0.167233576093401,0.167233576093401,0.501700728280204,0.278722626822335,0.0557445253644671,0.0557445253644671,1.44935765947614,0.39021167755127,0.334467152186802,2.34127006530762,0.111489050728934,0.167233576093401,0.167233576093401,0.0557445253644671
11/01/2013,15.2640533447266,8.30343532562256,10.4403481751809,4.42723625150078,3.36998580338119,4.69154886353067,0.132156306014949,3.43606395638866,4.3611580984933,0.198234459022423,0.396468918044846,0.92509414210464,6.07919007668764,3.30390765037371,0.0660781530074743,0.991172295112114,1.05725044811959,0.330390765037371,0.198234459022423,0.396468918044846,5.08801778157552,3.89861102744098,1.85018828420928,0.92509414210464,5.74879931165026,4.6254707105232,3.36998580338119,0.330390765037371,0.0,0.46254707105232,0.396468918044846,0.132156306014949,0.528625224059794,0.660781530074743,0.0660781530074743,1.58587567217938,0.726859683082217,0.528625224059794,0.792937836089692,0.0660781530074743,0.396468918044846,0.264312612029897,0.0
12/01/2013,15.0870084762573,7.8617992401123,11.4433535989725,4.72536491897871,3.24513012508176,4.26990805931811,0.170796322372724,4.32684016677569,5.92093917558778,0.0569321074575748,0.170796322372724,1.42330268643937,4.95309334880901,3.87138330711509,0.11386421491515,1.3663705789818,0.967845826778772,0.569321074575748,0.227728429830299,0.455456859660598,5.63627863829991,4.09911173694539,2.22035219084542,1.1386421491515,7.79969872168775,5.97787128304536,3.92831541457266,0.284660537287874,0.0,0.569321074575748,0.455456859660598,0.227728429830299,0.341592644745449,0.569321074575748,0.341592644745449,1.48023479389695,0.967845826778772,0.284660537287874,1.19557425660907,0.170796322372724,0.398524752203024,0.227728429830299,0.0
01/01/2014,15.2576875686646,8.48032188415527,12.5147325001406,5.31447544526518,5.0287509589606,5.3716203425261,0.342869383565496,4.85731626717785,5.71448972609159,0.228579589043664,0.342869383565496,1.65720202056656,6.91453256857083,3.88585301374228,0.28572448630458,1.48576732878381,1.14289794521832,0.457159178087327,0.685738767130991,0.571448972609159,5.82877952061342,4.74302647265602,1.88578160961023,1.20004284247923,6.4573733904835,5.48591013704793,2.28579589043664,0.685738767130991,0.228579589043664,1.25718773974015,0.514304075348243,0.457159178087327,0.28572448630458,0.171434691782748,0.28572448630458,1.82863671234931,0.28572448630458,0.0571448972609159,1.25718773974015,0.0571448972609159,0.457159178087327,0.28572448630458,0.0571448972609159
02/01/2014,11.6176929473877,6.16869306564331,8.68662362579906,3.35740667745608,2.71790064365492,3.0376536605555,0.639506033801158,3.09094583003893,3.51728318590637,0.0,0.266460847417149,0.586213864317728,4.63641874505839,2.55802413520463,0.266460847417149,0.692798203284587,0.692798203284587,0.319753016900579,0.426337355867438,0.266460847417149,3.89032837229037,3.14423799952236,1.11913555915203,0.532921694834298,4.90287959247554,4.05020488074066,2.5047319657212,0.266460847417149,0.10658433896686,0.532921694834298,0.10658433896686,0.159876508450289,0.213168677933719,0.213168677933719,0.159876508450289,1.22571989811889,0.586213864317728,0.10658433896686,0.426337355867438,0.10658433896686,0.0532921694834298,0.0532921694834298,0.0532921694834298
03/01/2014,15.1867809295654,6.98211908340454,10.7796366598092,4.34758826611089,3.33513620413986,3.33513620413986,0.595560036453546,3.99025224423876,4.70492428798302,0.119112007290709,0.119112007290709,0.952896058325674,6.49160439734365,3.2755802004945,0.297780018226773,1.60801209842457,0.714672043744256,0.357336021872128,0.833784051034965,0.77422804738961,4.70492428798302,3.51380421507592,0.655116040098901,1.3102320801978,4.34758826611089,5.24092832079121,2.6204641603956,0.357336021872128,0.0,0.476448029162837,0.0595560036453546,0.238224014581419,0.238224014581419,0.178668010936064,0.238224014581419,2.26312813852348,0.536004032808192,0.357336021872128,1.19112007290709,0.119112007290709,0.119112007290709,0.357336021872128,0.178668010936064
04/01/2014,18.0592842102051,8.41579914093018,12.8557616411629,4.71377926842641,5.14230465646517,4.40768970554158,0.489743300615731,4.65256135584944,4.95865091873428,0.306089562884832,0.306089562884832,0.979486601231462,6.97884203377417,4.10160014265675,0.122435825153933,1.71410155215506,0.857050776077529,0.734614950923596,0.244871650307865,0.244871650307865,4.95865091873428,3.85672849234888,1.16314033896236,1.16314033896236,5.9993554325427,5.57083004450394,2.75480606596349,0.612179125769664,0.0,0.550961213192697,0.183653737730899,0.428525388038765,0.122435825153933,0.489743300615731,0.122435825153933,1.34679407669326,0.67339703834663,0.244871650307865,1.04070451380843,0.183653737730899,0.122435825153933,0.489743300615731,0.0
05/01/2014,13.7422180175781,6.33596467971802,10.5259542262301,3.9764715965758,3.27474131482713,3.80103902613863,0.584775234790558,3.91799407309674,5.14602206615691,0.0,0.116955046958112,0.935640375664894,4.73667940180352,3.68408397918052,0.0584775234790559,1.22802799306017,0.877162852185838,0.467820187832447,0.584775234790558,0.584775234790558,4.44429178440824,3.85951654961769,0.760207805227726,1.11107294610206,4.09342664353391,5.08754454267786,2.68996608003657,0.350865140874335,0.0584775234790559,0.760207805227726,0.0584775234790559,0.467820187832447,0.233910093916223,0.233910093916223,0.233910093916223,1.75432570437168,0.526297711311503,0.0584775234790559,0.760207805227726,0.409342664353391,0.116955046958112,0.467820187832447,0.0584775234790559
06/01/2014,11.8389329910278,5.85878086090088,8.18359423342938,2.78242203936599,3.10976580870316,3.10976580870316,0.327343769337175,2.50963556491834,3.76445334737751,0.0,0.545572948895292,0.982031308011525,5.12838571961574,2.29140638536023,0.163671884668588,0.872916718232467,1.03658860290105,0.545572948895292,0.327343769337175,0.65468753867435,3.60078146270893,3.05520851381363,0.381901064226704,0.927474013121996,3.0006512189241,4.36458359116233,2.67330744958693,0.163671884668588,0.0545572948895292,0.218229179558117,0.109114589779058,0.272786474447646,0.545572948895292,0.327343769337175,0.109114589779058,0.872916718232467,0.272786474447646,0.272786474447646,0.436458359116233,0.327343769337175,0.381901064226704,0.218229179558117,0.0
07/01/2014,14.0553874969482,4.98927068710327,9.52907626911745,3.09694978746317,2.85872288073524,3.15650651414516,0.774237446865793,3.15650651414516,5.00276504128666,0.0595567266819841,0.178670180045952,0.655123993501825,5.95567266819841,3.45429014755508,0.119113453363968,1.36980471368563,0.833794173547777,0.476453813455873,0.357340360091905,0.595567266819841,3.81163050764698,2.73960942737127,0.416897086773889,1.54847489373159,3.752073780965,4.88365158792269,2.44182579396135,0.178670180045952,0.0,0.416897086773889,0.0,0.119113453363968,0.238226906727936,0.476453813455873,0.29778363340992,1.4889181670496,0.655123993501825,0.119113453363968,0.952907626911745,0.0,0.119113453363968,0.0595567266819841,0.0595567266819841
08/01/2014,14.346884727478,5.82711219787598,10.8435756661171,3.6701333023781,3.28087674000467,4.00378178441247,0.611688883729683,4.00378178441247,4.78229490915934,0.0556080803390621,0.0556080803390621,1.05655352644218,6.39492923899214,3.44770098102185,0.0556080803390621,0.889729285424994,1.1677696871203,0.77851312474687,0.611688883729683,0.77851312474687,4.61547066814216,3.2252686596656,0.77851312474687,1.11216160678124,4.67107874848122,4.72668682882028,2.39114745457967,0.389256562373435,0.0,0.500472723051559,0.222432321356248,0.500472723051559,0.166824241017186,0.500472723051559,0.111216160678124,2.16871513322342,0.389256562373435,0.0556080803390621,0.722905044407808,0.111216160678124,0.444864642712497,0.389256562373435,0.0556080803390621
09/01/2014,11.1861944198608,5.77424764633179,7.77440512180328,2.74061763286591,2.51689374446869,2.51689374446869,0.559309720993042,2.12537693977356,3.85923707485199,0.0,0.0,0.447447776794434,3.85923707485199,1.67792916297913,0.0559309720993042,0.447447776794434,0.838964581489563,0.391516804695129,0.111861944198608,0.335585832595825,4.19482290744781,3.52365124225616,0.615240693092346,1.06268846988678,4.0270299911499,3.69144415855408,2.40503180027008,0.223723888397217,0.0,0.223723888397217,0.223723888397217,0.279654860496521,0.503378748893738,0.391516804695129,0.0559309720993042,1.17455041408539,0.335585832595825,0.0,0.391516804695129,0.0,0.0559309720993042,0.391516804695129,0.0
10/01/2014,21.9332180023193,9.41059494018555,17.5465744018555,9.19976643986172,6.88459342850579,7.85940311749776,0.243702422247993,6.5190397951338,7.18922145631578,0.182776816685994,0.121851211123996,2.74165225028992,10.2355017344157,5.66608131726583,0.121851211123996,0.731107266743978,1.34036332236396,0.548330450057983,0.182776816685994,0.548330450057983,6.94551903406779,5.23960207833184,0.974809688991971,1.70591695573595,10.9666090011597,4.87404844495985,2.92442906697591,0.365553633371989,0.0,0.609256055619982,0.0609256055619982,0.0609256055619982,0.0609256055619982,0.67018166118198,0.0609256055619982,1.58406574461195,1.21851211123996,0.304628027809991,0.609256055619982,0.0609256055619982,0.182776816685994,0.304628027809991,0.0
11/01/2014,13.8949613571167,6.21246910095215,10.0995783938302,3.47374033927917,3.08776919047038,3.21642624007331,0.578956723213196,3.15209771527184,3.92404001288944,0.0,0.128657049602932,0.900599347220527,5.40359608332316,3.21642624007331,0.0,0.578956723213196,0.578956723213196,0.836270822419061,0.385971148808797,0.450299673610263,5.33926755852169,4.63165378570557,0.900599347220527,1.09358492162493,3.92404001288944,4.5673252609041,2.63746951686011,0.192985574404399,0.0,0.450299673610263,0.128657049602932,0.0,0.192985574404399,0.321642624007331,0.707613772816128,1.09358492162493,1.09358492162493,0.192985574404399,0.385971148808797,0.128657049602932,0.257314099205865,0.257314099205865,0.0643285248014662
12/01/2014,14.2914381027222,6.1648964881897,11.3723358519534,3.83132170413403,3.70969244368533,4.80435578772362,0.608146302243497,4.19620948548013,4.86517041794797,0.0608146302243497,0.0608146302243497,1.09466334403829,7.23694099669761,3.22317540189053,0.425702411570448,0.912219453365245,0.668960932467846,0.668960932467846,0.364887781346098,0.243258520897399,4.68272652727492,3.64887781346098,0.608146302243497,0.851404823140895,5.89901913176192,5.04761430862102,2.91910225076878,0.425702411570448,0.0,0.364887781346098,0.0,0.364887781346098,0.243258520897399,0.364887781346098,0.182443890673049,1.09466334403829,0.668960932467846,0.243258520897399,0.790590192916545,0.0608146302243497,0.182443890673049,0.182443890673049,0.0
01/01/2015,23.3352966308594,10.0248050689697,18.1947675179744,8.59009470179461,6.83149263686028,7.10204680069633,0.608746868631114,6.56093847302423,6.49329993206522,0.135277081918025,0.74402395054914,2.36734893356544,13.9335394375566,4.59942078521286,0.676385409590127,1.96151768781137,1.14985519630322,0.405831245754076,0.473469786713089,0.473469786713089,7.77843221028646,5.81691452247509,1.14985519630322,2.09679476972939,9.46939573426178,7.10204680069633,3.58484267082767,0.202915622877038,0.0,0.879301032467165,0.0,0.676385409590127,0.0676385409590127,0.608746868631114,0.473469786713089,2.09679476972939,0.676385409590127,0.0676385409590127,1.35277081918025,0.135277081918025,0.270554163836051,0.811662491508152,0.135277081918025
02/01/2015,14.0751991271973,5.39709615707397,9.74905567251759,2.74192190789557,3.04657989766175,3.53403268128762,0.24372639181294,3.35123788742792,4.38707505263291,0.0609315979532349,0.12186319590647,0.792110773392054,7.8601761359673,3.04657989766175,0.487452783625879,1.4014267529244,0.670247577485584,0.304657989766175,0.853042371345289,0.304657989766175,4.63080144444585,4.26521185672644,0.36558958771941,0.792110773392054,3.77775907310056,4.38707505263291,2.86378510380204,0.182794793859705,0.0,0.548384381579114,0.0609315979532349,0.182794793859705,0.12186319590647,0.304657989766175,0.24372639181294,1.09676876315823,0.36558958771941,0.12186319590647,0.731179175438819,0.304657989766175,0.24372639181294,0.548384381579114,0.304657989766175
03/01/2015,12.3786354064941,4.64531087875366,9.35662112885238,3.19636125519802,2.96389861845634,4.12621180216471,0.290578295927093,3.89374916542304,4.00998048379388,0.0,0.116231318370837,0.581156591854185,5.40475630424392,2.61520466334383,0.232462636741674,0.871734887781278,0.871734887781278,0.40680961429793,0.348693955112511,0.987966206152115,3.1382455960126,2.67332032252925,0.232462636741674,0.755503569410441,5.28852498587308,4.59113707564806,2.90578295927093,0.290578295927093,0.0,0.813619228595859,0.0,0.0581156591854185,0.232462636741674,0.116231318370837,0.0581156591854185,0.987966206152115,0.232462636741674,0.116231318370837,0.464925273483348,0.0,0.116231318370837,0.290578295927093,0.0
04/01/2015,14.4719762802124,7.30048608779907,9.91975838925357,3.87278238484557,2.24213717017375,4.07661303667955,0.475604854279281,3.53306463178894,4.95987919462679,0.0,0.0,0.81532260733591,5.97903245379667,3.53306463178894,0.203830651833977,1.22298391100386,0.883266157947236,0.339717753056629,0.339717753056629,0.543548404890607,4.4842743403475,3.9407259354569,0.271774202445303,0.747379056724584,4.55221789095883,4.34838723912485,2.51391137261906,0.135887101222652,0.0,0.611491955501932,0.0,0.0679435506113258,0.203830651833977,0.203830651833977,0.339717753056629,1.15504036039254,0.611491955501932,0.0679435506113258,0.679435506113258,0.135887101222652,0.339717753056629,0.407661303667955,0.0679435506113258
05/01/2015,11.7735090255737,5.16920900344849,7.81014955161822,2.5062420202954,2.97251960546663,3.32222779434506,0.641131679610451,3.32222779434506,3.61365128507709,0.233138792585618,0.291423490732023,1.04912456663528,5.77018511649406,2.33138792585618,0.116569396292809,1.2239786610745,0.874270472196069,0.174854094439214,0.466277585171237,0.524562283317641,3.67193598322349,3.26394309619866,0.75770107590326,0.407992887024832,4.07992887024832,3.8467900776627,2.5645267184418,0.116569396292809,0.0,0.524562283317641,0.0,0.116569396292809,0.407992887024832,0.233138792585618,0.233138792585618,0.75770107590326,0.174854094439214,0.233138792585618,0.349708188878428,0.0582846981464046,0.174854094439214,0.407992887024832,0.0
06/01/2015,14.9269771575928,8.15444374084473,10.5538393184543,3.44020176678896,2.7404997125268,5.13114839792252,0.524776540696621,4.08159531652927,4.31482933461666,0.116617009043694,0.116617009043694,0.932936072349548,5.77254194766283,3.44020176678896,0.116617009043694,1.16617009043694,0.583085045218468,0.758010558784008,0.349851027131081,0.583085045218468,4.02328681200743,3.73174428939819,0.466468036174774,0.583085045218468,5.77254194766283,5.53930792957544,2.85711672157049,0.466468036174774,0.0,0.349851027131081,0.0,0.233234018087387,0.466468036174774,0.349851027131081,0.116617009043694,0.991244576871395,0.524776540696621,0.408159531652927,0.408159531652927,0.116617009043694,0.0583085045218468,0.932936072349548,0.0
07/01/2015,23.8556270599365,11.1130437850952,17.3560400466005,6.78528314579033,5.21395441729152,7.07097927824466,1.6427527616124,5.42822651663226,8.28518784117556,0.28569613245433,0.214272099340747,1.92844889406672,11.4278452981732,5.71392264908659,0.357120165567912,1.78560082783956,1.71417679472598,0.928512430476571,1.14278452981732,0.571392264908659,6.78528314579033,6.14246684776809,0.714240331135824,0.928512430476571,8.78515607297064,9.07085220542497,4.57113811926927,0.357120165567912,0.0,0.428544198681494,0.0,0.499968231795077,0.571392264908659,0.28569613245433,0.0714240331135824,2.4284171258618,0.428544198681494,0.357120165567912,0.714240331135824,0.428544198681494,0.214272099340747,1.14278452981732,0.142848066227165
08/01/2015,31.4781837463379,11.8677358627319,24.0715522766113,11.4185568491618,8.71822245915731,12.4986906051636,0.77152411142985,8.40961281458537,8.10100317001343,0.15430482228597,1.23443857828776,3.39470609029134,17.3592925071716,9.41259415944417,3.85762055714925,1.15728616714478,0.540066878000895,1.08013375600179,1.08013375600179,0.46291446685791,7.02086941401164,5.63212601343791,1.38874340057373,0.61721928914388,15.8162442843119,5.86358324686686,3.47185850143433,0.46291446685791,0.077152411142985,0.540066878000895,0.0,0.30860964457194,0.15430482228597,0.385762055714925,0.0,3.78046814600627,0.30860964457194,1.23443857828776,0.231457233428955,0.30860964457194,0.46291446685791,0.30860964457194,0.0
09/01/2015,24.7080898284912,11.3904981613159,17.1563591093975,6.67191743143234,6.74523520540413,9.23803952044478,0.439906643830704,8.13827291086803,6.01205746568629,0.073317773971784,0.293271095887136,1.68630880135103,10.7777127738522,5.20556195199666,1.53967325340746,1.3930377054639,1.02644883560498,0.879813287661408,0.36658886985892,0.586542191774272,6.15869301362986,5.35219749994023,1.17308438354854,0.953131061633192,10.7777127738522,6.15869301362986,3.07934650681493,0.219953321915352,0.0,0.219953321915352,0.0,0.513224417802488,0.293271095887136,0.219953321915352,0.0,2.56612208901244,0.293271095887136,0.586542191774272,0.36658886985892,0.219953321915352,0.0,0.36658886985892,0.146635547943568
10/01/2015,19.6448745727539,10.062141418457,13.3163243748198,3.88942147581369,4.15311106739428,6.59223978951473,0.461456785266031,4.74641264845061,4.41680065897487,0.0659223978951473,0.131844795790295,1.71398234527383,8.6358341242643,4.15311106739428,0.329611989475737,1.31844795790295,1.58213754948354,0.659223978951473,0.593301581056326,0.659223978951473,5.33971422950693,4.35087826107972,0.922913570532063,1.05475836632236,6.32855019793414,6.59223978951473,3.23019749686222,0.197767193685442,0.0,0.593301581056326,0.0659223978951473,0.527379183161179,0.263689591580589,0.329611989475737,0.131844795790295,1.31844795790295,0.527379183161179,0.395534387370884,0.461456785266031,0.263689591580589,0.329611989475737,0.263689591580589,0.0
11/01/2015,13.4295778274536,6.36021566390991,9.14055035376424,2.46091740293653,3.02341280932202,3.44528436411114,0.421871554789119,4.00777977049663,4.78121095427668,0.0703119257981865,0.210935777394559,0.632807332183678,6.04682561864403,2.17966969974378,0.210935777394559,1.0546788869728,0.703119257981865,0.421871554789119,0.492183480587305,0.632807332183678,4.71089902847849,4.28902747368937,0.281247703192746,0.98436696117461,4.21871554789119,4.99214673167124,2.67185318033109,0.281247703192746,0.0,1.12499081277098,0.0703119257981865,0.281247703192746,0.0703119257981865,0.351559628990932,0.281247703192746,1.5468623675601,0.562495406385492,0.210935777394559,0.492183480587305,0.0703119257981865,0.281247703192746,0.281247703192746,0.0
12/01/2015,16.98362159729,7.67957782745361,13.1846536084225,5.36324892546001,5.06529065182334,7.07650899887085,0.372447842045834,5.21426978864168,5.28875935705085,0.148979136818334,0.223468705227501,1.19183309454667,9.98160216682836,4.54386367295918,0.223468705227501,1.04285395772834,0.297958273636667,0.446937410455001,0.148979136818334,0.372447842045834,5.43773849386918,4.54386367295918,0.521426978864168,1.19183309454667,8.78976907228169,4.99080108341418,3.12856187318501,0.148979136818334,0.0,0.893874820910002,0.0744895684091668,0.297958273636667,0.223468705227501,0.148979136818334,0.223468705227501,1.41530179977417,0.521426978864168,0.297958273636667,0.446937410455001,0.372447842045834,0.0,0.372447842045834,0.0
01/01/2016,28.638952255249,11.4363775253296,20.6132871689698,12.8410641380468,6.75845480949829,8.95495262258524,0.591364795831101,7.3498196053294,4.89987973688626,0.253442055356186,0.506884110712372,3.5481887749866,16.7271756535083,5.82916727319228,1.26721027678093,0.929287536306015,0.675845480949829,0.506884110712372,0.760326166068558,0.337922740474915,5.49124453271736,4.98436042200499,0.675845480949829,1.01376822142474,12.3341800273344,4.98436042200499,1.35169096189966,0.253442055356186,0.0,0.591364795831101,0.168961370237457,0.844806851187287,0.0,0.253442055356186,0.0,1.68961370237457,0.591364795831101,0.506884110712372,0.675845480949829,0.0844806851187287,0.337922740474915,0.337922740474915,0.0
02/01/2016,24.871654510498,8.83438968658447,17.6344107799843,9.07203791571445,6.62564566878022,7.95077480253626,0.305799030866779,6.82951168935807,6.01404760704666,0.203866020577853,0.917397092600338,2.34445923664531,14.1686884301608,4.89278449386847,0.917397092600338,1.5289951543339,1.01933010288926,0.611598061733559,0.917397092600338,0.509665051444632,5.4024495453131,4.07732041155706,0.509665051444632,1.5289951543339,10.1933010288926,6.42177964820236,2.14059321606745,0.101933010288926,0.0,0.509665051444632,0.203866020577853,0.0,0.101933010288926,0.0,0.101933010288926,1.5289951543339,0.611598061733559,0.509665051444632,1.12126311317819,0.101933010288926,0.0,0.509665051444632,0.203866020577853
03/01/2016,17.7432346343994,7.51495742797852,12.5753022166132,5.25406462474934,5.08180021082313,3.53142048548726,0.344528827852416,3.87594931333968,4.82340358993382,0.0861322069631039,0.344528827852416,1.20585089748346,9.38841055897833,3.10075945067174,0.344528827852416,1.11971869052035,0.689057655704832,0.43066103481552,0.258396620889312,0.172264413926208,4.22047814119209,3.70368489941347,0.258396620889312,0.689057655704832,6.89057655704832,4.04821372726589,1.89490855318829,0.0,0.0,0.344528827852416,0.0,0.258396620889312,0.0861322069631039,0.0861322069631039,0.172264413926208,1.46424751837277,0.43066103481552,0.516793241778624,0.775189862667936,0.0,0.258396620889312,1.11971869052035,0.0
04/01/2016,13.2962884902954,6.40333700180054,8.4015009691427,3.21448732732417,2.92226120665833,3.57976997815646,0.365282650832291,2.84920467649187,3.06837426699125,0.292226120665833,0.292226120665833,0.43833918099875,7.01342689598,2.48392202565958,0.657508771498125,0.511395711165208,0.730565301664583,0.292226120665833,0.584452241331666,0.219169590499375,3.79893956865583,2.99531773682479,0.584452241331666,0.584452241331666,4.01810915915521,3.72588303848937,1.31501754299625,0.146113060332917,0.0,0.292226120665833,0.292226120665833,0.292226120665833,0.43833918099875,0.146113060332917,0.0730565301664583,1.09584795249687,0.292226120665833,0.365282650832291,0.365282650832291,0.0730565301664583,0.219169590499375,0.657508771498125,0.146113060332917
05/01/2016,14.4653072357178,7.1675853729248,9.02868169746143,3.20372576361535,3.30080836251278,3.88330395589739,0.194165197794869,2.03873457684613,3.00956056582048,0.0,0.291247796692304,0.873743390076912,5.53370813715378,1.65040418125639,0.0,1.35915638456409,0.776660791179478,0.485412994487174,0.0970825988974347,0.970825988974347,3.49497356030765,2.81539536802561,0.194165197794869,0.679578192282043,4.07746915369226,4.27163435148713,1.84456937905126,0.0970825988974347,0.0,0.194165197794869,0.0,0.388330395589739,0.194165197794869,0.0970825988974347,0.291247796692304,1.65040418125639,0.194165197794869,0.485412994487174,0.776660791179478,0.291247796692304,0.388330395589739,1.35915638456409,0.0
06/01/2016,20.1382808685303,9.84721279144287,14.8639692124866,7.28813974289667,6.04148426055908,6.32917398725237,0.38358630225772,4.89072535378592,4.02765617370606,0.0958965755644299,0.38358630225772,0.958965755644299,9.87734728313628,4.41124247596377,0.28768972669329,1.34255205790202,0.671276028951009,0.479482877822149,0.479482877822149,0.19179315112886,5.37020823160807,3.93175959814162,1.53434520903088,1.43844863346645,9.01427810305641,4.21944932483491,1.43844863346645,0.28768972669329,0.0,0.19179315112886,0.0958965755644299,0.19179315112886,0.28768972669329,0.0,0.0,1.72613836015974,0.575379453386579,0.767172604515439,0.767172604515439,0.19179315112886,0.479482877822149,8.82248495192755,0.0958965755644299
07/01/2016,16.5715770721436,8.25501155853271,12.9885333808693,5.01626116778399,4.29965242952914,7.43481565939414,0.447880461409285,3.40389150671057,4.65795679865657,0.0,0.447880461409285,0.985337015100428,7.16608738254856,4.03092415268357,0.268728276845571,0.806184830536714,0.179152184563714,0.537456553691142,0.358304369127428,0.268728276845571,3.135163229865,2.23940230704643,1.16448919966414,0.537456553691142,6.89735910570299,3.67261978355614,1.43321747650971,0.447880461409285,0.0,0.0895760922818571,0.179152184563714,0.179152184563714,0.0895760922818571,0.0895760922818571,0.0,0.985337015100428,0.358304369127428,0.358304369127428,0.358304369127428,0.179152184563714,0.0895760922818571,7.61396784395785,0.0
08/01/2016,14.3333177566528,6.12303447723389,9.93094158853803,4.29999532699585,2.86666355133057,5.22142289706639,0.614285046713693,2.66190186909267,3.58332943916321,0.102380841118949,0.307142523356846,0.614285046713693,5.83570794378008,2.96904439244952,0.204761682237898,0.511904205594744,0.409523364475795,0.511904205594744,0.102380841118949,0.102380841118949,2.86666355133057,2.66190186909267,0.0,0.409523364475795,3.78809112140111,4.29999532699585,1.74047429902213,0.204761682237898,0.0,0.409523364475795,0.0,0.102380841118949,0.204761682237898,0.307142523356846,0.0,1.22857009342739,0.716665887832642,0.204761682237898,0.409523364475795,0.0,0.102380841118949,2.45714018685477,0.0
09/01/2016,13.7636203765869,6.34613561630249,10.5549236016771,3.039817997283,4.053090663044,5.31968149524525,0.168878777626833,3.71533310779033,4.22196944067083,0.0,0.0,0.844393888134166,6.5862723274465,2.70206044202933,0.0844393888134167,0.75995449932075,0.5066363328805,0.422196944067083,0.337757555253667,0.0844393888134167,2.36430288677567,1.5199089986415,0.675515110507333,0.5066363328805,5.23524210643183,4.47528760711108,2.27986349796225,0.25331816644025,0.0,0.0844393888134167,0.0,0.25331816644025,0.168878777626833,0.0844393888134167,0.0,1.5199089986415,0.0844393888134167,0.928833276947583,0.422196944067083,0.0844393888134167,0.0,2.026545331522,0.0
10/01/2016,13.282416343689,7.3926887512207,9.81312849272543,3.86577789107365,4.3613904412113,4.3613904412113,0.396490040110118,2.6763077707433,4.26226793118377,0.0991225100275296,0.297367530082589,0.792980080220237,5.74910558159672,2.57718526071577,0.0991225100275296,1.38771514038541,1.28859263035788,0.396490040110118,0.297367530082589,0.396490040110118,4.46051295123883,3.27104283090848,0.892102590247766,1.38771514038541,4.85700299134895,5.15437052143154,1.88332769052306,0.198245020055059,0.0,0.198245020055059,0.0991225100275296,0.198245020055059,0.594735060165178,0.396490040110118,0.0991225100275296,1.28859263035788,0.198245020055059,0.396490040110118,0.991225100275296,0.0,0.0,2.87455279079836,0.0
11/01/2016,18.3642673492432,11.1059846878052,13.3140938282013,5.16495019197464,5.73883354663849,6.0831635594368,0.22955334186554,3.32852345705032,4.47629016637802,0.11477667093277,0.11477667093277,0.573883354663849,8.95258033275604,4.13196015357971,0.11477667093277,1.72165006399155,0.688660025596619,1.60687339305878,0.803436696529388,0.344330012798309,8.14914363622665,6.88660025596619,2.75464010238647,1.03299003839493,6.77182358503342,8.49347364902496,2.98419344425201,0.344330012798309,0.0,0.459106683731079,0.344330012798309,0.573883354663849,0.573883354663849,0.573883354663849,0.22955334186554,3.21374678611755,0.803436696529388,2.6398634314537,1.49209672212601,0.0,0.22955334186554,6.54227024316788,0.0
12/01/2016,12.2702703475952,6.29494857788086,9.77631295987261,4.48912329790069,4.6886398889185,4.6886398889185,0.199516591017808,4.38936500239178,3.69105693382946,0.0997582955089042,0.698308068562329,0.299274886526713,6.08525602604316,2.99274886526713,0.199516591017808,0.698308068562329,0.698308068562329,0.598549773053425,0.498791477544521,0.598549773053425,5.88573943502535,5.08767307095411,1.59613272814247,0.698308068562329,4.28960670688288,5.38694795748083,1.49637443263356,0.199516591017808,0.0,0.0997582955089042,0.0,0.199516591017808,0.199516591017808,0.0997582955089042,0.199516591017808,0.997582955089042,0.498791477544521,0.798066364071234,0.399033182035617,0.199516591017808,0.299274886526713,1.99516591017808,0.0
01/01/2017,17.7354412078857,9.72434902191162,14.1053801419442,7.57127022324947,4.56350534004078,5.70438167505097,0.414864121821889,3.94120915730794,4.66722137049625,0.518580152277361,0.414864121821889,1.03716030455472,6.11924579687286,3.94120915730794,0.0,2.38546870047586,0.622296182732833,0.93344427409925,0.622296182732833,0.414864121821889,8.1935664059823,7.88241831461588,2.07432060910944,1.34830839592114,4.35607327912983,7.98613434507136,2.80033282229775,0.207432060910944,0.0,0.414864121821889,0.103716030455472,0.207432060910944,0.414864121821889,0.518580152277361,0.0,3.63006106594153,0.726012213188305,2.17803663956492,1.65945648728755,0.0,0.207432060910944,2.28175267002039,0.0
02/01/2017,15.6952857971191,7.82991409301758,11.1635483486552,4.75279781180368,3.86855635844486,3.86855635844486,0.994771635028678,3.42643563176545,4.31067708512427,0.221060363339706,0.442120726679412,0.663181090019119,5.63703926516251,3.64749599510515,0.221060363339706,1.6579527250478,1.32636218003824,0.442120726679412,0.331590545009559,0.663181090019119,7.84764289855957,6.07915999184192,1.98954327005736,1.21583199836838,4.20014690345442,5.52650908349265,2.65272436007647,0.331590545009559,0.0,0.552650908349266,0.0,0.221060363339706,0.442120726679412,0.110530181669853,0.221060363339706,1.98954327005736,0.552650908349266,0.331590545009559,1.43689236170809,0.0,0.221060363339706,1.43689236170809,0.0
03/01/2017,14.3472461700439,9.00333690643311,8.74136852744399,4.18065451312539,3.61056526133556,3.99062476252878,0.760119002386434,3.13549088484404,3.42053551073895,0.190029750596609,0.66510412708813,0.760119002386434,4.75074376491521,3.42053551073895,0.285044625894913,1.71026775536948,0.285044625894913,0.380059501193217,0.0950148752983043,0.380059501193217,6.7460561461796,5.70089251789826,1.23519337887796,1.33020825417626,4.08563963782708,3.70558013663387,1.23519337887796,0.285044625894913,0.0,0.285044625894913,0.0950148752983043,0.0950148752983043,0.0,0.190029750596609,0.0,0.855133877684738,0.475074376491521,0.475074376491521,1.52023800477287,0.190029750596609,0.190029750596609,1.90029750596609,0.0
04/01/2017,17.0386562347412,9.31763553619385,11.240780154864,4.14134005705516,3.31307204564412,2.83977603912353,0.828268011411031,2.48480403423309,4.02301605542501,0.118324001630147,0.354972004890442,0.828268011411031,6.7444680929184,2.12983202934265,0.236648003260295,2.72145203749339,1.30156401793162,0.709944009780884,0.709944009780884,0.828268011411031,7.09944009780884,6.15284808476766,1.06491601467133,1.41988801956177,3.31307204564412,6.38949608802795,2.48480403423309,0.473296006520589,0.0,0.354972004890442,0.473296006520589,0.354972004890442,0.236648003260295,0.354972004890442,0.236648003260295,2.0115080277125,0.591620008150737,1.53821202119191,1.41988801956177,0.591620008150737,0.0,2.60312803586324,0.0
05/01/2017,11.7986850738525,5.60266304016113,7.64013213798648,3.09473706855149,3.19144760194372,1.74078960106021,0.0967105333922339,2.12763173462915,3.28815813533595,0.0967105333922339,0.386842133568936,0.386842133568936,4.8355266696117,2.03092120123691,0.0,0.676973733745638,0.580263200353404,0.290131600176702,0.193421066784468,0.193421066784468,4.06184240247382,3.77171080229712,0.386842133568936,0.386842133568936,2.41776333480585,3.67500026890489,1.64407906766798,0.290131600176702,0.0,0.0,0.0,0.0,0.290131600176702,0.0967105333922339,0.0967105333922339,1.74078960106021,0.580263200353404,0.290131600176702,0.48355266696117,0.0,0.193421066784468,1.16052640070681,0.0
06/01/2017,12.2270278930664,6.14932489395142,7.60058490650074,2.86398851549303,2.75383511105099,2.75383511105099,0.330460213326119,3.08429532437711,2.97414191993507,0.11015340444204,0.0,0.440613617768159,5.06705660433383,2.53352830216691,0.330460213326119,0.771073831094278,0.550767022210198,0.330460213326119,0.440613617768159,0.550767022210198,4.07567596435547,3.08429532437711,0.660920426652238,0.991380639978357,4.07567596435547,4.95690319989179,1.6523010666306,0.11015340444204,0.0,0.330460213326119,0.0,0.220306808884079,0.440613617768159,0.0,0.0,1.32184085330448,0.550767022210198,0.440613617768159,0.550767022210198,0.0,0.0,0.991380639978357,0.0
07/01/2017,14.3518543243408,7.30910587310791,9.16310699169452,3.97435965904823,2.75997198545016,3.86396077963022,0.441595517672025,2.42877534719614,2.98076974428617,0.0,0.220797758836013,0.883191035344051,5.74074172973633,2.53917422661415,0.0,0.662393276508038,0.331196638254019,0.220797758836013,0.0,0.331196638254019,4.52635405613826,4.19515741788424,0.883191035344051,0.662393276508038,4.96794957381028,3.97435965904823,1.54558431185209,0.0,0.0,0.220797758836013,0.220797758836013,0.331196638254019,0.110398879418006,0.331196638254019,0.110398879418006,1.43518543243408,0.331196638254019,0.441595517672025,0.441595517672025,0.110398879418006,0.0,1.21438767359807,0.110398879418006
08/01/2017,16.1578388214111,7.89165592193604,11.91198336469,4.36379588607454,4.835557603488,4.71761717413464,0.707642576120196,3.89203416866108,4.71761717413464,0.0,0.471761717413464,1.06146386418029,6.25084275572839,3.18439159254088,0.235880858706732,1.76910644030049,1.06146386418029,0.0,0.471761717413464,0.117940429353366,6.48672361443513,5.77908103831493,1.41528515224039,1.41528515224039,4.48173631542791,4.24585545672117,1.29734472288703,0.0,0.0,0.58970214676683,0.117940429353366,0.117940429353366,0.235880858706732,0.353821288060098,0.0,2.59468944577405,0.471761717413464,0.825583005473562,1.06146386418029,0.471761717413464,0.0,0.58970214676683,0.117940429353366
09/01/2017,9.56958103179932,6.05516624450684,6.98320777996166,2.24152348492597,2.67258569356557,2.06909860147012,0.258637325183765,2.24152348492597,2.67258569356557,0.0,0.172424883455844,0.258637325183765,3.87955987775648,1.89667371801428,0.0862124417279218,0.862124417279218,0.689699533823374,0.344849766911687,0.258637325183765,0.258637325183765,4.56925941157985,3.53471011084479,0.775911975551296,1.46561150937467,2.84501057702142,2.84501057702142,1.89667371801428,0.258637325183765,0.0,0.344849766911687,0.0,0.172424883455844,0.0,0.431062208639609,0.172424883455844,1.81046127628636,0.517274650367531,0.258637325183765,0.603487092095452,0.258637325183765,0.172424883455844,0.431062208639609,0.0
10/01/2017,12.1659736633301,6.64084720611572,7.96155629438513,2.77312634972965,2.86258203843061,2.86258203843061,0.178911377401913,3.4887718593373,1.87856946272009,0.0894556887009565,0.0894556887009565,0.626189820906695,3.75713892544017,1.87856946272009,0.178911377401913,0.626189820906695,0.715645509607652,0.178911377401913,0.268367066102869,0.447278443504782,4.83060718985165,3.75713892544017,0.536734132205739,1.07346826441148,3.57822754803826,3.75713892544017,1.52074670791626,0.0894556887009565,0.0,0.0894556887009565,0.0894556887009565,0.357822754803826,0.536734132205739,0.0894556887009565,0.0,1.16292395311243,0.178911377401913,0.805101198308608,0.536734132205739,0.0894556887009565,0.0894556887009565,0.715645509607652,0.0
11/01/2017,15.3632144927979,6.24991655349731,9.83245727539063,4.42460577392578,2.45811431884766,3.68717147827148,0.245811431884766,3.31845433044434,3.5642657623291,0.0,0.614528579711914,0.368717147827148,5.77656864929199,3.44136004638672,0.245811431884766,0.737434295654297,0.614528579711914,0.983245727539062,0.983245727539062,0.245811431884766,6.26819151306152,5.0391343536377,0.614528579711914,1.35196287536621,3.5642657623291,4.05588862609863,1.72068002319336,0.0,0.0,0.122905715942383,0.122905715942383,0.245811431884766,0.245811431884766,0.245811431884766,0.245811431884766,1.72068002319336,0.614528579711914,0.491622863769531,0.368717147827148,0.122905715942383,0.122905715942383,1.10615144348145,0.0
12/01/2017,18.2732925415039,10.0120792388916,13.2276819143722,5.72744990106839,5.59108204628105,5.31834633670636,0.272735709574685,5.72744990106839,5.04561062713168,0.0,0.818207128724055,1.36367854787343,6.95476059415447,3.27282851489622,0.0,3.13646066010888,1.63641425744811,0.409103564362028,0.409103564362028,0.409103564362028,9.81848554468867,8.86391056117727,1.09094283829874,1.9091499670228,6.54565702979244,7.09112844894181,2.04551782181014,0.136367854787343,0.0,0.818207128724055,0.0,0.54547141914937,0.954574983511398,0.136367854787343,0.272735709574685,2.86372495053419,0.272735709574685,1.09094283829874,2.59098924095951,0.272735709574685,0.409103564362028,1.22731069308608,0.0
01/01/2018,17.5373020172119,9.07828617095947,12.8526802454909,6.24616236229465,6.00592534836024,5.40533281352422,0.48047402786882,5.52545132049142,4.44438475778658,0.24023701393441,0.360355520901615,0.720711041803229,7.08699191106509,3.00296267418012,0.0,1.44142208360646,0.840829548770434,0.120118506967205,0.48047402786882,0.840829548770434,8.76865100860596,8.64853250163875,0.48047402786882,0.48047402786882,5.28521430655702,4.56450326475379,1.08106656270484,0.120118506967205,0.120118506967205,0.0,0.24023701393441,0.48047402786882,0.24023701393441,0.120118506967205,0.120118506967205,3.60355520901615,0.24023701393441,0.840829548770434,0.840829548770434,0.0,0.120118506967205,1.08106656270484,0.0
02/01/2018,26.6285362243652,12.8393154144287,20.6156409478957,10.1851083254485,12.3939269984373,12.3939269984373,0.613560742496895,10.3078204739478,7.85357750396025,0.122712148499379,0.490848593997516,1.34983363349317,10.7986690679453,5.89018312797019,0.122712148499379,1.22712148499379,0.245424296998758,0.245424296998758,0.858985039495653,0.368136445498137,14.6027456714261,13.4983363349317,3.43594015798261,0.736272890996274,10.9213812164447,6.38103172196771,3.06780371248447,0.0,0.0,0.245424296998758,0.368136445498137,0.245424296998758,0.122712148499379,0.490848593997516,0.122712148499379,2.3315308214882,0.613560742496895,0.490848593997516,0.736272890996274,0.245424296998758,0.122712148499379,1.22712148499379,0.0
03/01/2018,17.5987148284912,10.7208528518677,12.2425842285156,5.793365750994,5.90267453874861,5.6840569632394,0.546543938773019,3.82580757141113,3.82580757141113,0.546543938773019,0.0,0.983779089791434,9.83779089791434,2.9513372693743,0.0,0.546543938773019,0.87447030203683,0.546543938773019,0.327926363263811,1.42101424080985,8.30746786934989,7.76092393057687,1.31170545305525,0.655852726527623,6.77714484078544,5.02820423671177,1.96755817958287,0.327926363263811,0.109308787754604,0.327926363263811,0.0,0.109308787754604,0.437235151018415,0.109308787754604,0.327926363263811,6.33990968976702,0.327926363263811,6.23060090201242,0.546543938773019,0.0,0.0,0.765161514282227,0.0
04/01/2018,17.0577125549316,8.71971416473389,12.2732322041581,5.09651167799787,6.13661610207907,5.20052212040599,0.312031327224359,4.68046990836539,3.64036548428419,0.416041769632479,0.520052212040599,0.624062654448719,9.04890848950642,2.70427150261111,0.0,1.0401044240812,0.624062654448719,0.416041769632479,1.5601566361218,0.832083539264958,7.17672052616026,6.55265787171154,0.312031327224359,0.832083539264958,5.40854300522223,5.20052212040599,2.18421929057051,0.20802088481624,0.10401044240812,0.0,0.0,0.10401044240812,0.10401044240812,0.0,0.0,6.55265787171154,0.520052212040599,5.20052212040599,0.416041769632479,0.20802088481624,0.10401044240812,0.624062654448719,0.0
05/01/2018,15.9463720321655,10.0802488327026,10.2056781005859,3.82712928771973,3.6995583114624,4.59255514526367,0.637854881286621,3.57198733520508,3.82712928771973,0.127570976257324,0.382712928771973,0.382712928771973,7.01640369415283,2.93413245391846,0.127570976257324,1.27570976257324,0.637854881286621,0.510283905029297,0.382712928771973,0.637854881286621,6.88883271789551,6.12340686035156,1.02056781005859,1.27570976257324,4.97526807403564,4.720126121521,1.53085171508789,0.127570976257324,0.0,0.127570976257324,0.0,0.765425857543945,0.127570976257324,0.0,0.127570976257324,3.31684538269043,0.510283905029297,2.93413245391846,1.02056781005859,0.127570976257324,0.382712928771973,1.02056781005859,0.0
06/01/2018,12.3486452102661,4.43096399307251,8.72335487330725,3.39870969089893,3.28541936786897,3.28541936786897,0.113290323029964,3.96516130604875,2.71896775271914,0.339870969089893,0.79303226120975,1.01961290726968,6.6841290587679,2.03922581453936,0.113290323029964,0.679741938179786,0.679741938179786,0.453161292119857,0.339870969089893,0.566451615149822,4.07845162907872,3.85187098301879,0.79303226120975,0.453161292119857,3.96516130604875,3.85187098301879,1.47277419938954,0.113290323029964,0.0,1.01961290726968,0.226580646059929,0.339870969089893,0.339870969089893,0.0,0.113290323029964,4.30503227513864,0.113290323029964,3.62529033695886,0.339870969089893,0.113290323029964,0.113290323029964,0.79303226120975,0.0
07/01/2018,12.576735496521,7.32089328765869,8.69792922189303,4.46650419502615,2.70341043383162,3.29110835422979,0.235079168159271,1.88063334527417,2.46833126567234,0.352618752238906,0.587697920398177,0.587697920398177,5.2892812835836,2.11571251343344,0.0,0.352618752238906,0.470158336318542,0.235079168159271,0.117539584079635,0.470158336318542,5.52436045174287,4.81912294726505,1.05785625671672,0.587697920398177,4.23142502686688,2.82095001791125,1.29293542487599,0.117539584079635,0.0,0.117539584079635,0.0,0.117539584079635,0.352618752238906,0.0,0.0,3.87880627462797,0.470158336318542,3.52618752238906,0.235079168159271,0.235079168159271,0.0,1.05785625671672,0.117539584079635
08/01/2018,14.9844741821289,7.9243278503418,11.2665219414503,4.39394355716562,4.39394355716562,5.29526531248164,0.450660877658012,2.36596960770456,3.37995658243509,0.225330438829006,0.337995658243509,1.12665219414503,6.08392184838316,3.15462614360608,0.901321755316024,0.337995658243509,0.675991316487018,0.337995658243509,0.563326097072515,0.225330438829006,5.29526531248164,4.84460443482363,0.563326097072515,0.450660877658012,5.18260009306714,3.37995658243509,1.68997829121755,0.112665219414503,0.0,0.0,0.112665219414503,0.225330438829006,0.337995658243509,0.225330438829006,0.112665219414503,3.26729136302059,0.563326097072515,3.26729136302059,0.112665219414503,0.112665219414503,0.0,1.23931741355953,0.112665219414503
09/01/2018,18.3354187011719,10.1433448791504,13.4048859411929,6.62540339622177,4.00605786748293,4.77645361122965,0.308158297498687,5.85500765247505,5.23869105747768,0.308158297498687,0.46223744624803,1.0785540412454,6.16316594997374,4.77645361122965,0.154079148749343,0.924474892496061,1.54079148749343,0.46223744624803,0.154079148749343,0.616316594997374,8.62843232996324,8.01211573496586,0.770395743746717,1.69487063624278,5.70092850372571,6.16316594997374,2.77342467748818,0.154079148749343,0.0,0.46223744624803,0.308158297498687,0.308158297498687,0.616316594997374,0.616316594997374,0.308158297498687,4.46829531373096,1.23263318999475,3.85197871873359,0.46223744624803,0.154079148749343,0.0,0.616316594997374,0.0
10/01/2018,24.3669757843018,13.4043912887573,18.3049476623535,10.1033802032471,8.43929405212402,11.5297397613525,0.475453186035156,6.89407119750977,5.70543823242188,0.713179779052734,1.0697696685791,3.09044570922852,10.9354232788086,4.99225845336914,0.0,1.30749626159668,0.475453186035156,0.832043075561523,0.713179779052734,0.475453186035156,8.20156745910645,7.13179779052734,2.02067604064941,1.30749626159668,11.292013168335,4.51680526733398,2.02067604064941,0.475453186035156,0.0,0.118863296508789,0.118863296508789,0.475453186035156,0.237726593017578,0.356589889526367,0.237726593017578,5.22998504638672,0.475453186035156,5.70543823242188,0.713179779052734,0.237726593017578,0.0,1.42635955810547,0.237726593017578
11/01/2018,22.6609058380127,13.6111392974854,16.1211813344251,7.14807096903756,5.62720480541255,7.60433081812507,0.304173232725003,7.14807096903756,4.86677172360004,0.304173232725003,1.52086616362501,1.36877954726251,8.82102374902508,4.25842525815004,0.0,2.43338586180002,0.304173232725003,1.21669293090001,0.456259849087504,0.152086616362501,9.58145683083758,9.27728359811258,0.912519698175008,1.97712601271252,8.06059066721257,3.65007879270003,1.67295277998751,0.152086616362501,0.0,0.608346465450005,0.152086616362501,0.304173232725003,0.152086616362501,0.152086616362501,0.0,5.32303157268755,0.304173232725003,4.56259849087504,1.97712601271252,0.0,0.152086616362501,1.82503939635002,0.0
12/01/2018,39.3930282592773,22.7101669311523,31.8464711214848,21.432222271331,12.0744914204682,19.0173239872373,0.905586856535111,11.9235602777123,10.1123865646421,0.603724571023407,1.96210485582607,4.98072771094311,17.2061502741671,6.64097028125748,0.0,3.32048514062874,1.50931142755852,1.20744914204681,1.66024257031437,2.26396714133778,19.4701174155049,14.7912519900735,7.24469485228089,2.41489828409363,21.7340845568427,7.99935056606015,2.11303599858193,0.301862285511704,0.0,0.905586856535111,1.20744914204681,0.603724571023407,1.05651799929096,0.452793428267556,0.150931142755852,10.7161111356655,1.35838028480267,10.7161111356655,2.71676056960533,0.150931142755852,0.452793428267556,5.43352113921067,0.0
01/01/2019,38.0063781738281,21.5719337463379,28.0981005954371,15.8236671774304,8.8730843985591,12.1265486780308,0.739423699879925,11.6828944581028,8.57731491860713,0.739423699879925,1.33096265978386,4.28865745930356,15.3800129575024,6.80269803889531,0.443654219927955,2.36615583961576,1.47884739975985,1.47884739975985,1.03519317983189,1.03519317983189,17.7461687971182,10.204047058343,10.9434707582229,1.47884739975985,14.7884739975985,6.35904381896735,2.66192531956773,0.29576947995197,0.0,0.443654219927955,0.443654219927955,0.88730843985591,1.03519317983189,0.739423699879925,0.147884739975985,7.69000647875122,1.9225016196878,6.35904381896735,0.88730843985591,0.59153895990394,0.59153895990394,2.80981005954371,0.59153895990394
02/01/2019,16.6787738800049,9.46490478515625,11.5371969696274,4.63995965082843,2.38268198285784,4.26374670616666,0.25080862977451,3.51132081684313,3.8875337615049,0.25080862977451,0.125404314887255,1.25404314887255,6.01940711458823,2.13187335308333,0.0,0.627021574436274,1.00323451909804,0.752425889323528,0.376212944661764,0.752425889323528,6.27021574436274,4.26374670616666,2.00646903819608,1.3794474637598,5.01617259549019,3.63672513173039,1.50485177864706,0.376212944661764,0.125404314887255,0.125404314887255,0.0,0.125404314887255,0.25080862977451,0.376212944661764,0.25080862977451,2.50808629774509,0.627021574436274,3.26051218706862,0.376212944661764,0.0,0.25080862977451,1.25404314887255,0.125404314887255
03/01/2019,20.7709579467773,11.0079498291016,13.4053700223882,6.62902913195022,5.00859978858461,5.59784682253574,0.147311758487783,4.86128803009683,5.30322330556017,0.147311758487783,0.883870550926695,1.17849406790226,7.36558792438913,2.94623516975565,0.147311758487783,1.47311758487783,1.76774110185339,0.736558792438913,1.62042934336561,0.294623516975565,7.21827616590135,6.03978209799909,1.17849406790226,1.17849406790226,6.48171737346243,5.59784682253574,1.76774110185339,0.147311758487783,0.0,1.03118230941448,0.294623516975565,0.294623516975565,0.736558792438913,1.32580582639004,0.0,3.83010572068235,0.883870550926695,2.94623516975565,1.03118230941448,0.441935275463348,0.294623516975565,1.47311758487783,0.0
04/01/2019,18.8068008422852,9.52946090698242,11.8125360662287,5.59541182084517,4.81827129017223,3.57484644109553,0.621712424538352,5.28455560857599,3.73027454723011,0.155428106134588,1.08799674294212,1.2434248490767,8.54854583740234,2.17599348588423,0.155428106134588,0.932568636807528,2.48684969815341,0.466284318403764,1.08799674294212,0.77714053067294,6.83883666992187,6.5279804576527,0.466284318403764,1.55428106134588,5.59541182084517,4.97369939630682,1.86513727361506,0.0,0.0,0.621712424538352,0.310856212269176,0.621712424538352,1.39885295521129,0.155428106134588,0.466284318403764,3.10856212269176,0.310856212269176,1.55428106134588,0.310856212269176,0.155428106134588,0.466284318403764,1.08799674294212,0.155428106134588
05/01/2019,19.5266246795654,10.9645805358887,12.2198877026958,6.29891118695659,3.90532493591309,5.1651071733044,0.251956447478264,5.03912894956527,3.02347736973916,0.503912894956527,0.755869342434791,2.26760802730437,8.3145627667827,2.64554269852177,0.0,0.755869342434791,0.755869342434791,0.503912894956527,0.755869342434791,0.755869342434791,8.06260631930444,6.80282408191312,1.38576046113045,1.00782578991305,6.04695473947833,4.66119427834788,0.755869342434791,0.125978223739132,0.0,0.755869342434791,0.0,0.125978223739132,0.125978223739132,0.377934671217395,0.125978223739132,4.28325960713048,0.125978223739132,6.42488941069572,0.377934671217395,0.0,0.377934671217395,1.25978223739132,0.251956447478264
06/01/2019,19.7901630401611,10.9900217056274,14.1160603503247,7.05803017516236,5.67410268983641,6.91963742662977,0.830356491195572,6.78124467809717,4.29017520451046,0.691963742662977,1.10714198826076,1.52232023385855,8.8571359060861,1.66071298239114,0.138392748532595,0.830356491195572,0.691963742662977,0.691963742662977,1.24553473679336,0.830356491195572,7.33481567222755,6.22767368396679,1.66071298239114,1.24553473679336,7.88838666635793,4.29017520451046,0.830356491195572,0.138392748532595,0.0,0.691963742662977,0.138392748532595,0.138392748532595,0.276785497065191,0.138392748532595,0.138392748532595,5.53570994130381,0.691963742662977,5.9508881869016,0.415178245597786,0.276785497065191,0.138392748532595,0.553570994130381,0.0
07/01/2019,21.4497509002686,10.7216596603394,15.4914867613051,7.83086143978058,5.61779190245129,7.83086143978058,0.1702361182561,6.29873637547569,5.44755578419519,0.0,1.3618889460488,2.38330565558539,7.66062532152448,2.72377789209759,0.0,1.0214167095366,0.680944473024399,1.3618889460488,1.0214167095366,1.1916528277927,6.80944473024399,5.78802802070739,0.510708354768299,1.8725973008171,8.34156979454888,5.44755578419519,2.0428334190732,0.510708354768299,0.0,0.680944473024399,0.1702361182561,0.1702361182561,0.1702361182561,0.1702361182561,0.0,4.08566683814639,0.340472236512199,2.89401401035369,0.680944473024399,0.0,0.340472236512199,0.680944473024399,0.0
08/01/2019,30.8820037841797,18.3355865478516,24.4421546538294,16.2459830333836,8.04981141293783,12.2942574306687,1.17088166006368,9.36705328050948,5.85440830031842,0.878161245047764,3.95172560271494,6.58620933785823,13.4651390907324,3.80536539520698,1.17088166006368,1.46360207507961,0.585440830031842,0.585440830031842,0.731801037539803,1.02452145255572,11.4160961856209,9.95249411054132,1.17088166006368,1.46360207507961,14.6360207507961,5.85440830031842,1.90268269760349,0.0,0.0,0.878161245047764,0.0,0.146360207507961,0.146360207507961,0.439080622523882,0.0,14.3433003357801,1.31724186757165,12.5869778456846,0.585440830031842,0.585440830031842,0.292720415015921,2.78084394265125,0.0
09/01/2019,16.2433261871338,9.96460247039795,11.5605654845367,7.31681359780801,4.09741561477249,4.97543324650945,0.439008815868481,4.09741561477249,4.24375188672865,0.0,0.585345087824641,3.21939798303553,6.87780478193953,2.04870780738624,0.14633627195616,0.439008815868481,0.878017631736962,0.292672543912321,0.878017631736962,0.292672543912321,5.41444206237793,4.68276070259713,0.731681359780801,1.17069017564928,5.41444206237793,4.53642443064097,0.878017631736962,0.0,0.0,0.731681359780801,0.0,0.585345087824641,0.14633627195616,0.0,0.14633627195616,4.97543324650945,0.292672543912321,4.53642443064097,0.439008815868481,0.0,0.0,2.1950440793424,0.14633627195616
10/01/2019,13.9247999191284,6.34904766082764,9.77924879816652,5.42110531202709,2.76370074730793,4.14555112096189,0.744073278121366,4.25184730355066,3.61407020801806,0.212592365177533,1.38185037365397,2.5511083821304,6.37777095532599,2.2322198343641,0.0,0.744073278121366,0.744073278121366,0.425184730355066,0.637777095532599,0.425184730355066,2.8699969298967,2.5511083821304,0.425184730355066,0.744073278121366,4.7833282164945,2.5511083821304,0.956665643298899,0.0,0.0,0.106296182588767,0.106296182588767,0.106296182588767,0.106296182588767,0.212592365177533,0.0,3.8266625731956,0.744073278121366,3.08258929507423,0.3188885477663,0.106296182588767,0.3188885477663,2.44481219954163,0.0
11/01/2019,18.7522888183594,9.74628162384033,13.8016845703125,8.55104370117188,2.10025634765625,4.65056762695312,0.6000732421875,4.8005859375,4.50054931640625,0.450054931640625,1.50018310546875,2.55031127929688,7.8009521484375,1.65020141601562,0.0,2.10025634765625,1.50018310546875,0.6000732421875,0.90010986328125,1.05012817382812,5.85071411132813,5.10062255859375,0.6000732421875,2.10025634765625,5.85071411132813,4.05049438476563,1.50018310546875,0.0,0.0,0.450054931640625,0.30003662109375,0.30003662109375,1.05012817382812,0.150018310546875,0.150018310546875,4.05049438476563,0.30003662109375,4.35053100585938,1.35016479492187,0.0,0.150018310546875,2.10025634765625,0.150018310546875
12/01/2019,21.4082641601563,11.2140865325928,14.4820610495175,8.18551276711857,5.35206604003906,6.76878940357881,0.787068535299862,6.13913457533892,6.45396198945887,0.472241121179917,2.04637819177964,2.8334467270795,9.44482242359835,3.77792896943934,0.314827414119945,2.04637819177964,1.10189594941981,0.787068535299862,2.20379189883961,0.787068535299862,9.75964983771829,7.3984442318187,1.7315507776597,2.04637819177964,6.13913457533892,6.2965482823989,0.944482242359835,0.0,0.0,0.472241121179917,0.314827414119945,0.472241121179917,0.62965482823989,0.314827414119945,0.314827414119945,5.66689345415901,0.62965482823989,4.09275638355928,0.787068535299862,0.787068535299862,0.472241121179917,4.25017009061925,0.314827414119945
01/01/2020,15.6904382705688,8.41089344024658,10.5481937953404,5.66965416499547,4.35112994057792,3.95557267325265,0.52740968976702,3.69186782836914,3.42816298348563,0.0,0.52740968976702,1.71408149174282,7.77929292406355,2.76890087127686,0.131852422441755,0.52740968976702,0.922966957092285,0.659262112208775,1.58222906930106,0.395557267325265,4.35112994057792,3.8237202508109,0.52740968976702,0.52740968976702,4.87853963034494,3.69186782836914,1.71408149174282,0.0,0.0,0.26370484488351,0.131852422441755,0.79111453465053,0.0,0.131852422441755,0.0,4.48298236301967,0.395557267325265,1.84593391418457,0.26370484488351,0.131852422441755,0.52740968976702,1.1866718019758,0.131852422441755
02/01/2020,24.443546295166,12.1700839996338,15.9050472468546,9.20818524817898,4.18553874917226,4.01811719920537,0.167421549966891,4.35296029913915,4.68780339907293,0.167421549966891,0.669686199867562,3.34843099933781,9.71044989807965,2.51132324950336,0.167421549966891,2.17648014956958,0.669686199867562,0.837107749834453,0.837107749834453,1.33937239973512,5.69233269887428,4.01811719920537,0.502264649900672,2.00905859960269,6.69686199867562,4.52038184910604,1.67421549966891,0.669686199867562,0.0,1.17195084976823,0.167421549966891,1.17195084976823,0.0,0.334843099933781,0.334843099933781,4.35296029913915,0.669686199867562,1.00452929980134,1.33937239973512,0.669686199867562,0.167421549966891,2.51132324950336,0.0
03/01/2020,63.36376953125,29.1938743591309,46.6632411276647,28.1616753472222,10.64249359052,15.0632216973514,1.80103737685724,24.5596005935078,15.3906830385982,0.0,1.63730670623385,6.38549615431202,28.489136688469,20.4663338279231,0.32746134124677,10.1513015786499,1.47357603561047,0.163730670623385,1.47357603561047,0.65492268249354,21.2849871810401,14.2445683442345,3.43834408309109,10.9699549317668,23.0860245578973,10.64249359052,4.25699743620801,0.163730670623385,0.0,1.47357603561047,0.491192011870155,0.65492268249354,0.818653353116925,0.818653353116925,1.80103737685724,19.3202191335594,1.96476804748062,1.96476804748062,6.38549615431202,1.80103737685724,0.491192011870155,2.61969072997416,0.32746134124677
04/01/2020,38.3176765441895,16.9660415649414,28.6503728289123,14.0615326767668,6.50345886300463,5.27307475378754,2.2849990599746,17.9284541628776,11.6007644583326,0.0,0.351538316919169,3.16384485227252,16.1707625782818,8.43691960606006,0.0,6.15192054608546,1.40615326767668,0.703076633838339,0.527307475378754,0.878845792297923,13.7099943598476,9.31576539835799,1.75769158459585,6.8549971799238,10.1946111906559,5.80038222916629,2.81230653535335,0.351538316919169,0.0,0.703076633838339,0.351538316919169,0.351538316919169,0.351538316919169,0.527307475378754,1.93346074305543,6.32768970454505,0.175769158459585,1.40615326767668,3.16384485227252,0.878845792297923,0.703076633838339,0.878845792297923,0.175769158459585
05/01/2020,35.7407417297363,15.6916217803955,23.4091407820495,11.2865500199167,3.34416296886422,5.64327500995837,1.04505092777007,14.839723174335,10.0324889065927,0.0,0.209010185554014,2.50812222664816,13.3766518754569,5.01624445329633,0.0,4.38921389663429,1.4630712988781,1.67208148443211,1.25406111332408,0.418020371108027,10.0324889065927,6.27030556662041,0.836040742216054,5.22525463885034,8.15139723660653,6.27030556662041,2.71713241220218,0.418020371108027,0.0,1.04505092777007,0.0,0.627030556662041,0.418020371108027,1.25406111332408,0.836040742216054,4.5982240821883,2.09010185554014,1.25406111332408,2.09010185554014,1.4630712988781,0.209010185554014,0.836040742216054,0.209010185554014
06/01/2020,37.0493545532227,14.2765293121338,25.1339842446485,10.4259490200024,4.65444152678677,7.26092878178735,0.372355322142941,15.0803905467891,8.19181708714471,0.186177661071471,0.186177661071471,3.165020238215,14.5218575635747,4.28208620464383,0.0,2.42030959392912,1.67559894964324,1.48942128857177,0.744710644285883,0.558532983214412,10.6121266810738,6.70239579857294,0.744710644285883,6.14386281535853,10.6121266810738,6.14386281535853,2.04795427178618,0.558532983214412,0.0,1.11706596642882,0.186177661071471,0.186177661071471,0.744710644285883,0.372355322142941,0.372355322142941,4.28208620464383,0.558532983214412,0.744710644285883,0.930888305357353,0.372355322142941,0.558532983214412,1.67559894964324,0.0
07/01/2020,28.310188293457,13.3802919387817,19.5993611262395,6.99977183079982,4.82206503899543,4.82206503899543,0.777752425644424,11.6662863846664,5.91091843489762,0.0,0.155550485128885,1.86660582154662,11.1996349292797,2.0221563066755,0.0,1.24440388103108,0.777752425644424,1.24440388103108,0.777752425644424,0.466651455386654,8.08862522670201,4.35541358360877,0.777752425644424,3.88876212822212,7.62197377131535,7.31087280105759,2.48880776206216,0.31110097025777,0.0,0.777752425644424,0.155550485128885,0.155550485128885,0.466651455386654,0.622201940515539,0.777752425644424,2.79990873231993,0.466651455386654,0.155550485128885,0.777752425644424,0.0,0.622201940515539,1.24440388103108,0.31110097025777
08/01/2020,29.6715507507324,14.0231828689575,22.0091173151037,8.96667742467189,6.03212844932472,4.72788446028154,0.489091495891194,12.2272873972798,8.31455543015029,0.0,0.163030498630398,1.46727448767358,10.4339519123455,2.93454897534716,0.0,3.26060997260796,1.30424398904318,1.14121349041279,0.81515249315199,0.652121994521592,11.5751654027583,7.9884944328895,1.63030498630398,6.52121994521592,6.19515894795512,5.21697595617273,1.30424398904318,0.326060997260796,0.0,0.652121994521592,0.326060997260796,0.163030498630398,0.163030498630398,0.652121994521592,0.489091495891194,3.58667096986875,0.326060997260796,0.652121994521592,2.93454897534716,0.163030498630398,0.0,1.14121349041279,0.326060997260796
09/01/2020,20.930004119873,8.98830032348633,14.7741205552045,5.23250102996826,5.23250102996826,4.61691267350141,0.461691267350141,6.7714719211354,4.30911849526798,0.0,0.307794178233427,1.69286798028385,8.31044281230253,2.61625051498413,0.153897089116714,2.00066215851728,1.38507380205042,0.307794178233427,0.461691267350141,0.153897089116714,4.61691267350141,2.61625051498413,1.077279623817,2.3084563367507,5.07860394085155,3.84742722791784,1.23117671293371,0.153897089116714,0.0,0.153897089116714,0.153897089116714,0.0,0.307794178233427,0.153897089116714,0.615588356466854,2.46235342586742,0.307794178233427,0.0,0.923382534700282,0.461691267350141,0.615588356466854,2.00066215851728,0.0
10/01/2020,30.4348373413086,16.4343223571777,17.8826162909384,7.73767051050218,2.92311997063416,4.98649877343474,0.687792934266861,8.76935991190248,5.50234347413489,0.515844700700146,0.34389646713343,2.75117173706744,10.8327387147031,2.40727526993401,0.0,3.4389646713343,2.75117173706744,0.687792934266861,0.515844700700146,0.34389646713343,11.5205316489699,8.42546344476905,3.78286113846773,3.95480937203445,6.70598110910189,8.76935991190248,1.37558586853372,0.171948233566715,0.0,1.37558586853372,0.859741167833576,0.515844700700146,2.57922350350073,0.515844700700146,0.0,4.29870583916788,0.687792934266861,0.859741167833576,2.40727526993401,0.34389646713343,0.171948233566715,3.95480937203445,0.0
11/01/2020,20.4960956573486,10.10573387146,13.3071665835025,5.50641375869068,2.75320687934534,3.51798656805238,0.305911875482815,5.04754594546645,5.04754594546645,0.0,0.458867813224223,1.07069156418985,6.27119344739772,2.60025094160393,0.0,2.60025094160393,1.37660343967267,0.764779688707038,0.917735626448446,0.152955937741408,7.64779688707039,5.65936969643209,1.37660343967267,3.05911875482815,5.9652815719149,6.88301719836335,2.44729500386252,0.152955937741408,0.0,0.305911875482815,0.0,0.152955937741408,0.917735626448446,0.458867813224223,0.152955937741408,2.60025094160393,0.611823750965631,1.07069156418985,1.37660343967267,1.07069156418985,0.0,1.9884271906383,0.0
12/01/2020,22.3878288269043,10.2574577331543,13.3987763433745,4.2401190960046,2.54407145760276,2.71367622144295,0.678419055360736,7.4626096089681,4.57932862368497,0.169604763840184,0.508814291520552,1.0176285830411,9.15865724736994,2.37446669376258,0.0,2.37446669376258,1.52644287456166,1.52644287456166,1.0176285830411,0.0,6.95379531744755,4.07051433216442,1.52644287456166,4.07051433216442,4.2401190960046,6.78419055360736,2.03525716608221,0.339209527680368,0.0,0.508814291520552,0.339209527680368,0.339209527680368,0.508814291520552,0.84802381920092,0.169604763840184,4.07051433216442,0.84802381920092,0.508814291520552,0.84802381920092,0.84802381920092,0.0,1.86565240224202,0.169604763840184
01/01/2021,26.758659362793,13.1792507171631,17.3245166387313,4.63130642817571,4.63130642817571,5.83201550214719,0.514589603130634,8.57649338551057,4.11671682504507,0.171529867710211,0.0,1.37223894168169,9.94873232719226,2.74447788336338,0.343059735420423,2.91600775107359,2.91600775107359,0.514589603130634,0.686119470840845,0.857649338551057,8.06190378237993,5.83201550214719,1.88682854481232,3.25906748649402,6.34660510527782,9.94873232719226,4.28824669275528,0.0,0.0,1.20070907397148,0.171529867710211,0.343059735420423,1.02917920626127,1.20070907397148,0.343059735420423,2.91600775107359,0.171529867710211,1.02917920626127,1.71529867710211,0.686119470840845,0.514589603130634,1.20070907397148,0.0
02/01/2021,24.2736873626709,11.3346586227417,14.1462548868546,3.21505792883058,4.9833397896874,5.14409268612893,0.160752896441529,5.62635137545352,3.8580695145967,0.0,0.0,1.76828186085682,9.00216220072563,2.08978765373988,0.0,1.44677606797376,1.1252702750907,0.482258689324587,1.44677606797376,0.321505792883058,7.39463323631034,4.01882241103823,2.25054055018141,2.41129344662294,6.91237454698575,8.03764482207646,4.01882241103823,0.321505792883058,0.0,0.321505792883058,0.0,0.321505792883058,0.160752896441529,0.0,0.0,1.1252702750907,0.160752896441529,0.160752896441529,0.803764482207646,0.321505792883058,0.321505792883058,0.803764482207646,0.0
03/01/2021,29.4803447723389,16.0682353973389,17.6241191573765,7.53030545815178,5.92811280748119,6.72920913281648,0.320438530134118,7.85074398828589,5.76789354241413,0.160219265067059,0.0,1.44197338560353,10.2540329642918,2.08285044587177,0.320438530134118,3.68504309654236,2.56350824107294,1.44197338560353,0.480657795201177,0.0,8.97227884375531,5.44745501228001,1.60219265067059,3.20438530134118,6.56898986774942,10.4142522293588,2.88394677120706,0.0,0.0,2.08285044587177,0.0,0.480657795201177,1.28175412053647,0.801096325335295,0.320438530134118,3.84526236160942,0.480657795201177,0.320438530134118,1.76241191573765,0.640877060268236,0.480657795201177,0.961315590402354,0.0
04/01/2021,24.6758632659912,12.8492755889893,13.5475327734854,3.87072364956725,3.38688319337134,3.06432288924074,0.483840456195906,6.28992593054678,4.51584425782846,0.161280152065302,0.161280152065302,1.12896106445711,8.2252877553304,3.06432288924074,0.0,2.25792212891423,1.45152136858772,0.645120608261208,0.80640076032651,0.322560304130604,6.45120608261208,5.16096486608966,1.12896106445711,2.09664197684893,5.32224501815497,8.54784805946101,4.83840456195906,0.161280152065302,0.0,1.29024121652242,0.0,0.322560304130604,0.0,0.161280152065302,0.161280152065302,2.74176258511013,0.322560304130604,0.161280152065302,1.61280152065302,0.161280152065302,0.483840456195906,1.61280152065302,0.161280152065302
05/01/2021,19.7852840423584,8.7756872177124,14.2638094258863,3.52760878274607,6.28834609098213,5.82822320627612,1.07362006431402,6.44172038588413,5.0613517317661,0.0,0.460122884706009,0.306748589804006,7.20859186039414,1.99386583372604,0.0,1.22699435921602,1.22699435921602,0.460122884706009,0.306748589804006,0.306748589804006,7.36196615529615,5.67484891137411,1.38036865411803,2.76073730823606,5.67484891137411,5.52147461647211,1.84049153882404,0.153374294902003,0.0,1.53374294902003,0.153374294902003,1.07362006431402,0.920245769412019,1.38036865411803,0.613497179608012,1.38036865411803,0.920245769412019,0.153374294902003,0.613497179608012,0.153374294902003,0.0,0.0,0.306748589804006
06/01/2021,21.9521350860596,10.0915622711182,14.2944135444109,3.40343179628831,6.12617723331895,4.4244613351748,0.850857949072076,6.29634882313337,5.95600564350453,0.0,0.0,0.850857949072076,8.84892267034959,1.53154430832974,0.0,3.57360338610272,0.850857949072076,0.510514769443246,1.19120112870091,0.340343179628831,7.65772154164869,5.10514769443246,1.02102953888649,3.74377497591714,5.95600564350453,6.29634882313337,2.55257384721623,0.340343179628831,0.0,0.850857949072076,0.0,0.510514769443246,0.340343179628831,0.170171589814415,0.0,2.2122306675874,0.680686359257661,0.170171589814415,2.38240225740181,0.510514769443246,0.340343179628831,1.19120112870091,0.0
07/01/2021,16.6234931945801,7.24849605560303,11.6485791728444,3.51884162513009,4.61089592258426,2.79080542682731,0.242678732767592,4.61089592258426,3.1548235259787,0.0,0.121339366383796,1.09205429745417,6.06696831918981,1.69875112937315,0.0,1.69875112937315,0.728036198302777,0.97071493107037,0.485357465535185,0.728036198302777,4.48955655620046,3.0334841595949,0.97071493107037,1.57741176298935,4.73223528896805,5.58161085365462,2.18410859490833,0.485357465535185,0.0,0.485357465535185,0.0,0.121339366383796,0.242678732767592,0.0,0.242678732767592,1.82009049575694,0.242678732767592,0.0,0.728036198302777,0.0,0.485357465535185,0.242678732767592,0.0
08/01/2021,19.6410808563232,9.05138206481934,12.4048931724147,3.27351347605387,4.3072545737551,2.23977237835265,0.689160731800815,5.51328585440652,3.79038402490448,0.0,0.516870548850612,0.861450914751019,7.92534841570938,0.689160731800815,0.0,3.27351347605387,0.516870548850612,0.516870548850612,0.689160731800815,0.861450914751019,6.54702695210775,4.82412512260571,0.516870548850612,2.58435274425306,5.34099567145632,7.23618768390856,2.92893311015347,0.172290182950204,0.0,0.861450914751019,0.344580365900408,0.172290182950204,0.0,0.0,0.0,1.20603128065143,0.172290182950204,0.344580365900408,1.20603128065143,0.516870548850612,0.172290182950204,0.516870548850612,0.0
09/01/2021,23.4801654815674,12.5472555160522,18.0746597591922,7.26364831444171,4.39197339942987,5.74334983002368,0.168922053824226,10.3042452832778,7.43257036826593,0.0,0.0,2.19598669971494,9.29071296033242,2.53383080736339,0.0,2.19598669971494,0.337844107648452,0.506766161472677,0.337844107648452,0.0,10.6420893909262,6.41903804532058,2.19598669971494,4.72981750707832,8.10825858356284,6.75688215296903,1.85814259206648,0.0,0.0,1.01353232294535,0.0,0.337844107648452,0.337844107648452,0.0,0.168922053824226,2.53383080736339,0.506766161472677,0.506766161472677,0.675688215296903,0.0,0.337844107648452,0.0,0.0
10/01/2021,19.6839694976807,9.34335517883301,14.3596170925703,4.51763234372999,6.1310724664907,4.19494431917785,0.0,5.16300839283427,5.64704042966249,0.0,0.0,1.45209611048464,10.1646727733925,2.09747215958892,0.0,1.1294080859325,1.29075209820857,0.0,0.968064073656426,0.0,8.38988863835569,5.80838444193856,3.22688024552142,3.22688024552142,5.64704042966249,5.0016643805582,2.74284820869321,0.0,0.0,0.0,0.0,0.0,0.0,0.806720061380355,0.0,2.25881617186499,0.484032036828213,0.322688024552142,0.322688024552142,0.0,0.0,0.645376049104284,0.0
11/01/2021,14.1354026794434,5.43151426315308,9.42360178629557,3.28398244067876,3.56954613117257,3.14120059543186,0.428345535740708,4.42623720265398,2.99841875018495,0.0,0.0,0.428345535740708,6.13961934561681,1.85616398820973,0.0,1.57060029771593,0.285563690493805,0.142781845246903,0.428345535740708,0.571127380987611,3.56954613117257,2.28450952395044,0.571127380987611,1.14225476197522,3.99789166691327,5.2829282741354,0.856691071481416,0.142781845246903,0.0,1.28503660722212,0.0,0.0,0.0,0.285563690493805,0.0,2.14172767870354,0.0,0.0,0.999472916728318,0.0,0.0,0.571127380987611,0.0
12/01/2021,16.6985988616943,6.93222379684448,12.2257598808834,4.17464971542358,6.85835310391017,4.92012287889208,0.447283898081098,6.11287994044168,3.57827118464879,0.0,0.0,1.0436624288559,6.85835310391017,0.447283898081098,0.298189265387399,2.08732485771179,1.49094632693699,0.447283898081098,0.298189265387399,0.149094632693699,6.85835310391017,4.17464971542358,1.49094632693699,2.83279802118029,6.26197457313538,6.41106920582908,1.49094632693699,0.149094632693699,0.0,0.596378530774798,0.0,0.0,0.894567796162197,0.0,0.0,3.13098728656769,0.0,0.149094632693699,0.894567796162197,0.298189265387399,0.596378530774798,0.447283898081098,0.149094632693699
01/01/2022,20.497465133667,10.1282072067261,15.5548139666835,5.96025581900955,10.6121627996999,7.55934884362187,0.0,7.55934884362187,3.77967442181093,0.0,0.0,1.01760465202602,7.85009302991502,1.59909302461232,0.0,2.90744186293149,1.01760465202602,0.290744186293149,0.0,0.436116279439723,6.10562791215612,3.92504651495751,0.436116279439723,2.90744186293149,8.14083721620817,4.07041860810408,1.59909302461232,0.0,0.0,0.0,0.0,0.0,0.726860465732872,0.0,0.0,1.45372093146574,0.145372093146574,0.872232558879447,0.726860465732872,0.290744186293149,0.290744186293149,0.145372093146574,0.0
02/01/2022,23.0260334014893,10.6450634002686,17.979231560067,4.41595161124452,11.8284418158335,8.67419066494458,0.315425115088894,6.15078974423343,5.3622269565112,0.0,0.0,1.26170046035558,11.6707292582891,1.10398790281113,0.0,2.52340092071115,0.473137672633341,0.788562787722235,1.73483813298892,0.473137672633341,7.88562787722235,5.99307718668898,1.26170046035558,2.20797580562226,10.4090287979335,4.73137672633341,1.10398790281113,0.315425115088894,0.0,0.0,0.0,0.315425115088894,0.315425115088894,0.0,0.0,4.41595161124452,0.473137672633341,0.0,0.473137672633341,0.157712557544447,0.630850230177788,0.0,0.0
03/01/2022,23.0495510101318,11.7654275894165,18.2252263801042,7.50450498004292,11.6587845225667,8.44256810254829,0.0,6.83445989253909,5.09234266502913,0.0,0.536036070003066,2.0101352625115,13.2668927325759,0.938063122505365,0.0,1.34009017500766,0.670045087503832,0.268018035001533,0.268018035001533,0.0,4.42229757752529,3.08220740251763,0.268018035001533,2.54617133251456,11.3907664875652,6.83445989253909,4.55630659502606,0.0,0.0,0.536036070003066,0.402027052502299,0.402027052502299,0.402027052502299,0.0,0.0,12.060811575069,0.670045087503832,0.268018035001533,0.804054105004599,0.0,0.134009017500766,0.670045087503832,0.0
04/01/2022,20.310375213623,8.49948310852051,15.0741066038609,6.66434186697006,9.67916318774223,7.61639070510864,0.63469922542572,6.02964264154434,4.44289457798004,0.0,0.0,1.90409767627716,8.56843954324722,1.26939845085144,0.0,1.11072364449501,1.26939845085144,0.47602441906929,0.31734961271286,0.63469922542572,5.23626860976219,3.49084573984146,0.79337403178215,0.79337403178215,7.45771589875221,4.7602441906929,2.69747170805931,0.31734961271286,0.0,0.0,0.0,0.0,0.0,0.0,0.0,6.50566706061363,1.11072364449501,0.0,0.31734961271286,0.0,0.31734961271286,0.31734961271286,0.0
05/01/2022,27.8623809814453,14.9348812103271,21.8053416376529,13.1740605727486,16.9597101626189,13.0226345891538,0.757129917974057,10.5998188516368,7.72272516333539,0.0,0.0,4.54277950784434,13.1740605727486,2.11996377032736,0.302851967189623,1.05998188516368,1.3628338523533,0.908555901568869,0.908555901568869,0.454277950784434,8.32842909771463,6.96559524536133,0.757129917974057,1.81711180313774,12.7197826219642,7.11702122895614,2.11996377032736,0.0,0.0,0.454277950784434,0.0,0.0,1.05998188516368,0.0,0.151425983594811,9.99411491725756,0.908555901568869,0.454277950784434,0.605703934379246,0.0,0.0,0.757129917974057,0.151425983594811
06/01/2022,17.101110458374,8.36703968048096,14.1846420081087,9.27967234175335,10.4727730714073,9.80993933271068,1.06053398191467,5.17010316183401,6.36320389148801,0.0,0.662833738696668,3.31416869348334,7.02603763018468,0.927967234175335,0.0,0.927967234175335,0.397700243218001,0.0,0.530266990957334,0.397700243218001,5.30266990957334,2.91646845026534,0.662833738696668,2.386201459308,10.2076395759287,4.24213592765867,1.45823422513267,0.0,0.0,0.0,0.0,0.0,0.397700243218001,1.06053398191467,0.0,4.77240291861601,1.193100729654,0.0,0.662833738696668,0.0,0.397700243218001,0.0,0.0
07/01/2022,24.5355491638184,10.3050508499146,19.1186097380403,10.1965918602881,12.4270963297262,10.0372701124711,0.477965243451007,8.60337438211813,6.8508351561311,0.159321747817002,0.796608739085012,4.30168719105906,10.1965918602881,2.07118272162103,0.318643495634005,1.75253922598703,1.11525223471902,0.477965243451007,0.796608739085012,0.0,6.5321916604971,5.25761767796108,0.318643495634005,1.27457398253602,9.55930486902014,5.09829593014407,2.07118272162103,0.0,0.0,0.0,0.477965243451007,0.637286991268009,0.477965243451007,0.0,0.0,5.09829593014407,0.637286991268009,0.0,0.955930486902014,0.0,0.0,0.318643495634005,0.0
08/01/2022,14.141188621521,5.61620569229126,11.4217292712285,5.3301403265733,7.7232645548307,5.2213619525616,0.2175567480234,5.2213619525616,2.9370160983159,0.0,0.2175567480234,1.1965621141287,5.7652538226201,1.4141188621521,0.0,2.7194593502925,0.9790053661053,0.7614486180819,0.2175567480234,0.6526702440702,4.4599133344797,3.9160214644212,0.2175567480234,1.6316756101755,4.5686917084914,3.9160214644212,1.8492323581989,0.4351134960468,0.0,0.0,0.0,0.5438918700585,0.5438918700585,0.0,0.0,2.0667891062223,0.3263351220351,0.0,1.5228972361638,0.0,0.2175567480234,0.0,0.0
09/01/2022,16.8614864349365,6.66747140884399,12.707207168358,8.06418916453486,9.04166663902393,6.72015763711238,0.0,5.13175674106764,4.39864863520083,0.0,0.366554052933403,1.46621621173361,7.08671169004579,2.19932431760042,0.244369368622268,1.83277026466701,0.488738737244537,0.122184684311134,0.977477474489074,0.244369368622268,5.13175674106764,1.34403152742248,0.488738737244537,2.32150900191155,7.94200448022372,2.81024773915609,0.977477474489074,0.122184684311134,0.0,0.244369368622268,0.0,0.0,0.0,0.0,0.0,3.05461710777836,0.85529279017794,0.0,0.610923421555671,0.0,0.0,0.366554052933403,0.0
10/01/2022,20.8659439086914,8.82826042175293,16.808677037557,8.40433851877848,11.7370934486389,9.56355762481689,0.869414329528809,6.08590030670166,7.24511941274007,0.0,0.289804776509603,1.59392627080282,9.56355762481689,3.47765731811523,0.434707164764404,3.04295015335083,0.724511941274007,0.289804776509603,0.0,0.289804776509603,7.96963135401408,5.94099791844686,0.144902388254801,3.76746209462484,8.83904568354289,3.76746209462484,0.289804776509603,0.0,0.0,0.434707164764404,0.0,0.0,0.434707164764404,0.0,0.0,4.05726687113444,0.434707164764404,0.0,1.88373104731242,0.434707164764404,0.0,0.0,0.144902388254801
11/01/2022,17.7074584960938,8.04689121246338,13.589444892351,5.07888344461604,8.37329432761022,6.86335600623789,0.549068480499031,4.66708208424176,4.94161632449128,0.0,0.549068480499031,1.78447256162185,6.03975328548934,1.78447256162185,0.0,2.19627392199612,0.411801360374273,0.0,0.411801360374273,0.549068480499031,5.62795192511507,4.66708208424176,0.411801360374273,0.960869840873304,6.72608888611313,3.29441088299419,1.50993832137234,0.0,0.0,0.411801360374273,0.0,0.0,0.274534240249516,0.0,0.0,3.70621224336846,0.411801360374273,0.0,0.549068480499031,0.0,0.0,0.549068480499031,0.0
12/01/2022,21.6796569824219,9.27308559417725,17.2161981919233,8.28928061092601,10.8398284912109,10.2021915211397,0.0,6.85459742826574,7.17341591330136,0.0,0.0,0.956455455106847,10.5210100061753,2.23172939524931,0.0,2.39113863776712,0.956455455106847,0.318818485035616,0.0,0.0,6.37636970071232,5.41991424560547,0.0,1.75350166769589,8.1298713684082,4.94168651805204,1.91291091021369,0.0,0.0,0.637636970071232,0.0,0.0,0.318818485035616,0.318818485035616,0.0,2.55054788028493,0.478227727553424,0.0,0.318818485035616,0.0,0.0,0.318818485035616,0.0
01/01/2023,20.0902481079102,7.78963994979858,16.7670491727671,9.51643331427323,10.1206513024811,8.45905183490954,1.05738147936369,6.79745236733802,6.79745236733802,0.0,1.05738147936369,1.51054497051956,8.45905183490954,2.26581745577934,0.0,3.17214443809108,1.81265396462347,0.151054497051956,0.0,0.0,6.1932343791302,4.53163491155868,1.81265396462347,2.26581745577934,8.30799733785758,4.53163491155868,1.3594904734676,0.0,0.0,0.906326982311736,0.0,0.0,0.151054497051956,0.302108994103912,0.0,3.47425343219499,0.151054497051956,0.0,1.20843597641565,0.0,0.302108994103912,0.151054497051956,0.0
02/01/2023,18.8264255523682,7.47918176651001,14.7414464230807,5.50584143512654,8.70278162326453,8.16995825857486,0.710431152919553,6.21627258804609,4.97301807043687,0.0,0.0,1.42086230583911,8.52517383503464,1.24325451760922,0.355215576459777,1.59847009406899,0.888038941149442,0.355215576459777,1.24325451760922,0.355215576459777,5.15062585866676,3.72976355282766,0.532823364689665,1.77607788229888,6.57148816450587,4.26258691751732,1.06564672937933,0.355215576459777,0.0,0.0,0.0,0.0,0.177607788229888,0.0,0.0,3.0193323999081,0.355215576459777,0.888038941149442,0.888038941149442,0.0,0.0,0.355215576459777,0.532823364689665
03/01/2023,31.1924362182617,16.4553318023682,25.8259955785608,10.2297774694299,12.7452965192897,15.2608155691496,1.8447139698972,8.21736222954206,11.0682838193832,0.0,0.167701269990654,1.17390888993458,9.39127111947665,4.86333682972898,0.0,2.68322031985047,1.50931142991589,0.335402539981309,0.670805079962618,0.335402539981309,6.54034952963552,4.52793428974767,0.335402539981309,3.18632412982243,16.6024257290748,14.5900104891869,10.7328812794019,0.0,0.0,0.0,0.0,0.0,0.670805079962618,0.167701269990654,0.0,3.18632412982243,0.838506349953272,0.0,1.34161015992524,0.0,0.335402539981309,0.503103809971963,0.0
04/01/2023,21.043342590332,9.31264495849609,16.2607647288929,6.05793195782286,6.69560900601474,8.13038236444647,0.63767704819188,5.42025490963098,6.69560900601474,0.0,0.15941926204797,0.31883852409594,8.60864015059038,3.02896597891143,0.0,2.55070819276752,1.27535409638376,1.11593483433579,0.0,0.95651557228782,6.85502826806271,5.42025490963098,1.91303114457564,1.75361188252767,7.17386679215865,6.21735121987083,3.34780450300737,0.47825778614391,0.0,0.95651557228782,0.0,0.63767704819188,0.63767704819188,0.31883852409594,0.47825778614391,2.71012745481549,1.11593483433579,0.63767704819188,1.11593483433579,0.0,0.0,0.31883852409594,0.0
05/01/2023,23.9689559936523,11.02574634552,18.3592003355635,8.32963718928344,7.98965199788411,9.17960016778175,0.509977787098986,6.11973344518783,6.79970382798648,0.0,0.169992595699662,2.71988153119459,9.00960757208209,2.20990374409561,0.0,4.75979267959054,1.01995557419797,0.339985191399324,1.69992595699662,0.339985191399324,12.069474294676,8.83961497638242,5.77974825378851,4.9297852752902,7.64966680648479,6.11973344518783,2.54988893549493,0.0,0.0,0.169992595699662,0.0,0.339985191399324,0.679970382798648,0.0,0.0,4.07982229679189,0.509977787098986,0.0,3.39985191399324,0.0,0.339985191399324,0.679970382798648,0.0
06/01/2023,18.8322715759277,8.03915214538574,14.0281206637013,5.38064902169364,7.8788074960514,7.49447542307328,0.192166036489059,4.03548676627023,5.38064902169364,0.0,0.192166036489059,1.34516225542341,5.76498109467176,2.11382640137964,0.0,0.384332072978117,2.3059924378687,0.0,0.0,0.0,5.95714713116081,3.26682262031399,2.11382640137964,1.72949432840153,7.11014335009516,4.99631694871552,2.3059924378687,0.0,0.0,0.0,0.0,0.0,1.34516225542341,0.0,0.192166036489059,2.88249054733588,0.192166036489059,0.0,0.0,0.0,0.0,0.192166036489059,0.0
07/01/2023,18.1060409545898,7.96388244628906,13.0572410730215,5.91928261976976,6.78976535797119,6.44157226269062,0.696386190561148,5.04879988156832,5.91928261976976,0.0,0.348193095280574,1.56686892876258,6.26747571505033,0.870482738201435,0.0,1.91506202404316,2.6114482146043,1.21867583348201,0.696386190561148,0.174096547640287,4.87470333392803,2.43735166696402,1.3927723811223,1.91506202404316,5.3969929768489,5.57108952448918,1.91506202404316,0.174096547640287,0.0,0.522289642920861,0.0,0.0,1.3927723811223,0.0,0.0,2.95964130988488,0.696386190561148,0.0,0.348193095280574,0.0,0.348193095280574,0.0,0.0
08/01/2023,17.2801971435547,9.60201644897461,11.8011102443788,5.19810808383352,6.46251275287411,7.02447038355882,0.280978815342353,3.51223519177941,3.93370341479294,0.0,0.0,0.561957630684705,4.77663986082,1.68587289205412,0.0,1.68587289205412,1.12391526136941,0.0,0.561957630684705,0.421468223013529,5.05761867616235,3.93370341479294,1.68587289205412,0.702447038355882,6.04104452986058,4.63615045314882,1.54538348438294,0.0,0.0,0.280978815342353,0.0,0.0,0.280978815342353,0.0,0.0,2.80978815342353,0.421468223013529,0.0,0.421468223013529,0.140489407671176,0.140489407671176,0.280978815342353,0.0
09/01/2023,19.5729713439941,9.05815410614014,13.3623169752268,4.51683954092173,7.52806590153621,8.09267084415142,0.752806590153621,4.14043624584491,3.95223459830651,0.0,0.37640329507681,1.88201647538405,6.96346095892099,2.44662141799927,0.0,3.01122636061448,0.564604942615216,0.564604942615216,1.50561318030724,1.69381482784565,6.77525931138259,4.89324283599854,1.12920988523043,1.88201647538405,6.96346095892099,4.89324283599854,1.88201647538405,0.564604942615216,0.0,0.0,0.0,0.0,0.0,0.0,0.0,1.88201647538405,0.37640329507681,0.0,1.12920988523043,0.0,0.0,0.0,0.0
10/01/2023,16.6096839904785,8.21228790283203,12.157603745608,4.45208024487053,5.82195108944608,6.84935422287774,0.342467711143887,4.62331410044247,4.79454795601442,0.0,0.0,0.684935422287774,5.1370156671583,2.05480626686332,0.0,1.71233855571943,1.36987084457555,0.684935422287774,0.51370156671583,0.342467711143887,4.28084638929859,3.25344325586693,0.856169277859717,1.71233855571943,5.99318494501802,4.10961253372664,0.856169277859717,0.684935422287774,0.0,0.0,0.0,0.0,0.0,0.0,0.0,3.42467711143887,0.171233855571943,0.171233855571943,1.02740313343166,0.0,0.342467711143887,0.0,0.0
11/01/2023,18.7666816711426,9.3107738494873,11.4807934929343,2.4286293927361,4.63647429522346,7.06510368795956,0.0,2.87019837323357,3.31176735373104,0.0,0.0,1.10392245124368,5.74039674646714,2.4286293927361,0.0,2.4286293927361,0.883137960994945,0.220784490248736,0.441568980497472,0.0,6.40275021721335,4.8572587854722,0.220784490248736,1.98706041223863,5.07804327572093,5.07804327572093,3.09098286348231,0.0,0.0,0.0,0.0,0.0,0.0,0.0,0.0,2.87019837323357,0.0,0.220784490248736,1.76627592198989,0.0,0.441568980497472,0.0,0.0
12/01/2023,17.5901165008545,8.91324710845947,12.405661111129,4.62897802654066,6.29541011609529,5.73993275291041,0.555477363184879,6.29541011609529,3.5180233001709,0.0,0.0,0.740636484246505,6.85088747928017,0.925795605308131,0.0,1.85159121061626,1.85159121061626,0.740636484246505,1.29611384743138,0.185159121061626,7.40636484246505,5.55477363184879,0.370318242123252,1.48127296849301,4.81413714760228,4.81413714760228,0.0,0.185159121061626,0.0,0.555477363184879,0.0,0.0,0.555477363184879,0.0,0.0,2.96254593698602,0.0,0.0,0.740636484246505,0.370318242123252,0.0,0.740636484246505,0.0
01/01/2024,19.2990036010742,9.50729465484619,13.9873512338061,4.78048713054132,6.5510379196307,7.61336839308433,0.531165236726813,5.84281760399495,4.07226681490557,0.0,0.531165236726813,2.30171602581619,6.72809299853964,1.06233047345363,0.0,3.00993634145194,1.77055078908938,0.354110157817876,0.885275394544689,0.354110157817876,5.66576252508601,4.07226681490557,1.4164406312715,1.59349571018044,6.01987268290388,6.19692776181282,1.59349571018044,0.354110157817876,0.0,0.885275394544689,0.0,0.0,1.06233047345363,0.0,0.0,3.71815665708769,0.354110157817876,0.0,0.0,0.0,0.0,1.23938555236256,0.0
02/01/2024,17.1167774200439,8.1447582244873,12.9326762729221,3.42335548400879,5.70559247334798,5.51540605756972,0.570559247334798,5.32521964179145,5.51540605756972,0.0,0.0,1.1411184946696,6.46633813646105,2.28223698933919,0.0,3.42335548400879,2.28223698933919,0.380372831556532,0.380372831556532,0.380372831556532,6.27615172068278,3.23316906823052,0.760745663113064,2.28223698933919,4.37428756290012,5.32521964179145,1.90186415778266,0.0,0.0,0.760745663113064,0.0,0.0,1.1411184946696,0.0,0.380372831556532,1.90186415778266,0.190186415778266,0.380372831556532,1.71167774200439,0.0,0.0,0.760745663113064,0.0
03/01/2024,21.216552734375,10.9133033752441,12.9456931938559,2.87682070974576,5.57384012513242,4.85463494769597,0.539403883077331,5.2142375364142,7.19205177436441,0.0,0.0,1.43841035487288,5.93344271385063,2.51721812102754,0.0,2.33741682666843,1.7980129435911,0.719205177436441,0.719205177436441,0.719205177436441,5.2142375364142,3.95562847590042,0.17980129435911,1.43841035487288,5.2142375364142,7.91125695180085,3.41622459282309,0.719205177436441,0.0,0.719205177436441,0.0,0.35960258871822,0.719205177436441,0.0,0.35960258871822,2.69701941538665,0.0,0.0,1.07880776615466,0.0,0.539403883077331,0.719205177436441,0.0
04/01/2024,17.9496898651123,7.69291162490845,13.9235912037787,4.1938527722225,7.2134267682227,7.0456726573338,0.1677541108889,4.6971151048892,4.6971151048892,0.1677541108889,0.0,1.3420328871112,7.0456726573338,1.3420328871112,0.0,2.1808034415557,1.0065246653334,0.3355082217778,0.5032623326667,0.5032623326667,3.6905904395558,4.0260986613336,0.6710164435556,0.6710164435556,5.7036397702226,4.0260986613336,1.1742787762223,0.0,0.0,0.0,0.0,0.0,0.5032623326667,0.3355082217778,0.5032623326667,2.3485575524446,0.3355082217778,0.5032623326667,0.5032623326667,0.0,0.3355082217778,2.0130493306668,0.0
05/01/2024,14.8140306472778,9.62107372283936,9.82404137661582,1.71530881179006,5.45780076478657,5.30186360007838,0.311874329416375,3.89842911770469,2.80686896474738,0.0,0.0,1.09156015295731,6.23748658832751,1.2474973176655,0.0,0.779685823540939,1.87124597649825,0.623748658832751,0.623748658832751,0.0,4.21030344712107,3.11874329416375,0.0,1.55937164708188,4.67811494124563,3.58655478828832,1.2474973176655,0.0,0.0,0.467811494124563,0.311874329416375,0.0,0.311874329416375,0.311874329416375,0.0,3.58655478828832,0.311874329416375,0.311874329416375,0.311874329416375,0.0,0.0,0.779685823540939,0.0
06/01/2024,18.0994720458984,6.57438468933105,12.1285121957051,3.17207242041519,5.78436735487476,5.59777485955622,0.0,4.47821988764497,5.0379973736006,0.0,0.0,0.373184990637081,7.09051482210454,1.67933245786687,0.0,2.05251744850395,2.98547992509665,0.746369981274162,0.186592495318541,0.0,5.9709598501933,3.91844240168935,0.746369981274162,1.86592495318541,3.91844240168935,7.46369981274162,2.05251744850395,0.0,0.0,1.30614746722978,0.0,0.746369981274162,1.49273996254832,0.0,0.373184990637081,3.35866491573373,0.0,0.0,1.11955497191124,0.0,0.0,1.49273996254832,0.0
07/01/2024,20.3215618133545,8.82474803924561,15.0202848185664,4.1968442875406,6.62659624348516,6.40570970203566,0.662659624348516,4.1968442875406,4.63861737043961,0.0,0.0,0.441773082899011,6.84748278493467,1.76709233159604,0.0,2.42975195594456,1.76709233159604,0.0,0.0,0.441773082899011,8.1728020336317,6.18482316058615,0.883546165798021,2.87152503884357,5.30127699478813,5.96393661913665,1.10443270724753,0.0,0.0,0.0,0.0,0.0,0.441773082899011,0.441773082899011,0.0,2.20886541449505,0.0,0.0,0.441773082899011,0.662659624348516,0.0,1.98797887304555,0.0
08/01/2024,19.702486038208,8.01558685302734,13.8705501708984,7.09289497375488,8.98433363342285,7.72337452697754,0.0,8.3538540802002,5.83193586730957,0.0,0.315239776611328,2.36429832458496,8.3538540802002,1.26095910644531,0.0,2.04905854797363,1.26095910644531,1.41857899475098,0.157619888305664,0.630479553222656,6.62003530883789,4.88621653747559,0.78809944152832,1.57619888305664,8.03861430358887,4.88621653747559,1.57619888305664,0.157619888305664,0.0,0.630479553222656,0.0,0.157619888305664,0.472859664916992,0.0,0.0,2.36429832458496,0.315239776611328,1.10333921813965,0.78809944152832,0.315239776611328,0.157619888305664,1.7338187713623,0.0
09/01/2024,22.127140045166,8.98621654510498,17.4804406356812,5.5317850112915,10.6210272216797,8.85085601806641,0.22127140045166,7.52322761535645,9.07212741851807,0.0,0.0,2.65525680541992,9.95721302032471,0.66381420135498,0.0,3.76161380767822,2.65525680541992,0.0,0.0,0.0,8.62958461761475,6.85941341400147,0.44254280090332,3.09779960632324,9.29339881896973,5.5317850112915,0.44254280090332,0.0,0.0,0.885085601806641,0.0,0.0,0.885085601806641,0.0,0.44254280090332,3.09779960632324,0.66381420135498,0.885085601806641,1.54889980316162,0.66381420135498,0.0,1.99144260406494,0.0
10/01/2024,20.0938587188721,9.64832210540771,15.2112388432583,3.94365451491882,5.82158523630873,4.50703373133579,0.563379216416974,6.00937830844772,6.3849644527257,0.187793072138991,0.0,0.938965360694957,8.07510210197663,1.50234457711193,0.0,2.44130993780689,1.87793072138991,0.938965360694957,1.50234457711193,0.375586144277983,9.20186053481057,6.94834366914268,1.31455150497294,2.81689608208487,5.44599909203075,6.19717138058671,1.87793072138991,0.375586144277983,0.0,0.375586144277983,0.0,0.187793072138991,0.563379216416974,0.375586144277983,0.187793072138991,3.00468915422386,0.0,1.31455150497294,1.69013764925092,0.0,0.0,2.0657237935289,0.0
11/01/2024,19.4791393280029,10.8041257858276,14.2197717094421,4.86978483200073,7.20728155136108,6.81769876480103,0.0,5.45415901184082,4.28541065216064,0.389582786560059,0.194791393280029,0.973956966400147,10.7135266304016,1.36353975296021,0.0,2.14270532608032,2.92187089920044,0.973956966400147,0.973956966400147,0.973956966400147,9.93436105728149,8.76561269760132,1.75312253952026,1.16874835968018,6.03853319168091,7.9864471244812,0.779165573120117,0.584374179840088,0.194791393280029,0.389582786560059,0.194791393280029,0.194791393280029,1.16874835968018,0.0,0.194791393280029,3.50624507904053,0.0,6.03853319168091,0.779165573120117,0.0,0.0,2.14270532608032,0.0
12/01/2024,19.5111694335938,10.8159837722778,12.8596343994141,3.76920318603516,6.42981719970703,4.87779235839844,0.0,3.99092102050781,5.76466369628906,0.0,0.0,0.0,7.76012420654297,0.665153503417969,0.0,2.66061401367187,1.10858917236328,0.443435668945312,0.221717834472656,0.443435668945312,7.53840637207031,5.54294586181641,0.443435668945312,3.10404968261719,5.09951019287109,8.64699554443359,1.10858917236328,0.0,0.0,0.665153503417969,0.0,0.0,0.443435668945312,0.443435668945312,0.443435668945312,2.88233184814453,0.0,3.5474853515625,0.886871337890625,0.0,0.665153503417969,0.0,0.0
01/01/2025,20.3464050292969,11.3474349975586,13.5026142467152,2.03464050292969,4.62418296120383,4.06928100585938,0.55490195534446,5.91895419034091,4.80915027965199,0.0,0.184967318448153,0.55490195534446,6.65882346413352,1.66470586603338,0.0,3.51437905051491,2.40457513982599,0.924836592240767,0.369934636896307,0.0,8.3235293301669,5.91895419034091,0.924836592240767,3.32941173206676,3.51437905051491,6.84379078258168,0.924836592240767,0.0,0.0,1.10980391068892,0.0,0.0,1.29477122913707,0.55490195534446,0.739869273792614,3.88431368741122,0.0,3.69934636896307,1.84967318448153,0.0,0.0,0.55490195534446,0.55490195534446
02/01/2025,27.9650039672852,12.2876062393188,18.9096693493071,3.19600045340402,7.99000113351004,2.13066696893601,0.0,6.39200090680804,5.59300079345703,0.0,0.0,1.59800022670201,16.2463356381371,0.532666742234003,0.0,3.72866719563802,5.59300079345703,1.06533348446801,0.266333371117002,0.0,8.52266787574405,6.65833427792504,1.06533348446801,1.59800022670201,2.92966708228702,8.25633450462705,1.06533348446801,0.0,0.0,2.39700034005301,0.799000113351004,0.799000113351004,2.39700034005301,0.0,2.13066696893601,8.25633450462705,0.0,6.39200090680804,2.13066696893601,0.0,2.13066696893601,0.799000113351004,0.532666742234003
03/01/2025,47.0400810241699,27.5419845581055,35.2273252512842,18.7738439961934,18.3519598614475,7.17203029068062,1.0547103368648,15.8206550529719,10.336161301275,1.26565240423776,1.0547103368648,9.49239303178317,25.945874286874,2.95318894322143,0.421884134745919,9.70333509915613,4.6407254822051,2.74224687584847,2.53130480847551,1.0547103368648,24.4692798152633,19.6176122656852,8.01579856017245,6.96108822330766,10.125219233902,12.8674661097505,2.53130480847551,1.0547103368648,0.0,0.421884134745919,0.0,2.53130480847551,1.68753653898367,1.0547103368648,4.21884134745919,20.67232260255,0.421884134745919,23.2036274110255,7.38297235805358,0.632826202118878,2.10942067372959,1.0547103368648,0.0
04/01/2025,69.0813598632812,40.5273933410645,54.5379156815378,35.0753653794988,28.6591400052003,13.474073286027,0.855496716573142,18.3931794063226,12.4047023903106,6.20235119515528,1.92486761228957,7.05784791172842,32.2950010506361,4.91910612029557,1.497119254003,7.69947044915828,5.13298029943885,3.63586104543585,4.06360940372243,3.42198686629257,34.433742842069,30.7978817966331,2.994238508006,8.34109298658814,14.7573183608867,14.7573183608867,2.35261597057614,2.35261597057614,0.427748358286571,1.92486761228957,2.35261597057614,0.427748358286571,2.994238508006,0.213874179143286,2.78036432886271,34.2198686629257,1.28324507485971,50.2604320986721,5.56072865772543,0.0,0.0,1.92486761228957,0.641622537429857
05/01/2025,36.2899398803711,21.5606651306152,27.2174549102783,12.6592813536178,11.1823651956957,6.11865265424861,0.0,11.8153292633766,6.11865265424861,3.16482033840446,1.05494011280149,4.21976045120594,13.0812573987384,2.95383231584416,0.632964067680891,7.3845807896104,2.95383231584416,0.632964067680891,0.843952090241188,0.0,14.9801496017811,12.2373053084972,2.53185627072356,5.27470056400743,5.69667660912802,6.75161672192951,1.68790418048238,0.0,0.0,0.632964067680891,0.632964067680891,0.421976045120594,1.47691615792208,0.421976045120594,1.68790418048238,14.7691615792208,0.421976045120594,19.199910052987,5.27470056400743,1.05494011280149,0.421976045120594,1.05494011280149,0.0
06/01/2025,23.2988586425781,12.2040996551514,14.6449968610491,4.65977172851562,5.32545340401786,4.65977172851562,0.0,6.8787106468564,4.8816656203497,0.0,0.0,1.55325724283854,9.7633312406994,0.443787783668155,0.0,3.10651448567708,1.55325724283854,0.443787783668155,1.33136335100446,0.0,9.7633312406994,7.98818010602679,0.443787783668155,2.44083281017485,3.77219616117932,5.32545340401786,1.55325724283854,0.0,0.0,0.665681675502232,1.10946945917039,0.0,0.443787783668155,0.221893891834077,0.88757556733631,6.21302897135417,0.221893891834077,6.8787106468564,1.55325724283854,0.0,0.88757556733631,0.665681675502232,0.443787783668155
07/01/2025,32.6817436218262,17.5386791229248,21.1711924091075,5.54973004898935,8.22182229479904,5.9608211637293,0.0,7.81073118005909,7.19409450794916,0.0,0.0,1.43881890158983,11.3050056553487,2.05545557369976,0.205545557369976,4.31645670476949,3.08318336054964,1.02772778684988,1.43881890158983,1.02772778684988,14.7992801306383,12.5382789995685,1.43881890158983,4.11091114739952,5.34418449161937,9.04400452427894,2.46654668843971,0.616636672109928,0.0,1.23327334421986,0.0,0.205545557369976,1.23327334421986,0.411091114739952,0.822182229479904,6.37191227846925,0.205545557369976,9.45509563901889,2.26100113106974,0.0,0.411091114739952,0.205545557369976,0.0
08/01/2025,29.5621318817139,16.8398895263672,20.8220233253811,6.1694883927055,8.7401085563328,8.22598452360734,0.0,10.2824806545092,8.22598452360734,0.0,0.257062016362729,2.05649613090183,12.0819147690483,1.54237209817638,0.0,2.05649613090183,4.11299226180367,0.771186049088188,1.54237209817638,0.0,14.9095969490383,12.5960388017737,1.79943411453911,4.11299226180367,7.19773645815642,8.99717057269553,2.05649613090183,0.0,0.0,1.28531008181365,0.0,0.0,1.54237209817638,0.0,1.28531008181365,5.39830234361732,0.0,11.3107287199601,1.28531008181365,0.0,0.0,0.0,0.0
09/01/2025,22.3263511657715,11.7508382797241,14.8058960362485,3.99524178755911,7.52045512952303,5.40532712434468,0.0,9.16555468910619,5.40532712434468,0.0,0.0,1.64509955958316,9.87059735749897,0.235014222797595,0.0,3.05518489636873,2.58515645077354,1.41008533678557,0.470028445595189,0.0,10.8106542486894,9.40056891190378,1.17507111398797,3.29019911916632,6.11036979273746,5.17031290154708,1.64509955958316,0.0,0.0,0.0,0.0,0.940056891190378,1.41008533678557,0.705042668392784,1.17507111398797,4.2302560103567,0.470028445595189,7.05042668392784,2.11512800517835,0.0,0.0,0.470028445595189,0.470028445595189
10/01/2025,22.1653671264648,10.809118270874,14.9663589999207,4.73618955693693,6.44121779743423,3.97839922782702,0.0,5.8728750506018,4.35729439238198,0.0,0.0,1.32613307594234,9.85127427842882,0.947237911387387,0.0,2.27337098732973,2.84171373416216,0.0,0.189447582277477,0.568342746832432,11.1774073543712,7.57790329109909,3.03116131643964,1.51558065821982,5.30453230376936,7.57790329109909,2.84171373416216,0.0,0.0,1.13668549366486,0.378895164554955,0.0,0.757790329109909,0.0,0.0,4.1678468101045,0.0,5.8728750506018,0.947237911387387,0.189447582277477,0.0,0.378895164554955,0.0
11/01/2025,23.7864570617676,10.5446043014526,17.2807594038482,3.45615188076965,5.69248545067942,6.09909155429938,0.0,8.53872817601913,8.13212207239917,0.609909155429938,0.0,1.42312136266986,9.35194038325905,1.42312136266986,0.0,4.06606103619959,3.04954577714969,0.406606103619959,0.0,1.0165152590499,9.35194038325905,7.11560681334928,3.04954577714969,1.62642441447983,3.65945493257963,6.9123037615393,0.609909155429938,0.406606103619959,0.0,0.813212207239917,0.406606103619959,0.813212207239917,2.03303051809979,1.82972746628981,0.813212207239917,3.04954577714969,1.0165152590499,4.47266713981954,1.82972746628981,0.0,0.0,0.0,0.0
12/01/2025,27.6294403076172,13.3182573318481,18.3422334815274,5.34014392500164,10.6802878500033,4.17924307174041,0.0,7.1975852902196,5.57232409565389,0.0,0.0,3.48270255978368,11.8411887032645,1.16090085326123,0.0,3.01834221847919,3.94706290108817,2.08962153587021,2.78616204782694,0.0,12.5377292152212,9.28720682608981,3.01834221847919,2.32180170652245,6.96540511956736,9.05502665543757,1.85744136521796,0.464360341304491,0.0,0.0,0.0,0.0,2.08962153587021,0.696540511956736,0.0,6.26886460761062,0.0,6.03668443695838,1.62526119456572,0.0,0.0,0.0,0.464360341304491
