Year,Month,Overall EMV Tracker,Policy-Related EMV Tracker,Infectious Disease EMV Tracker,Macroeconomic News and Outlook EMV Tracker,Macro – Broad Quantity Indicators EMV Tracker,Macro – Inflation EMV Indicator,Macro – Interest Rates EMV Tracker,Macro – Other Financial Indicators EMV Tracker,Macro – Labor Markets EMV Tracker,Macro – Real Estate Markets EMV Tracker,Macro – Trade EMV Tracker,Macro – Business Investment and Sentiment EMV Tracker,Macro – Consumer Spending and Sentiment EMV Tracker,Commodity Markets EMV Tracker,Financial Crises EMV Tracker,Exchange Rates EMV Tracker,Healthcare Matters EMV Tracker,Litigation Matters EMV Tracker,Competition Matters EMV Tracker,Labor Disputes EMV Tracker,Intellectual Property Matters EMV Tracker,Fiscal Policy EMV Tracker,Taxes EMV Tracker,"Government Spending, Deficits, and Debt EMV Tracker",Entitlement and Welfare Programs EMV Tracker,Monetary Policy EMV Tracker,Regulation EMV Tracker,Financial Regulation EMV Tracker,Competition Policy EMV Tracker,Intellectual Property Policy EMV Tracker,Labor Regulations EMV Tracker,Immigration EMV Tracker,Energy and Environmental Regulation EMV Tracker,"Lawsuit and Tort Reform, Supreme Court Decisions EMV Tracker",Housing and Land Management EMV Tracker,Other Regulation EMV Tracker,National Security Policy EMV Tracker ,Government-Sponsored Enterprises EMV Tracker,Trade Policy EMV Tracker,Healthcare Policy EMV Tracker,Food and Drug Policy EMV Tracker,"Transportation, Infrastructure, and Public Utilities EMV Tracker",Elections and Political Governance EMV Tracker,Agricultural Policy EMV Tracker,Petroleum Markets EMV Tracker
1985,1,11.30,5.397642136,0.3230,8.0743,2.0186,4.0371,4.0371,0.6459,2.0993,3.1490,0.2422,0.0000,0.4845,5.9750,0.0807,0.0807,0.5652,0.4037,0.4845,0.4037,0.3230,4.6023,4.1179,0.7267,0.5652,2.8260,3.0682,1.2919,0.6459,0.0000,0.4845,0.0000,0.2422,0.0807,0.0807,0.0807,1.0497,0.3230,0.0807,0.4845,0.0807,0.2422,0.1615,0.0807,4.198634911
1985,2,9.46,4.269774437,0.3235,7.2783,1.6174,2.9113,2.9113,0.4043,2.4261,3.7200,0.0000,0.0000,0.4043,5.1757,0.1617,0.1617,0.9704,0.4852,1.4557,0.3235,0.5661,5.0139,4.2861,0.9704,1.0513,1.6983,1.6983,1.1322,1.1322,0.0000,0.1617,0.0000,0.2426,0.0809,0.0809,0.1617,2.3452,0.3235,0.0809,0.9704,0.0000,0.2426,0.3235,0.0809,3.234782423
1985,3,11.00,4.873833656,0.5788,7.5247,2.1499,3.7210,3.6383,0.2481,1.8192,2.9768,0.2481,0.2481,0.4961,6.2017,0.0000,0.0827,0.3308,0.5788,0.7442,0.1654,0.5788,5.2094,5.1267,0.1654,0.4961,2.3980,3.8037,1.9845,0.4961,0.0000,0.1654,0.0000,0.1654,0.3308,0.0827,0.4134,0.7442,0.5788,0.1654,0.2481,0.0000,0.0000,0.0827,0.0827,4.051760573
1985,4,9.27,4.496747971,0.1426,7.3427,1.9248,2.4238,3.9208,0.3564,1.9961,3.2080,0.0713,0.1426,0.2852,4.5624,0.0713,0.2139,0.2139,0.4990,0.5703,0.1426,0.2139,4.0634,3.7070,0.2852,0.2852,1.2832,2.8515,1.3545,0.4990,0.0000,0.1426,0.0000,0.0000,0.2139,0.0000,0.3564,0.7129,0.5703,0.1426,0.0713,0.0000,0.2852,0.1426,0.0000,2.495082268
1985,5,9.84,4.316044807,0.3301,7.4597,2.5746,2.5746,3.9609,0.3961,1.9144,3.5648,0.5281,0.1320,0.3301,4.8851,0.0000,0.1320,0.3961,0.4621,0.2641,0.3301,0.2641,5.0172,4.7531,0.5941,0.1320,2.3766,2.2445,1.0562,0.1980,0.0000,0.1320,0.0000,0.0660,0.2641,0.0660,0.2641,0.9242,0.4621,0.1320,0.1980,0.1320,0.4621,0.1320,0.0000,3.036704147
1985,6,8.03,3.775555611,0.1974,6.3153,1.7762,2.1709,3.0918,0.2631,2.1709,2.5656,0.0658,0.0658,0.3947,4.0128,0.0658,0.0000,0.1974,0.5921,0.3947,0.5263,0.3289,3.3550,3.0918,0.2631,0.3289,1.7104,1.8420,1.0525,0.2631,0.0000,0.0658,0.0000,0.3947,0.3289,0.0658,0.0658,0.5263,0.3289,0.0658,0.1316,0.0658,0.2631,0.0658,0.0000,2.236654704
1985,7,9.75,4.311408997,0.1638,7.7824,2.0480,3.1949,4.1779,0.5734,1.9661,3.4406,0.1638,0.0819,0.3277,4.4237,0.0000,0.0819,0.1638,0.3277,0.5734,0.4096,0.1638,4.0960,3.6864,0.4096,0.3277,2.0480,2.3757,1.3926,0.1638,0.0000,0.0819,0.0000,0.0819,0.0819,0.1638,0.3277,0.6554,0.7373,0.1638,0.1638,0.0000,0.1638,0.1638,0.0000,2.621438676
1985,8,11.57,4.347867489,0.3353,8.5503,2.0118,3.7722,4.1075,0.4191,1.9280,3.5207,0.2515,0.2515,0.9221,6.4546,0.4191,0.0838,0.0000,0.5868,0.5868,0.4191,0.4191,3.6045,3.2692,0.4191,0.1677,1.6765,2.4310,1.6765,0.5030,0.0000,0.2515,0.0000,0.0838,0.0000,0.0000,0.3353,1.0897,1.0897,0.1677,0.0000,0.0000,0.2515,0.0838,0.0000,3.353043432
1985,9,12.16,5.427304268,0.7282,8.6657,2.6216,3.2770,2.7672,0.5826,2.4031,3.9324,0.4369,0.2913,0.4369,5.4616,0.0728,0.1456,0.2913,0.7282,0.4369,0.7282,0.9467,5.0975,4.5877,0.6554,0.3641,2.9129,3.3498,2.3303,0.2913,0.0728,0.2185,0.0000,0.2913,0.3641,0.0000,0.2913,1.5292,1.0195,0.2913,0.0728,0.2185,0.2185,0.0728,0.0000,3.058498325
1985,10,8.96,4.097092152,0.1253,6.7671,1.2532,3.0702,3.3209,0.4386,2.0677,3.6342,0.3133,0.1880,0.4386,3.6342,0.0627,0.2506,0.3133,0.3759,0.4386,0.3133,0.1880,5.0753,4.5114,1.3158,0.3133,1.3785,1.5664,0.8146,0.0627,0.0000,0.3133,0.0000,0.0627,0.1880,0.0627,0.1880,0.6266,0.6892,0.1253,0.0000,0.1880,0.5013,0.1880,0.0000,1.879737494
1985,11,11.85,5.002520084,0.1436,8.8336,3.0882,3.8063,4.9554,0.7182,2.2264,5.0272,0.3591,0.1436,0.5745,5.6018,0.0000,0.4309,0.3591,0.6464,0.5027,0.4309,0.3591,4.5963,3.8782,1.0054,0.2873,2.5136,2.5854,1.5082,0.2155,0.0000,0.1436,0.0000,0.0718,0.2155,0.0000,0.0718,1.1491,1.5082,0.2873,0.2155,0.1436,0.2873,0.1436,0.0000,3.303620783
1985,12,10.65,5.221683979,0.0641,7.7601,2.4371,3.9121,3.2708,0.5131,2.1164,3.4632,0.4489,0.1283,0.3207,5.1307,0.0641,0.0641,0.3207,0.8337,0.5772,0.3848,0.3207,4.9383,4.4893,1.0261,0.3848,3.0784,2.5012,1.4109,0.1924,0.0641,0.2565,0.0000,0.1924,0.2565,0.1283,0.0641,1.7316,0.4489,0.1283,0.1283,0.0000,0.2565,0.1283,0.0000,3.848003479
1986,1,9.67,4.167263985,0.0658,7.3646,2.3672,3.5508,4.2741,0.5918,2.2357,2.4987,0.3945,0.3288,0.1973,4.9317,0.0658,0.1973,0.4603,0.4603,0.2630,0.3945,0.3288,4.4056,3.6165,1.4466,0.6576,2.9590,2.2357,1.1836,0.0658,0.0000,0.2630,0.0000,0.1315,0.1973,0.0658,0.2630,1.5781,0.3288,0.1973,0.3288,0.0658,0.2630,0.0658,0.0000,3.419282641
1986,2,11.07,5.234981537,0.0000,7.5945,1.9390,3.8780,4.1204,0.4040,2.1006,2.2622,0.5655,0.0808,0.0808,5.6555,0.0808,0.0808,0.2424,0.7271,0.4848,0.2424,0.5655,5.0091,4.4436,1.2927,0.5655,2.1814,2.5854,1.0503,0.2424,0.0000,0.1616,0.0000,0.3232,0.4848,0.2424,0.0000,1.4543,0.3232,0.0000,0.1616,0.0808,0.1616,0.4040,0.0000,3.635658591
1986,3,14.62,6.07475853,0.4004,10.7451,2.4694,5.8731,6.6740,0.4672,2.4694,5.6061,0.2670,0.4672,0.7341,9.4103,0.0000,0.1335,0.4672,0.6007,0.3337,0.6007,0.4004,7.2746,6.8742,0.6674,0.4004,3.0700,2.6696,2.0689,0.9344,0.0000,0.2670,0.0000,0.2670,0.1335,0.1335,0.0667,1.5350,1.0678,0.3337,0.2002,0.2002,0.4672,0.2002,0.0000,7.274626427
1986,4,10.96,4.516993999,0.1958,7.7004,1.4357,2.7408,4.1112,0.4568,2.2187,3.0671,0.1958,0.2610,0.7178,6.1342,0.0653,0.1958,0.3915,0.5221,0.9789,0.3915,0.2610,4.3722,4.1112,0.0653,0.3915,2.1535,2.6755,1.8272,0.8483,0.0000,0.1305,0.0000,0.4568,0.1305,0.0000,0.0000,1.3704,0.6526,0.1958,0.2610,0.0653,0.4568,0.0653,0.0653,4.763782865
1986,5,11.04,4.138645172,0.1388,8.7471,1.9438,2.6380,4.9983,0.3471,1.9438,3.9570,0.4165,0.2083,0.2777,6.3173,0.1388,0.1388,0.4859,0.4165,0.9719,0.2083,0.2777,5.1372,4.9289,0.2777,0.2777,1.3884,2.0826,1.3884,0.8331,0.0000,0.2777,0.0000,0.4165,0.1388,0.0694,0.0000,0.8331,0.4859,0.2083,0.4165,0.0000,0.1388,0.0694,0.0694,4.790061447
1986,6,12.06,5.518629551,0.3045,9.3773,2.2530,3.9580,4.8104,0.3045,2.4357,4.5669,0.2436,0.1827,0.9134,7.9159,0.0000,0.0609,0.7307,0.9134,0.6089,0.7307,0.4262,5.1758,4.9322,0.3045,0.6698,2.4966,3.6535,1.7659,0.2436,0.0000,0.4871,0.0000,0.1218,0.6698,0.0000,0.1827,1.4614,0.2436,0.3045,0.4262,0.2436,0.4871,0.1218,0.0609,4.993118257
1986,7,14.86,6.085426331,0.4372,10.6379,2.7688,4.2260,5.5375,0.3643,2.1859,5.0275,0.6558,0.3643,1.0929,9.1806,0.0729,0.2914,0.3643,1.0201,0.3643,0.5829,0.5100,5.8290,5.1732,0.5829,0.5829,2.9145,3.7160,1.8944,0.0729,0.0000,0.5100,0.0729,0.2186,0.4372,0.0729,0.1457,1.2387,0.8015,0.2186,0.2186,0.0729,0.2186,0.2186,0.0000,6.193287373
1986,8,12.83,5.252249241,0.1357,9.4341,3.1221,3.6650,4.5474,0.4751,2.3076,3.9365,0.7466,0.3394,0.6108,7.1943,0.0679,0.2036,0.6787,0.6108,0.5430,0.2715,0.2036,5.7012,5.1582,0.4751,0.6787,2.5112,2.5791,1.2896,0.7466,0.0000,0.3394,0.0000,0.0679,0.2715,0.0679,0.2036,1.4932,0.6108,0.3394,0.4751,0.0000,0.3394,0.1357,0.1357,4.615234032
1986,9,18.19,7.681869507,0.3446,13.7833,4.1350,7.9943,7.7875,0.5513,3.9971,4.3417,1.0337,0.4135,1.7918,10.8199,0.0689,0.5513,0.1378,0.5513,0.7581,0.6202,0.6202,6.7538,6.5470,0.5513,0.4135,4.3417,4.3417,3.1012,0.6892,0.0689,0.4824,0.0000,0.2067,0.0689,0.0689,0.2067,1.8607,0.3446,0.4824,0.1378,0.0000,0.2757,0.2067,0.0000,5.720053427
1986,10,13.45,6.004721642,0.1921,9.0305,1.8573,3.9709,4.0989,0.2562,1.9854,3.9709,0.6405,0.2562,0.2562,6.9810,0.0640,0.0000,0.5764,0.4483,1.1528,0.5124,0.7045,5.5720,5.4439,0.3843,0.6405,2.0495,2.7540,1.6652,0.5764,0.0000,0.3843,0.0640,0.3202,0.0640,0.0640,0.1921,1.5371,0.7045,0.3202,0.2562,0.1921,0.3202,0.1281,0.0000,4.227042089
1986,11,13.84,7.276702881,0.1878,9.1409,2.3791,4.0696,3.4435,0.6261,2.8174,4.1322,0.5635,0.2504,0.5635,6.5739,0.1252,0.1252,0.7513,0.7513,0.3757,0.3757,0.7513,5.6974,5.5096,0.3757,0.5009,2.4417,5.8226,4.5078,0.8765,0.0000,0.3757,0.0000,0.3130,0.1878,0.1878,0.1878,1.8156,0.5635,0.5009,0.3130,0.2504,0.4383,0.3130,0.0626,3.568689351
1986,12,10.96,5.866611481,0.4664,6.9378,1.6324,2.5652,2.7984,0.6996,2.4486,3.4980,0.6413,0.2915,0.9911,5.4220,0.0000,0.1749,0.4081,0.6413,0.2915,0.3498,0.5247,5.3637,5.1305,0.4081,0.4081,1.6324,3.5563,2.6235,0.8745,0.0000,0.2332,0.0583,0.0583,0.3498,0.0583,0.0583,1.2243,0.3498,0.1749,0.1749,0.1749,0.2332,0.1166,0.0000,3.439745375
1987,1,15.68,7.464588642,0.5940,11.5825,3.2669,4.8706,5.5240,0.4752,3.6233,4.8112,1.4849,0.5940,0.8910,8.8503,0.1188,0.3564,0.5940,0.7128,0.2970,0.5346,0.2970,7.1277,6.5931,0.9504,0.3564,3.4451,3.7421,2.5541,1.1880,0.0000,0.0594,0.0000,0.2970,0.2376,0.1188,0.1782,1.6631,0.6534,0.3564,0.2376,0.2970,0.2376,0.2376,0.0000,5.999163429
1987,2,11.65,5.382575989,0.4707,8.3557,1.9418,3.9425,3.6483,0.5296,2.5303,4.6486,0.8238,0.2942,0.2354,6.1785,0.2942,0.4119,0.5296,0.7650,0.2354,0.4119,0.4707,4.8252,4.4721,0.5296,0.2354,2.5891,3.1775,2.0595,0.1177,0.0000,0.4119,0.0000,0.1177,0.1765,0.1765,0.1765,1.4122,0.7061,0.6473,0.2354,0.2942,0.2354,0.1177,0.0588,3.354068352
1987,3,14.33,6.773696423,0.4214,9.1647,1.7908,4.0030,4.1610,0.9481,2.3702,4.3190,0.5794,0.2634,0.5267,6.5311,0.2107,0.4740,0.5794,0.5794,0.3687,0.1580,0.4214,5.8991,5.6357,0.2634,0.6320,2.6335,4.2136,2.5809,0.7901,0.0000,0.2107,0.0000,0.1580,0.2634,0.0527,0.3160,2.0015,0.4740,0.4740,0.3160,0.2107,0.2634,0.1580,0.1053,3.370911318
1987,4,14.26,6.966113567,0.4581,10.3068,2.6912,6.4131,5.0961,0.4008,3.0348,4.0654,1.8896,0.2863,0.4581,7.5583,0.0000,0.7444,0.8016,0.8016,0.5153,0.4581,0.2290,6.4131,5.8405,0.8589,0.6871,3.8364,3.4928,2.0041,0.8016,0.0000,0.1718,0.0573,0.0573,0.6299,0.1145,0.0573,2.5194,0.9162,1.4315,0.5153,0.2863,0.2290,0.1718,0.0000,4.179967704
1987,5,14.69,6.438319206,0.6966,11.7263,2.8445,5.6310,6.3276,0.6966,3.3670,5.3407,0.9869,0.4064,0.6966,8.1852,0.1161,0.5225,0.8127,0.6966,0.6386,0.8127,0.5805,5.7471,5.3988,0.6966,0.7547,3.5411,3.8894,2.7865,1.3932,0.0000,0.6386,0.0000,0.1742,0.0000,0.0581,0.2322,2.3801,0.6966,0.4064,0.5805,0.1161,0.2903,0.2903,0.0000,4.179682042
1987,6,13.52,6.108394623,0.3311,9.8236,2.5387,5.0222,4.1944,0.7175,2.8698,4.4151,1.0486,0.2208,0.3863,7.1194,0.1104,0.5519,0.5519,0.8830,0.7175,0.2759,0.5519,5.7948,5.0222,0.6071,0.7175,3.3665,3.6425,1.9316,0.9934,0.0552,0.4967,0.0000,0.1656,0.4415,0.1656,0.1104,1.4901,0.7175,0.0552,0.3311,0.0552,0.4415,0.1656,0.1656,3.642462205
1987,7,11.10,5.125257015,0.3773,8.1399,1.7250,4.0969,3.0188,0.5391,1.9946,3.2883,0.8086,0.1078,0.3773,6.5227,0.0000,0.3234,0.3773,1.0242,0.7547,0.2695,0.7008,4.4743,3.9891,0.8086,0.4852,1.5633,3.9352,2.4258,0.5930,0.0000,0.3234,0.0000,0.2156,0.4313,0.0539,0.1078,1.1860,0.2695,0.3234,0.1078,0.1078,0.3234,0.2695,0.0000,4.043015693
1987,8,12.11,5.10008812,0.5219,8.9247,2.2964,4.2275,3.4446,0.7307,3.4968,4.1753,0.5741,0.4175,0.8351,6.7326,0.0522,0.0522,0.9916,0.5219,0.5219,0.5219,0.6263,4.2797,3.8621,0.4175,0.7307,1.7745,3.4968,2.2964,1.7223,0.0000,0.5219,0.0000,0.2088,0.1044,0.0000,0.0522,2.0354,0.4697,0.0522,0.6263,0.2610,0.3653,0.3653,0.0522,4.43623662
1987,9,11.07,4.928816795,0.1470,8.0334,1.9104,4.2127,3.8208,0.8327,2.4982,2.8411,0.9797,0.3429,0.5878,5.2903,0.1959,0.0980,0.7348,0.7348,0.4898,0.6858,0.5388,4.1147,3.7718,0.3919,0.6858,2.9391,2.6941,1.6165,0.8817,0.0000,0.3919,0.0490,0.2449,0.1470,0.1959,0.0980,0.9797,0.2449,0.0490,0.4898,0.1470,0.1470,0.2939,0.1470,3.037028152
1987,10,55.27,27.34231567,0.9331,39.7389,21.1319,17.8935,23.3274,0.9880,6.9708,10.7580,6.2023,1.1526,5.5437,27.1147,1.2624,1.9760,1.2075,1.8662,0.8782,1.7015,1.1526,20.6928,17.6190,7.4099,3.0188,16.0822,12.9536,8.5625,1.2075,0.0000,0.6587,0.0000,0.2744,1.7564,0.0549,0.3842,7.4648,0.7684,2.1955,0.8233,0.2744,0.8233,1.2624,0.1098,10.59338342
1987,11,54.94,26.34584427,1.2946,40.6407,21.7276,18.3502,19.7012,1.5198,8.7248,11.7081,7.2050,0.7880,6.6984,26.1181,1.0695,2.9270,1.9138,2.8145,1.4635,1.9138,1.9701,22.0653,17.3370,9.1188,4.4468,15.1418,12.8339,8.1619,0.6192,0.0563,0.3377,0.0563,0.2252,1.7450,0.1689,0.2814,6.8673,1.0695,1.9138,1.5198,0.3377,0.2252,1.2946,0.1689,11.87699149
1987,12,37.80,17.14321518,0.7636,27.8703,12.7625,12.7080,12.2171,0.8727,8.4538,7.9084,5.5086,0.7636,5.1814,18.0530,0.4363,1.9089,0.8727,1.7998,1.3090,1.6908,1.0908,12.3262,10.6354,2.7816,1.0908,9.7082,8.4538,5.3995,0.2182,0.1091,0.6545,0.0545,0.2182,1.1454,0.3272,0.3818,4.7996,1.0363,1.1999,0.6545,0.1636,0.5999,1.6362,0.0545,8.835594772
1988,1,33.45,16.77573395,0.6580,24.4547,11.2404,10.4179,11.4597,0.5483,6.1411,8.1699,6.3056,1.4256,3.9479,15.9559,0.1645,0.9870,0.9321,1.6998,0.3838,0.9321,0.6580,11.7339,9.9245,3.1254,1.2611,9.5406,8.5537,4.8800,0.7128,0.0548,0.2742,0.0000,0.4935,1.1515,0.1645,0.1097,4.2220,1.6449,0.9870,0.6580,0.1097,0.3838,1.2063,0.0548,8.334352137
1988,2,24.05,12.65715885,0.3861,16.2161,8.1081,6.2879,7.7771,0.6619,4.5229,6.1224,2.6475,0.4413,2.4821,9.2664,0.1655,0.3861,0.6619,0.9928,0.6067,0.7170,0.5516,7.0049,6.0121,1.5995,1.0480,7.7771,6.7843,5.1296,0.3309,0.0000,0.1103,0.0000,0.1655,0.3861,0.0552,0.1103,1.6547,0.5516,0.8274,0.4413,0.1103,0.4413,0.5516,0.1655,4.026450844
1988,3,17.56,7.348526001,0.3027,12.3597,4.5403,4.9943,4.8934,0.4036,3.7836,4.0863,1.6648,0.2522,1.8161,8.0717,0.1009,0.4036,0.4036,0.7063,0.9585,0.6558,0.4036,4.3890,4.0358,0.3531,0.6054,3.2791,4.3385,3.0773,0.2522,0.0000,0.3531,0.0000,0.2018,0.1009,0.1009,0.0504,2.1188,0.3027,0.5045,0.2018,0.0504,0.3027,0.5045,0.1009,4.489864782
1988,4,20.46,9.600499153,0.3860,14.9993,4.1358,7.4445,8.1614,0.8272,4.3564,5.1836,3.2535,0.4412,1.8198,9.6503,0.3309,0.5514,0.9375,1.2132,0.6066,0.4412,0.8272,6.4519,5.8453,0.7169,0.7720,5.5145,6.2313,4.0256,0.2757,0.0551,0.7720,0.0000,0.2757,0.3860,0.1654,0.0551,1.8198,0.7169,0.3860,0.6066,0.3860,0.3860,0.6617,0.1103,5.238730207
1988,5,22.84,11.03153801,0.4414,15.4490,4.4692,8.9935,7.9452,0.8276,6.2348,5.5727,2.2622,0.6069,1.5449,11.5867,0.1103,0.3310,0.9380,1.2138,0.7724,0.9380,0.7173,6.9520,6.0692,1.1035,0.8828,7.1176,7.9452,5.2416,0.1655,0.0000,0.3862,0.0000,0.2759,0.2759,0.0000,0.3310,2.5380,0.8828,0.4414,0.6621,0.2207,0.2759,0.8276,0.1103,5.020924402
1988,6,16.22,7.681322575,0.5067,11.6041,3.2431,6.5875,5.2700,0.8614,3.0404,5.2193,1.6215,0.3040,0.9121,8.0064,0.2027,0.2534,0.7601,1.0641,0.8614,0.6081,0.5574,6.8915,6.3341,0.5067,1.0641,3.3444,5.1687,3.5978,0.2027,0.0507,0.3547,0.0000,0.1520,0.6081,0.2027,0.2534,2.0269,0.6588,0.2027,0.5067,0.1520,0.2027,0.2534,0.2027,4.408561546
1988,7,17.11,8.576304436,0.3002,12.3092,3.4226,5.8844,5.4641,0.4804,3.7228,5.9445,1.2609,0.1201,0.7806,9.0668,0.1201,0.2402,0.6605,0.9007,0.7205,0.3603,0.4804,5.6442,5.1038,0.6605,0.8406,4.4433,5.1038,3.0623,0.1801,0.0000,0.6005,0.1201,0.3002,0.1801,0.2402,0.0600,2.4018,1.1409,0.3603,0.4203,0.1801,0.1201,0.8406,0.0000,4.383289498
1988,8,15.54,7.449468613,0.5935,11.7626,4.1007,6.5288,7.0683,0.6475,4.3165,5.3417,1.2950,0.3777,0.9712,6.9065,0.0000,0.1619,0.9712,0.9173,0.6475,0.5935,0.5396,5.3417,4.8022,0.3777,0.9712,5.6655,3.6691,2.3741,0.1619,0.0000,0.3237,0.0000,0.3777,0.1619,0.0540,0.2698,1.4568,0.5935,0.5396,0.4317,0.3777,0.3237,1.0791,0.0540,3.723022401
1988,9,13.29,6.44889164,0.4026,9.3613,3.0701,4.5297,3.9760,0.5536,2.6675,3.3721,0.9563,0.2013,0.7046,6.5429,0.0503,0.2516,0.4530,1.1073,0.3523,0.2516,0.4530,4.3283,3.9760,0.6543,0.3523,2.8688,3.9760,3.0198,0.2013,0.0000,0.2013,0.0000,0.2013,0.1510,0.3020,0.2013,1.3086,1.0066,0.1510,0.1510,0.2516,0.4530,0.8053,0.1007,3.019777862
1988,10,21.14,10.95970535,0.8808,15.0251,5.5956,6.1137,6.0618,0.9326,4.6630,5.4919,1.5025,0.5699,1.1916,10.4658,0.3627,0.2072,1.0880,0.5181,1.3471,0.4145,0.6217,7.4089,6.5800,1.1398,0.7772,4.6111,6.5800,3.8340,0.4145,0.0000,0.6735,0.0518,0.3627,0.2591,0.3627,0.3109,2.5905,0.9326,0.5699,0.6217,0.5181,0.1554,1.5543,0.0000,5.595550986
1988,11,16.33,8.276516914,0.2536,12.3752,3.9053,5.8833,5.8833,1.1665,3.1445,5.0718,1.7244,0.2029,0.6593,7.1512,0.3043,0.5072,1.0651,1.0651,0.8115,0.6593,0.7608,7.1512,6.3905,1.4201,1.3187,4.3617,4.6660,2.7895,0.5072,0.0000,0.4565,0.0507,0.3550,0.6086,0.1522,0.0000,1.9273,0.9636,0.3043,0.8622,0.3043,0.3043,1.2679,0.0000,3.499534607
1988,12,15.29,7.32579422,0.3984,11.2537,3.7844,4.8799,5.0293,0.5975,3.4359,4.7803,1.2947,0.3486,1.1453,7.1207,0.1992,0.2988,0.9959,0.7967,0.5975,0.6971,0.3984,5.9754,5.4277,0.9461,1.0457,3.4359,3.6350,2.2906,0.6971,0.0000,0.1494,0.0498,0.2490,0.1494,0.2490,0.0498,1.9918,0.6971,0.4980,0.5975,0.1992,0.1992,0.4482,0.0000,3.834217758
1989,1,19.35,8.928701401,1.0388,14.9252,5.0298,6.7246,8.2554,0.8201,3.6083,6.0685,1.4761,0.5467,0.9294,9.9502,0.2187,0.4920,0.9841,1.0934,0.6561,0.7107,0.5467,8.0367,7.3806,1.6401,1.2574,4.5924,5.0844,2.7336,0.2187,0.0000,0.4920,0.0000,0.2187,0.4920,0.1093,0.2187,2.2962,0.9841,0.4920,0.4920,0.4374,0.2734,0.2734,0.0547,4.428368617
1989,2,14.14,6.900331974,0.4561,10.9466,2.9647,6.1575,5.3593,0.4561,3.7629,4.6751,0.5131,0.3991,0.7982,6.6136,0.0000,0.1140,0.6842,1.0262,0.3991,0.5131,0.4561,6.2145,5.4163,0.9692,0.9122,4.7321,3.5349,2.2235,0.2851,0.0000,0.2851,0.0000,0.3421,0.2281,0.2281,0.0570,1.5394,0.8552,0.1710,0.4561,0.2281,0.1140,0.2281,0.0000,3.42082362
1989,3,10.15,4.954805851,0.3643,7.1950,2.1403,3.5520,3.5520,0.3643,2.0492,3.6430,0.5465,0.0911,0.5465,4.3261,0.0911,0.0455,0.4554,0.6375,0.4098,0.5465,0.3643,3.6886,3.3698,0.3643,0.2732,2.4591,2.7778,1.7760,0.1366,0.0000,0.2277,0.0000,0.0911,0.0911,0.1366,0.0911,1.0474,0.7286,0.2277,0.1822,0.2732,0.1366,0.1366,0.0000,2.459056153
1989,4,12.81,5.700427055,0.5069,10.1383,3.1337,4.8848,4.7466,0.4608,3.3180,4.2857,0.3687,0.2765,0.6912,5.8065,0.0000,0.0000,0.5991,0.6912,0.3687,0.5069,0.4608,4.4701,4.1936,0.4608,0.2304,2.4885,3.1797,1.7512,0.9217,0.0000,0.5069,0.0000,0.2304,0.2304,0.1382,0.0461,1.3825,0.8295,0.2304,0.1843,0.3226,0.2765,0.0000,0.0000,2.764995904
1989,5,13.37,5.412195206,0.0501,10.5686,3.4561,5.6099,5.2091,0.4007,2.6046,4.5079,0.7513,0.2504,1.4025,6.1608,0.0000,0.2004,0.5510,0.7513,0.3506,0.7513,0.4007,4.1072,3.7566,0.4007,0.4508,2.9552,3.8067,2.5545,0.1002,0.0501,0.2504,0.0000,0.1503,0.3506,0.2004,0.1503,1.7531,0.9016,0.4007,0.3005,0.2504,0.1503,0.2004,0.0000,2.704750468
1989,6,14.10,6.345416069,0.5000,11.1493,2.9998,5.0497,4.7497,0.3000,3.2498,5.2497,0.6500,0.1000,0.7500,7.1496,0.1000,0.4500,0.7000,1.1999,0.6500,0.6000,0.4500,4.5497,4.1497,0.2500,0.7500,3.4498,4.0498,2.4998,1.2999,0.0000,0.6000,0.0500,0.1500,0.2500,0.3500,0.1000,1.9499,0.8499,0.2500,0.5000,0.1500,0.3500,0.4000,0.1000,3.799768015
1989,7,15.68,7.264970779,0.4687,11.7186,5.1562,6.0416,5.6249,0.9896,3.3854,4.9999,0.6771,0.2604,0.9896,6.8749,0.0521,0.4167,0.7812,0.9896,1.0417,0.8333,0.7812,4.6354,3.5937,0.9375,0.6771,4.6354,4.1145,2.3958,0.3646,0.0000,0.4167,0.0521,0.3125,0.2604,0.3646,0.2083,1.3541,1.1979,0.3125,0.3125,0.2083,0.1042,0.3125,0.1562,3.177044035
1989,8,13.66,6.194653988,0.4748,10.3401,4.6425,4.7480,4.8007,0.3165,3.0598,4.6952,0.3165,0.2110,1.1079,5.8559,0.0528,0.0528,0.7386,0.8968,0.6331,0.8441,0.6331,4.5897,4.0094,0.6331,0.5803,2.9015,4.0622,3.0598,1.0024,0.0528,0.4748,0.0000,0.3693,0.1583,0.3693,0.0000,1.2661,0.6331,0.2638,0.3693,0.3693,0.3165,0.2110,0.0528,2.690527279
1989,9,14.10,5.858525753,0.5874,10.1323,2.8390,4.0138,3.3774,0.7342,2.5453,4.6011,0.8811,0.5384,0.3916,5.4822,0.0979,0.0979,0.7342,0.9790,0.5874,0.7832,0.4895,5.0906,4.7480,0.3916,0.5384,2.1048,3.4753,2.2027,0.1468,0.0000,0.4895,0.0000,0.1958,0.1468,0.3916,0.0000,1.4685,0.4895,0.0979,0.4405,0.1468,0.2447,0.0979,0.1468,2.594262772
1989,10,26.96,12.58689499,0.3317,17.4854,6.6814,7.5343,8.5295,0.7108,3.6013,5.9706,1.6585,0.5212,1.2320,10.7092,0.6634,0.4739,0.4265,0.5212,0.7582,1.6111,0.5212,6.3971,5.8285,0.8056,0.4739,8.1978,6.9183,4.7860,0.8056,0.0000,0.1895,0.0000,0.0474,0.1422,0.2843,0.0474,1.7533,1.2320,0.6634,0.2369,0.0948,0.9951,0.1895,0.0474,3.743481963
1989,11,16.67,8.233335495,0.3013,11.3474,3.8160,4.5189,5.1716,0.5523,3.7155,4.5691,0.7531,0.0502,0.5523,7.7323,0.1506,0.2008,0.7029,0.5021,0.5523,1.1046,0.6527,5.4729,4.7699,1.1548,0.6025,3.8662,4.3181,2.8620,0.5021,0.0000,0.3013,0.0000,0.3515,0.2008,0.3013,0.0000,2.2594,1.0544,0.3013,0.2510,0.2008,0.7029,0.2008,0.0502,3.364063395
1989,12,16.68,8.421363831,0.8543,12.9149,5.4273,5.2263,5.2263,1.2061,4.1710,6.4323,0.3015,0.3518,0.9548,7.8394,0.2513,0.3518,0.7538,1.0051,0.8040,0.9548,0.7035,6.0806,5.4775,1.1056,0.8543,4.4222,4.4725,3.0152,0.0503,0.1005,0.4523,0.0000,0.1005,0.2513,0.1508,0.1508,2.9146,1.0051,0.5528,0.4523,0.2010,0.2010,0.5528,0.2010,3.51767787
1990,1,17.89,7.969686508,0.2411,13.7416,4.5323,6.7020,6.5574,0.6268,3.1823,5.4484,0.5304,0.1929,0.7715,7.5699,0.1446,0.1929,0.5786,0.6268,0.6750,0.9161,0.5304,5.1109,4.4359,0.9161,0.8679,3.9537,3.5198,2.1697,0.2893,0.0482,0.5304,0.0000,0.1929,0.3857,0.0482,0.0482,2.0251,0.6268,0.4339,0.3857,0.1929,0.3375,0.5304,0.0482,3.567992732
1990,2,22.15,9.685668945,0.7699,16.4644,3.7312,8.5876,8.5283,0.9476,3.6127,6.3963,0.4146,0.2961,1.0660,9.6536,0.5922,0.4146,0.7107,0.8884,0.9476,1.0068,0.5330,5.6856,5.2710,0.4738,0.6515,6.6924,5.3302,3.7904,0.2961,0.0000,0.2961,0.0000,0.1184,0.2369,0.0000,0.0592,1.7175,0.8291,0.3553,0.3553,0.1777,0.1777,0.4146,0.0000,4.441847138
1990,3,17.64,8.740009308,0.2673,12.0279,3.1184,5.6576,5.2121,0.3118,2.3610,4.5884,0.8464,0.0445,0.5346,8.2414,0.1336,0.6237,0.4009,0.6237,0.6682,0.8464,0.3564,4.1430,4.0539,0.5791,0.4455,5.4794,5.6576,3.6084,0.2227,0.0445,0.4009,0.0000,0.1782,0.3118,0.0445,0.1336,1.6928,0.6682,0.4009,0.2227,0.0891,0.2227,0.3564,0.0000,3.073809407
1990,4,15.93,6.807967186,0.1493,11.3987,2.8870,4.0816,4.5794,0.4978,2.9866,5.5749,0.4978,0.2489,0.5973,5.3260,0.0498,0.2489,0.3982,0.5973,0.7466,0.5973,0.5475,4.1812,3.6834,0.2987,0.5475,2.6381,4.0319,2.4888,0.3484,0.0000,0.2489,0.0000,0.0996,0.0996,0.1493,0.1991,1.0453,0.7466,0.3484,0.2489,0.1493,0.0996,0.2987,0.0000,2.837236744
1990,5,12.10,6.05450201,0.2521,9.2011,2.6469,4.1594,4.4955,0.6302,2.7309,3.9913,0.2101,0.1681,0.7983,4.2014,0.0840,0.2101,0.6302,0.4622,0.2941,0.7142,0.2941,3.8653,3.6132,0.5042,0.4622,2.4368,3.4872,2.1847,0.2521,0.0000,0.5042,0.0000,0.0420,0.1681,0.2101,0.2101,0.8823,0.6722,0.3781,0.2941,0.3361,0.0420,0.2521,0.0420,1.554521167
1990,6,13.43,6.356936932,0.4412,9.3134,2.8920,4.2645,4.1175,0.4902,2.1568,4.5096,0.5392,0.0490,0.7843,5.6370,0.3431,0.3431,0.5882,0.4412,0.6862,0.3431,0.5392,3.3332,2.8430,0.3921,0.5882,2.6470,3.6273,1.9607,0.1961,0.0490,0.3921,0.0000,0.5392,0.2451,0.2451,0.0980,1.3235,0.6372,0.2941,0.3431,0.2451,0.3431,0.1961,0.0490,2.107758741
1990,7,18.26,8.68420887,0.2818,12.6256,3.5509,6.0873,6.2564,0.7327,3.1000,5.6928,0.3382,0.2255,0.9018,8.1728,0.1127,0.1691,0.9582,0.7891,0.8455,1.0146,0.5636,5.1855,4.2837,1.0709,0.9018,4.6782,4.8473,3.0437,0.2255,0.0564,0.3945,0.0000,0.1691,0.3382,0.1691,0.2818,1.3527,0.9582,0.6200,0.4509,0.4509,0.2255,0.2255,0.0000,3.889126195
1990,8,18.43,6.957561493,0.2381,14.8545,7.9033,8.6175,6.9511,0.4761,2.9995,4.6182,0.3809,0.2857,1.3331,13.5690,0.0952,0.0952,0.4285,0.7142,0.7618,1.1427,0.4761,4.5230,4.0945,0.7618,0.2857,3.8564,3.2851,2.1425,0.0476,0.0952,0.1428,0.0000,0.2857,0.1904,0.0952,0.2857,5.7133,0.8570,0.7142,0.0000,0.2857,0.0476,0.0952,0.0952,11.9978329
1990,9,17.46,7.806807518,0.0505,14.3807,7.6193,6.5596,5.5505,0.9083,3.5321,6.6605,0.4037,0.1009,1.7661,11.1009,0.0000,0.4037,0.6560,0.4037,0.5046,0.7569,0.5046,4.8945,4.0872,1.2110,0.7064,4.8440,4.0367,3.0780,0.1514,0.0000,0.2523,0.1009,0.2018,0.0505,0.2018,0.1514,4.1881,0.9083,0.3028,0.3532,0.1009,0.2523,0.2018,0.1514,8.022924313
1990,10,21.02,9.495036125,0.3598,15.9870,8.2762,6.2714,6.6827,0.8225,3.3413,6.9911,0.4626,0.3084,1.2851,11.8232,0.2570,0.7197,1.0281,0.9767,0.5655,0.7197,0.6683,8.2762,6.9911,2.3132,0.8739,4.0096,3.9068,2.1076,0.1542,0.0000,0.1028,0.0000,0.3084,0.2570,0.1028,0.2570,4.3180,0.8739,0.4112,0.5655,0.3598,0.1542,0.2056,0.0514,9.972605213
1990,11,15.28,7.022877216,0.2830,11.6044,6.2739,4.2927,4.3399,0.8491,2.8304,6.7928,0.2830,0.1887,1.3208,7.3589,0.1415,0.0943,0.6132,0.6132,0.6604,0.6604,0.4246,5.0946,4.7173,0.4246,0.6132,3.2077,4.1984,2.6888,0.1887,0.0000,0.1415,0.0000,0.0472,0.0943,0.1415,0.0472,4.0568,0.5661,0.3774,0.3774,0.1415,0.1887,0.2830,0.0000,5.283321569
1990,12,16.32,8.376773834,0.2155,11.9579,6.3560,4.5246,5.3864,0.8080,3.6089,5.6019,0.3232,0.3771,1.1312,7.5410,0.2155,0.1077,0.5925,0.6464,0.5386,0.7541,0.2155,5.1710,4.5246,0.5386,0.8618,3.5551,3.8244,2.4778,0.1616,0.0000,0.0539,0.0000,0.2693,0.2693,0.2693,0.1616,4.5246,0.4848,0.3232,0.3232,0.2155,0.2155,0.2155,0.2155,4.578475102
1991,1,20.73,10.5543766,0.3126,17.3990,10.3665,7.0325,7.1888,1.0940,3.0214,6.9284,0.3126,0.2605,2.7609,11.7730,0.2605,0.2084,0.7814,0.4688,0.6251,1.5628,0.4688,5.9386,4.9488,0.9898,0.6251,5.6781,4.7405,3.4902,0.3126,0.0000,0.2084,0.0000,0.1563,0.2084,0.1563,0.3647,12.1376,0.8335,0.5209,0.2084,0.3647,0.2084,0.3647,0.1042,9.220446203
1991,2,18.38,9.598079681,0.1299,14.9412,9.5494,5.0670,7.2108,0.9095,3.8327,7.0808,0.0000,0.6496,2.5985,8.7049,0.0650,0.0650,1.2343,0.5197,0.1299,0.4547,0.3248,5.8466,5.3918,0.5197,0.7146,5.7166,4.6772,2.9882,0.1299,0.0000,0.2598,0.0000,0.1949,0.1949,0.2598,0.0650,8.3801,1.0394,0.1949,0.5847,0.1949,0.6496,0.0650,0.0000,5.002058137
1991,3,13.69,6.495369434,0.4329,10.4436,6.0606,3.6796,5.0324,0.5411,2.7597,4.3290,0.2706,0.2164,1.8939,6.3311,0.0000,0.1082,0.6493,0.5411,0.4329,0.7035,0.6493,4.0584,3.5173,0.2164,0.4329,4.4913,2.8679,1.8398,0.1623,0.0000,0.2706,0.0000,0.2164,0.1082,0.1082,0.0541,4.8701,0.7035,0.2706,0.1623,0.3247,0.2706,0.0541,0.0000,2.922053137
1991,4,15.61,7.846707821,0.1643,11.2286,5.8608,4.3271,5.5321,0.3834,2.4648,4.3819,0.1643,0.0548,1.4789,5.2035,0.0000,0.0548,1.1502,0.6025,0.7121,0.8216,0.6025,4.4914,3.7794,0.4382,0.9312,3.6151,3.8889,2.5196,0.3286,0.0548,0.2191,0.0000,0.1095,0.2739,0.3286,0.2191,3.5055,1.1502,0.2191,0.4382,0.3834,0.4930,0.2191,0.0000,2.574366359
1991,5,13.94,6.507923603,0.6788,10.1824,5.0129,3.4464,4.2818,0.6788,2.5064,4.2296,0.0522,0.2089,0.8877,5.5351,0.1567,0.1044,1.0444,0.8877,0.4177,0.3133,0.5222,4.2818,3.9685,0.4177,0.8355,3.4464,3.0808,1.8798,0.1567,0.0000,0.1044,0.0000,0.1044,0.3133,0.2611,0.1567,2.6109,0.6788,0.5744,0.5744,0.3655,0.3133,0.4700,0.0000,3.550801509
1991,6,14.87,7.432220459,0.8230,11.0278,5.1573,4.1697,3.7857,0.4389,3.0176,5.6511,0.1646,0.0549,1.0973,6.0900,0.1097,0.1646,1.1522,1.2619,0.4389,0.4938,0.5486,5.5962,4.7184,0.3841,1.1522,2.9627,4.3343,2.4689,1.1522,0.0000,0.1646,0.0549,0.2743,0.4389,0.2195,0.1646,2.3592,0.7681,0.5486,0.8230,0.2195,0.1646,0.2195,0.0000,3.127295346
1991,7,15.14,6.638329983,0.2856,11.8258,5.4844,4.6846,4.4561,0.4570,2.3994,5.5987,0.0571,0.1714,0.4570,6.2271,0.0000,0.3428,0.6856,0.8569,0.2285,0.5142,0.3428,4.7418,4.2847,0.2285,0.7427,3.3135,4.1705,2.3423,0.5142,0.0000,0.3428,0.0000,0.0571,0.4570,0.1143,0.1143,2.3994,0.9712,0.3999,0.3428,0.1714,0.3428,0.2285,0.0571,2.856476802
1991,8,13.76,7.120537281,0.4726,10.8701,4.7787,4.5686,5.1988,0.6827,2.7832,4.9362,0.2101,0.2626,1.3128,6.3540,0.1575,0.1050,0.7352,0.4726,0.4201,0.4726,0.5251,4.9362,3.9385,0.9452,0.6302,4.5161,3.5184,2.5206,0.4726,0.0000,0.1575,0.0000,0.1050,0.1575,0.1575,0.3151,2.5731,1.0503,0.3151,0.4201,0.2626,0.1575,2.9932,0.0000,3.675891316
1991,9,13.71,6.424206734,0.5799,10.0694,3.6376,4.1121,4.0067,0.8435,3.6376,4.6393,0.1582,0.2636,0.8962,6.7481,0.0527,0.3163,1.3180,0.9489,0.3690,0.0527,0.7908,4.8502,4.4284,0.3690,0.9489,3.0050,3.7958,2.2669,1.0544,0.0000,0.3163,0.0000,0.2636,0.3163,0.2109,0.2109,2.1088,1.1598,0.5799,0.6853,0.4745,0.3690,0.8962,0.1054,3.057711506
1991,10,14.17,6.335899353,0.3091,10.7664,4.8423,3.6575,4.1726,0.6182,2.9878,5.2029,0.1030,0.1545,0.8757,5.3059,0.1030,0.0515,1.0303,1.0818,0.6182,0.7727,0.4636,4.3787,3.9666,0.5151,0.7212,3.1423,3.5545,1.8030,0.1545,0.0515,0.4121,0.0000,0.2061,0.7212,0.1545,0.2576,1.8030,1.1333,0.3606,0.4121,0.5151,0.2061,0.7212,0.0515,2.009042535
1991,11,19.37,9.407391548,0.8161,15.3970,6.6920,5.3318,8.5418,0.9249,4.1893,6.6376,0.3808,0.4352,2.2307,8.1065,0.1088,0.1088,1.0881,0.8705,0.5985,0.3808,0.7617,7.9433,7.1272,0.9249,1.4690,5.0054,4.6789,2.7203,0.5441,0.0544,0.4352,0.0544,0.2176,0.2176,0.2720,0.2176,2.9379,1.1969,0.8705,0.4352,0.5441,0.2176,0.9249,0.0000,4.298093469
1991,12,14.93,7.466863632,0.6113,11.0038,4.5340,3.9226,5.2981,0.9170,3.7698,4.9925,0.3566,0.1528,1.3755,6.4189,0.2038,0.3566,0.7642,0.7642,0.4585,0.4075,0.6623,6.3679,5.8585,0.7132,0.7642,3.8208,3.5660,1.9868,0.8151,0.0509,0.3057,0.0000,0.4585,0.2038,0.1019,0.1019,2.4453,0.7642,0.4585,0.4075,0.2547,0.2038,0.8660,0.1019,2.954723091
1992,1,20.80,9.746554375,1.1586,16.7173,8.7173,6.0138,9.3242,0.9931,4.3586,7.1724,0.3310,0.2207,2.2069,9.1035,0.0552,0.2759,2.1517,1.0483,0.6069,0.7172,0.7724,8.0552,6.9518,1.7655,1.6000,5.6276,4.2483,2.7586,0.8276,0.0000,0.3310,0.0000,0.3310,0.1103,0.1103,0.1655,3.1448,0.9931,0.7172,0.6069,0.6621,0.3310,0.9379,0.0000,4.744848732
1992,2,16.67,8.062880516,1.1301,13.0532,4.8031,5.1422,6.2158,0.3390,4.4641,6.4418,0.3390,0.2260,1.1867,8.0806,0.1130,0.2260,2.2038,1.8082,0.4521,0.6216,0.4521,7.3460,6.4983,1.0736,1.4127,4.0685,4.4641,2.4863,1.5257,0.0000,0.9041,0.0000,0.3390,0.2260,0.0565,0.0565,2.7689,1.2432,0.7346,0.7346,0.9606,0.1695,0.5651,0.0565,4.294559078
1992,3,16.00,7.755796909,0.5112,12.2684,5.0607,4.6518,5.8275,0.4601,4.2939,5.5208,0.3578,0.5623,1.1757,7.1565,0.1534,0.3578,1.3802,0.8690,0.5112,0.4089,0.7668,6.3387,5.6230,0.6134,1.4824,3.4249,3.7316,2.4026,0.1534,0.0000,0.4601,0.0511,0.2556,0.1534,0.2556,0.3067,2.1981,0.9712,0.3578,0.7157,0.4601,0.2045,0.5623,0.0511,3.067090458
1992,4,18.30,7.906598568,0.6404,13.0205,4.7493,4.6959,5.7632,0.5870,4.2157,5.3897,0.4269,0.5336,1.2807,7.2040,0.1601,0.2135,1.0673,0.9605,0.4803,0.8004,0.5336,5.1228,4.6426,0.4803,1.2273,4.5892,3.9489,2.1345,0.9605,0.0000,0.4803,0.0000,0.2668,0.4269,0.1601,0.1067,1.9744,0.4803,0.6937,0.4803,0.3735,0.3202,0.8004,0.0000,3.415224837
1992,5,14.57,6.64283371,0.5319,10.5854,3.9895,3.6171,4.6278,0.6383,3.1384,5.3725,0.2660,0.1596,0.6915,6.5427,0.1596,0.1596,0.6915,0.6915,0.3724,0.7447,0.5851,4.6278,3.9895,0.6915,0.6915,2.7128,3.2448,1.7554,0.5319,0.0532,0.2660,0.0000,0.2128,0.2128,0.1596,0.3724,2.0745,1.0639,0.3724,0.3724,0.1596,0.2660,0.9575,0.0000,3.03199813
1992,6,15.17,7.457505226,0.3820,11.0781,4.2566,4.1475,4.8569,0.3820,3.7109,4.8569,0.3820,0.2183,0.6549,6.8760,0.0000,0.1637,1.3097,1.0369,1.2552,0.3274,0.7640,5.1843,3.9837,0.7094,1.4189,3.7655,3.6563,2.2374,0.9823,0.0000,0.2183,0.0000,0.3274,0.4366,0.1637,0.1637,2.5103,0.6003,1.0369,0.4366,0.4911,0.3820,1.2006,0.1637,2.619445911
1992,7,17.59,8.836457253,0.4956,13.2822,4.6587,6.0464,5.9472,0.5452,4.9065,5.8481,0.2478,0.2478,1.4372,8.3261,0.0496,0.2478,0.6938,0.9416,0.5947,0.5452,0.3469,6.0959,5.1543,0.8921,1.2886,5.6003,3.4692,2.1807,0.9912,0.0496,0.4956,0.0496,0.2478,0.2478,0.3469,0.1487,2.4285,0.7930,1.3381,0.2478,0.1487,0.2478,1.4372,0.0991,3.816145561
1992,8,12.03,5.754993916,0.4392,9.0906,3.3815,3.9085,4.1281,0.2196,2.9863,3.7329,0.3513,0.1757,1.0101,5.7530,0.1317,0.4392,0.6148,0.8344,0.6148,0.3513,0.7466,3.9524,3.7329,0.4831,0.5270,2.9863,2.7228,1.0979,0.1317,0.0878,0.3074,0.0000,0.2635,0.1317,0.0439,0.1317,1.8884,0.4831,1.1857,0.2196,0.3074,0.1317,1.3614,0.0878,3.205866417
1992,9,14.76,6.558954239,0.4687,11.9043,4.1712,5.2023,7.1707,0.8436,4.2180,4.9679,0.1406,0.2343,1.0311,6.4677,0.3281,2.8589,1.0779,0.6093,0.4687,0.6561,0.4687,5.3429,5.0617,0.7967,0.8905,5.0148,2.8120,1.7341,0.7499,0.0469,0.3749,0.0000,0.2343,0.1875,0.1406,0.0937,1.6872,0.8905,0.4687,0.4218,0.2343,0.4218,1.7341,0.0000,3.421301036
1992,10,17.82,8.898836136,0.3446,14.0315,4.8249,4.9233,8.0250,0.4431,5.0710,5.0218,0.4923,0.0985,1.2801,7.2373,0.1477,1.9693,1.3785,1.0339,0.7385,0.8370,0.6400,6.3511,5.2680,1.6739,0.9847,5.2187,4.0864,2.0186,0.5908,0.0492,0.2954,0.0000,0.2954,0.2462,0.2462,0.1477,1.8216,0.6400,0.8862,0.4923,0.3939,0.3939,2.9540,0.0000,3.446336504
1992,11,14.59,7.197786808,0.2408,10.7896,3.5644,3.7571,5.2021,0.6743,3.1791,4.6723,0.2408,0.3853,1.2042,5.9728,0.0963,0.5780,0.8189,1.0597,0.7707,0.4335,0.7707,5.8283,4.8649,1.3487,0.6743,2.3602,3.6126,1.8785,0.6743,0.0482,0.2890,0.0000,0.0963,0.2890,0.1445,0.0963,2.4084,0.5780,0.5780,0.2408,0.2890,0.2408,1.2524,0.0482,2.745558767
1992,12,11.12,5.431556702,0.6801,7.6752,2.6232,2.8175,3.2547,0.2429,2.8660,3.2061,0.0972,0.2915,0.9715,4.8091,0.1943,0.2429,0.8258,0.4858,0.3886,0.5343,0.4372,3.8862,3.4976,0.2915,0.6801,1.7002,3.0604,1.9917,0.6801,0.0000,0.3400,0.0000,0.1943,0.0486,0.0000,0.0972,1.2144,0.2915,0.3886,0.4372,0.3886,0.1457,0.4858,0.0486,2.040237518
1993,1,14.28,6.786227226,1.0160,10.2724,4.0638,4.9669,5.3620,0.4515,2.6528,5.1362,0.1129,0.1693,1.1288,6.5472,0.1693,0.7902,1.5804,0.5644,0.5644,0.6773,0.7337,7.1117,6.4908,1.1288,0.7337,2.1448,2.9350,1.5239,0.3951,0.0000,0.2822,0.0000,0.4515,0.2258,0.1129,0.2258,2.4834,0.7902,0.6209,0.5080,0.8466,0.2258,0.5644,0.0000,3.612275497
1993,2,15.98,8.673319817,0.5366,11.3273,3.9347,4.9482,5.6040,0.4173,2.8020,4.2328,0.5366,0.2385,1.6097,6.6771,0.0596,0.1789,1.7885,0.8346,0.4769,0.2385,0.7750,8.1676,7.9887,1.4308,1.1923,2.6828,2.6828,1.3116,0.5962,0.0000,0.3577,0.0000,1.4904,0.1789,0.0596,0.0596,1.9078,0.8346,0.5366,0.7750,0.2385,0.2981,0.2981,0.1192,3.338574708
1993,3,15.51,7.537817955,0.7149,12.3733,2.7496,5.7742,5.2243,0.3849,3.9045,5.1143,0.2750,0.2200,1.1548,6.9291,0.0550,0.4399,1.4298,0.7699,1.2098,0.5499,0.1650,7.4790,6.5441,1.5948,1.2098,3.1896,3.4645,1.9797,0.9349,0.0000,0.3849,0.0000,0.2750,0.1100,0.0550,0.3849,1.4848,0.8799,0.4949,0.4949,0.6049,0.2750,0.5499,0.0000,3.464532609
1993,4,14.18,6.102702141,0.2727,10.7435,2.8904,5.5081,5.3990,0.5454,2.3996,4.0902,0.5454,0.2181,0.8180,6.3807,0.1636,0.3272,0.9816,0.7090,0.5454,0.4363,0.7090,5.8353,4.9627,0.4908,0.9271,1.9633,3.4357,2.0724,0.4908,0.0545,0.1636,0.0000,0.1636,0.1636,0.1091,0.4908,1.3634,0.8180,0.3817,0.5999,0.2181,0.1091,0.2181,0.0000,2.944918926
1993,5,15.04,6.995130539,0.6888,10.8494,2.9276,5.3960,5.6830,0.4018,2.7554,2.6406,0.2870,0.1722,0.9185,7.4625,0.1148,0.2870,1.3203,0.8611,0.5166,0.5166,0.6888,5.8552,5.0516,0.6314,0.8611,2.8702,2.9850,1.5499,0.3444,0.0574,0.4592,0.0000,0.2296,0.4018,0.1722,0.1722,2.0091,0.7463,0.7463,0.4592,0.4592,0.2870,0.4018,0.0000,3.329434184
1993,6,14.82,7.13688755,0.2829,11.0322,2.8853,5.4878,5.6575,0.6789,3.6208,3.9037,0.2263,0.3960,1.0184,6.4496,0.1132,0.1697,1.3578,0.6223,0.7921,0.5658,0.6789,5.7707,5.3747,0.3395,0.9618,3.7340,2.7722,1.6407,0.6223,0.0000,0.3960,0.0000,0.2263,0.1697,0.1697,0.1697,1.5275,1.0184,0.8486,0.7355,0.3960,0.3395,0.3960,0.0566,3.224793663
1993,7,14.31,6.371520519,0.2863,11.4508,3.6070,5.9544,6.0689,0.2863,3.0917,4.0650,0.4580,0.0573,1.4886,7.8438,0.1718,0.7443,1.1451,0.8016,1.2023,0.1145,0.9161,5.3819,4.7521,0.9161,1.0306,2.8627,2.6909,1.3168,0.9733,0.3435,0.4580,0.0000,0.2290,0.0000,0.1718,0.2863,2.1757,1.0306,1.4314,0.4008,0.2863,0.1145,0.3435,0.0000,3.492501312
1993,8,17.80,8.04029274,0.4549,13.4196,4.2078,6.1412,7.0510,0.8529,3.8667,5.7431,0.5686,0.2275,1.0804,7.9608,0.1137,1.5922,1.3647,1.0804,0.4549,0.2843,0.7961,7.1078,6.7098,0.5118,1.2510,3.8667,4.1510,1.8765,0.1137,0.0000,0.6255,0.0000,0.2275,0.3412,0.1137,0.1706,1.7059,1.0235,0.7961,0.7392,0.1706,0.1706,0.1706,0.0000,3.525476072
1993,9,16.09,7.101494789,0.5766,11.7624,2.7676,5.8236,6.4001,0.5189,3.2866,4.3821,0.3460,0.2883,1.2108,6.9191,0.1153,0.6342,1.6144,0.3460,0.5766,0.4613,0.8649,5.9389,5.0740,0.6342,1.7874,2.5370,3.2289,1.6144,0.6919,0.0577,0.5766,0.0000,0.1730,0.0000,0.2883,0.0000,1.4415,0.9802,0.9225,0.9225,0.2306,0.2306,0.4613,0.0000,4.093783088
1993,10,13.13,6.397872448,0.1545,9.8366,3.2960,4.8925,5.7166,0.1545,3.1415,3.3990,0.2060,0.1545,0.9785,5.9741,0.0515,0.3090,1.1845,0.4120,0.3090,0.3605,0.3605,4.4805,4.1200,0.3605,0.5150,1.9570,3.1415,1.7510,0.5150,0.1030,0.6180,0.0000,0.2060,0.0515,0.0000,0.2575,1.5450,0.7725,1.4935,0.6180,0.0515,0.1545,0.5665,0.0515,2.832526469
1993,11,13.67,6.633966446,0.0536,10.8295,3.4311,5.7900,6.3797,0.4289,2.8414,4.0745,0.1608,0.2681,0.9114,5.3611,0.1072,0.2681,0.5897,0.4825,0.5361,0.6969,0.3753,4.7714,4.5033,0.2144,0.5361,2.7878,2.6270,1.3939,0.1608,0.0000,0.3217,0.0000,0.2144,0.1608,0.0000,0.2681,1.8228,0.8578,3.7528,0.1608,0.3217,0.2144,0.3217,0.0000,2.305284575
1993,12,12.68,6.12776041,0.2653,9.0212,2.1757,3.9269,4.5106,0.2123,2.2288,3.1309,0.1592,0.0531,0.9552,5.6250,0.3184,0.3184,0.5837,0.6368,0.5307,0.3184,0.4776,5.4127,4.9882,0.6368,0.4245,2.0696,2.8656,1.6981,0.3184,0.0000,0.1061,0.0000,0.0531,0.2653,0.1061,0.0531,1.9104,0.6368,1.2205,0.0531,0.4776,0.2653,0.3184,0.0000,2.653288542
1994,1,16.23,6.979022503,0.2068,12.4070,4.3425,6.7205,6.6688,0.3619,3.5153,4.8077,0.1551,0.3102,1.2924,7.4959,0.0517,0.0517,0.8271,0.3619,0.6204,0.5687,0.6204,6.5137,6.1518,0.5687,0.2585,2.7399,3.0501,1.7577,0.5170,0.0000,0.5170,0.0000,0.2068,0.0000,0.0517,0.3102,1.5509,0.8271,2.0161,0.2068,0.3102,0.3102,0.2068,0.0000,3.308536991
1994,2,13.44,6.755041122,0.2678,11.5699,3.1067,6.2135,6.9634,0.4285,2.5175,4.3387,0.3750,0.1071,0.5892,5.7850,0.1071,0.0536,0.6963,0.7499,0.2678,1.0713,1.1249,4.5530,4.1780,0.3214,0.7499,5.5707,3.4817,1.9819,0.3214,0.0000,0.4821,0.0000,0.0536,0.1607,0.1071,0.4285,2.6247,0.9642,0.8035,0.3214,0.1071,0.2678,0.8035,0.0000,2.892477104
1994,3,19.47,9.285029411,0.4624,14.2306,4.0072,8.4254,9.7097,0.5137,3.8531,4.8805,0.2569,0.2569,1.1816,8.8363,0.0514,0.3596,1.1302,0.8220,0.8734,0.9247,0.5651,5.3943,4.9833,0.4110,0.7706,7.3465,3.8531,2.1577,0.6679,0.0514,0.1027,0.0000,0.3596,0.1541,0.1027,0.2055,2.6201,1.0275,2.6201,0.4110,0.3596,0.1027,0.8220,0.0000,3.596188286
1994,4,26.23,12.42354202,0.5167,21.6422,8.0943,11.9405,15.0405,0.4593,5.2814,7.4628,0.9759,0.2296,1.9518,11.1943,0.1148,0.4593,0.8037,0.9759,0.4018,1.2055,0.6315,7.8647,7.1758,0.8037,0.9759,10.1035,4.9944,3.0425,0.4593,0.0574,0.3444,0.0000,0.2296,0.2296,0.1722,0.2296,2.9851,1.0333,2.0666,0.3444,0.0574,0.1148,0.5741,0.0574,4.707331167
1994,5,17.57,8.075184822,0.6075,13.2141,3.5946,7.6956,8.3538,0.7088,4.2022,4.3541,0.4050,0.1519,0.9619,8.1006,0.1013,0.1519,1.2657,1.1138,0.6075,0.9113,0.7088,5.1135,4.7085,0.2025,0.5569,6.6324,3.9997,2.3796,0.1013,0.0506,0.2531,0.0000,0.2531,0.3038,0.1519,0.2025,1.7720,0.8101,0.9113,0.2531,0.3038,0.4050,0.4050,0.0000,3.898420949
1994,6,14.54,6.501772881,0.5914,11.5326,2.4149,6.0620,6.1606,0.4436,3.0064,4.3863,0.5914,0.3943,0.8871,7.2448,0.0000,0.5421,1.3307,0.7886,0.7393,0.6900,0.8378,5.0270,4.7313,0.1971,0.7393,4.3863,3.4992,2.1192,0.2957,0.0000,0.3450,0.0000,0.1971,0.1971,0.2464,0.0986,2.2178,0.5914,0.8871,0.4436,0.2464,0.1971,0.2464,0.1479,3.302058805
1994,7,18.11,7.509283543,0.5142,13.7117,3.5422,6.8559,8.1699,0.4571,3.3708,5.4847,0.3428,0.1714,1.1998,7.8842,0.0571,0.1714,1.1998,0.8570,0.5713,0.9141,1.0284,5.4276,4.9705,0.3999,0.5713,4.6848,3.0280,1.8854,0.2857,0.0000,0.3999,0.0000,0.2285,0.1143,0.2857,0.3428,1.8854,0.7999,0.7427,0.2857,0.2285,0.2857,0.3428,0.0571,3.485062945
1994,8,16.28,7.906686783,0.5104,12.2499,4.5937,6.4823,7.1968,1.0719,3.6239,5.1552,0.2042,0.4594,1.0719,6.6354,0.0000,0.4083,1.3781,0.5615,0.7146,0.5104,0.9187,5.1041,4.6448,0.6635,1.0208,5.0021,3.4198,2.0927,0.2042,0.0000,0.3062,0.0510,0.0510,0.2042,0.1021,0.2042,1.5312,1.0208,1.2250,0.7146,0.3062,0.3573,1.1229,0.1021,2.80727814
1994,9,15.59,7.043811321,0.1689,12.7770,2.9269,7.7675,6.2478,0.3940,3.4897,4.6155,0.7317,0.2251,0.8443,7.5986,0.0563,0.2251,0.7880,0.8443,0.3940,0.9569,0.5066,5.0658,4.3340,0.5066,1.0132,4.9532,4.0526,2.7580,1.0694,0.0000,0.3377,0.0000,0.1126,0.0563,0.1689,0.5066,2.1389,0.8443,0.6191,0.2814,0.1689,0.1689,0.8443,0.0563,3.658606739
1994,10,17.12,7.218687534,0.5506,12.4136,2.9532,7.2580,6.6073,0.2002,4.9054,5.0555,0.3504,0.0000,1.0011,8.5093,0.0000,0.2002,1.5517,1.2013,0.9510,0.5506,0.9010,6.1067,5.5561,0.3504,1.6018,4.0044,5.0055,3.0534,1.8020,0.0501,0.9510,0.0501,0.3003,0.2002,0.2503,0.2503,2.7030,0.6007,0.7508,0.8009,0.1502,0.1502,0.3504,0.0000,4.504943647
1994,11,15.06,7.437735558,0.3661,11.5594,3.4521,6.3289,7.3227,0.4707,2.8768,3.4521,0.0523,0.0523,1.0984,6.0151,0.0000,0.1046,0.6800,0.8369,0.5231,0.3661,0.7323,4.9690,4.7075,0.7846,0.7323,5.2828,2.9814,2.1445,0.7846,0.0000,0.4707,0.0000,0.1569,0.0000,0.2092,0.4184,2.3014,0.1569,0.7846,0.3661,0.1569,0.2092,0.2092,0.0000,2.929083135
1994,12,20.48,9.450597763,0.0508,15.7000,4.3188,7.9770,10.4667,0.4573,4.0647,3.4042,0.8638,0.1016,1.1178,7.8246,2.8961,1.6767,1.0162,1.0162,1.0670,0.5589,0.8638,8.3835,8.3327,0.6605,0.5589,6.3511,5.0809,3.9123,0.3557,0.0000,0.2540,0.0000,0.1524,0.1016,0.1524,0.4065,1.6767,0.3557,1.9816,0.4065,0.2032,0.2032,0.3049,0.0000,3.200976767
1995,1,22.64,10.13152027,0.4354,17.4695,5.1701,9.4151,10.8845,0.9796,4.9524,5.2790,0.9252,0.3810,0.8708,10.0137,2.7211,2.7211,0.9796,0.4898,0.8163,1.1429,0.6531,7.4559,6.3130,1.6871,0.9796,8.4899,4.0272,2.0136,0.4898,0.0000,0.3810,0.0544,0.1633,0.1633,0.1088,0.1633,2.8844,0.8708,2.6667,0.3265,0.2177,0.1088,0.7075,0.1088,4.40820412
1995,2,22.30,10.70795536,0.3141,16.1430,6.5326,7.9773,10.8039,0.7538,4.9622,3.7688,0.7538,0.2513,1.5075,9.2335,2.4497,1.8216,1.3819,1.0678,0.8166,1.0050,0.5653,7.1607,6.7210,0.6909,1.1934,9.9245,4.5854,2.3869,0.5025,0.0000,0.5653,0.0628,0.0628,0.5025,0.0628,0.1256,3.2035,0.5025,1.3191,0.5025,0.2513,0.2513,0.3769,0.0628,3.26628347
1995,3,18.01,8.918320656,0.1637,11.8445,3.6025,7.0958,7.4779,0.4912,3.0021,3.1658,1.0917,0.2729,1.4192,7.2595,1.4192,1.5283,0.9825,0.7642,0.8187,1.0917,0.8187,5.4583,4.6396,0.9279,1.1462,6.0587,4.2575,2.0742,0.4912,0.0546,0.7096,0.0000,0.0546,0.2183,0.0546,0.2729,2.4016,0.4367,0.7642,0.3275,0.2729,0.1637,0.3275,0.0000,3.766223439
1995,4,15.85,6.009092331,0.4328,11.1989,3.8412,6.0593,6.1675,0.7033,2.0017,4.3281,1.2443,0.2705,0.8656,6.9250,1.0279,0.7033,1.5148,0.7033,0.7033,0.4328,0.3787,5.1937,4.4363,0.5410,0.7033,4.4363,2.0558,0.9738,0.3246,0.0000,0.2164,0.0000,0.1623,0.1082,0.1082,0.2705,1.6230,0.5951,0.8115,0.2705,0.2164,0.3246,0.4328,0.1082,2.759160465
1995,5,13.42,5.534934998,0.2165,9.5270,3.1937,4.8176,4.9259,0.1624,2.6524,3.0313,0.7037,0.0541,0.9202,5.7378,0.1624,0.1624,1.4615,0.7578,0.7037,0.4872,0.3789,3.4102,2.8148,0.3789,0.9743,2.9230,2.8148,1.2991,0.2707,0.0000,0.2165,0.0000,0.0541,0.1083,0.0541,0.0541,1.4615,0.5413,0.4872,0.5954,0.2165,0.2165,0.4872,0.0000,2.165220784
1995,6,15.66,7.159914017,0.3467,11.1506,5.1420,4.2754,6.5286,0.4044,3.2354,3.5243,0.8666,0.4044,1.7910,5.4309,0.1156,0.3467,0.9244,0.6933,0.8089,0.4622,0.4622,4.1021,3.4087,0.5200,0.8666,6.2397,2.7154,1.6177,0.1156,0.0000,0.2311,0.0578,0.0578,0.1733,0.0000,0.1156,1.3866,0.4622,1.2133,0.3467,0.1156,0.2889,0.0578,0.0578,2.137688197
1995,7,18.81,9.066090584,0.4869,13.0861,5.0518,6.0257,6.9995,0.4869,3.4085,4.9301,0.4869,0.3043,2.6172,6.8778,0.3043,0.1217,0.6695,0.8521,1.0347,0.7913,0.6695,5.4779,4.7475,0.7913,0.9738,6.3300,3.6519,1.5825,0.3652,0.0609,0.3043,0.0609,0.2435,0.3043,0.1217,0.2435,1.7042,0.7913,0.6087,0.1217,0.2435,0.3043,0.1217,0.0000,2.982410153
1995,8,13.36,6.288449287,0.1721,8.7188,2.4665,4.2447,4.4167,0.6310,2.6959,3.6711,0.5162,0.1721,0.8030,5.2772,0.2868,0.5736,0.7457,0.8604,0.8030,0.3442,0.4015,4.5888,4.0152,0.5162,0.7457,3.6137,2.8680,1.6634,0.5162,0.0000,0.1721,0.0000,0.3442,0.1721,0.1147,0.2294,1.3766,0.5162,0.4015,0.2294,0.3442,0.1721,0.1147,0.0000,2.409134026
1995,9,12.82,5.410792828,0.4309,9.1568,2.8009,4.1475,4.4168,0.3770,2.5854,3.5011,0.4848,0.1077,1.1311,5.1709,0.2693,0.3232,0.9695,0.8080,0.7541,0.2155,0.4309,4.6322,3.7704,0.9157,1.4543,3.4473,2.6932,1.6698,0.1616,0.0000,0.2693,0.0000,0.1077,0.1616,0.0539,0.1616,1.3466,0.6464,0.1616,0.4848,0.1616,0.3232,0.2693,0.0000,2.208396819
1995,10,17.10,8.134587288,0.1645,11.5666,4.0565,5.3174,6.0300,0.9867,3.2343,3.2343,0.6578,0.3289,0.9319,6.1945,0.2741,0.2741,1.0964,0.5482,0.9319,0.8223,0.8223,6.1945,4.7144,1.7542,1.5349,3.7825,2.9602,1.1512,0.2193,0.0000,0.6578,0.0548,0.1645,0.1096,0.2193,0.1096,1.5349,0.9319,0.3837,0.7675,0.1645,0.4934,0.1096,0.0548,3.015000117
1995,11,16.37,7.924048901,0.2944,11.6007,3.7099,4.8287,5.5942,0.8244,2.5910,4.0632,0.3533,0.2355,1.1188,5.7709,0.4122,0.7066,1.4722,0.5300,0.8244,0.7655,0.5300,7.4197,4.4754,3.4743,1.3544,4.5343,3.3565,1.9433,0.0000,0.0589,0.5300,0.0000,0.0000,0.1767,0.0000,0.2355,1.4133,0.4122,0.2355,0.6478,0.2355,0.1767,0.5300,0.0000,2.355469628
1995,12,18.06,9.653203011,0.5455,12.9705,4.2427,5.8792,7.8793,1.0910,4.2427,5.3943,0.4243,0.1818,2.4244,6.4853,0.0606,0.1818,1.5759,0.6667,0.7273,1.6971,0.3637,9.3339,6.5459,3.5154,1.5153,6.8489,2.6062,1.3334,0.3031,0.0606,0.1818,0.1212,0.2424,0.0606,0.3031,0.4243,1.2122,0.6061,0.6061,0.8485,0.0606,0.7273,0.4849,0.0606,3.151722159
1996,1,22.33,11.73614216,0.2650,15.6348,5.1012,7.8836,8.4136,0.5300,4.0412,6.2274,0.7287,0.3975,1.3912,9.1424,0.3975,0.1987,1.7225,0.6625,0.7950,0.9937,0.6625,10.9311,7.6849,5.2337,2.1862,4.8362,3.6437,2.3187,0.3312,0.0000,0.5962,0.0000,0.2650,0.1325,0.1325,0.1325,2.1862,0.6625,0.8612,1.3250,0.2650,0.3312,1.2587,0.1987,3.643693981
1996,2,18.14,8.346241951,0.3766,13.3695,4.3310,6.4651,5.8374,0.3766,3.1384,4.3937,0.6277,0.1255,1.0671,7.9715,0.3138,0.1255,1.1298,0.4394,0.5021,0.6277,0.4394,6.6534,5.1470,1.4437,1.5064,4.2054,3.7033,2.0086,0.4394,0.0628,0.5649,0.0000,0.0628,0.1255,0.1255,0.1255,1.7575,0.8787,0.5649,0.5649,0.3138,0.0628,0.5649,0.0000,3.577761271
1996,3,22.85,10.44804096,1.0466,16.5126,6.2794,7.5004,8.1400,0.6977,8.4307,5.3492,0.4651,0.2326,1.8606,10.6983,0.0581,0.0000,1.5117,1.7443,0.8140,1.6861,0.5814,8.3726,6.6864,1.3954,2.0931,5.6980,4.4189,2.7327,0.2907,0.0581,0.4651,0.0000,0.3489,0.4070,0.0581,0.1744,2.9071,1.1629,0.8721,0.5814,0.6977,0.6977,1.4536,0.0581,4.535152814
1996,4,15.33,5.832448483,0.6437,10.3571,3.0428,5.6174,5.6174,0.0000,4.5642,3.7450,0.2926,0.2926,1.1118,6.7292,0.0585,0.0585,0.8777,0.4681,1.1118,1.0533,0.5266,4.8567,4.3886,0.6437,0.8777,3.2768,2.9257,1.5799,0.4096,0.0000,0.4096,0.0000,0.2926,0.0585,0.0585,0.1170,1.3458,0.7607,0.4681,0.2926,0.1755,0.2926,0.1755,0.0000,3.861986815
1996,5,17.04,7.224626064,0.3340,12.2483,3.4518,6.7922,6.9036,0.3340,3.7858,3.1177,0.6681,0.1670,1.6145,7.0706,0.0557,0.1670,1.0578,0.6681,0.4454,0.7238,0.7794,5.1777,4.2869,0.3897,1.5589,3.1177,3.8972,2.0599,0.2784,0.0000,0.5011,0.0000,0.1113,0.1113,0.1113,0.2227,1.5032,0.6681,0.6681,0.4454,0.0557,0.2784,0.5567,0.1113,3.284758537
1996,6,18.38,9.336204529,0.4191,12.3348,2.9939,5.9279,6.8261,0.4191,5.6285,3.8921,0.3593,0.3593,1.3173,8.2631,0.2395,0.1796,1.3173,0.9580,0.6587,1.1377,0.7784,7.0057,6.1674,0.4191,1.8562,4.4908,3.8921,2.5747,1.0778,0.0000,0.4790,0.0599,0.2994,0.0599,0.1796,0.2994,1.6167,0.9580,0.4790,0.5389,0.2994,0.7784,0.5389,0.0599,4.550709926
1996,7,24.74,11.67513466,0.4373,17.1181,5.1229,11.1205,10.3083,0.3748,8.0592,5.5603,0.3124,0.3124,2.5615,10.1209,0.3124,0.3124,2.1866,0.9996,0.9996,0.4998,0.9996,8.1842,7.3095,0.8122,1.5619,8.5590,3.7485,1.8118,0.4373,0.0000,0.4373,0.1249,0.1874,0.1249,0.1874,0.4998,2.5615,0.8122,0.6872,0.6247,0.4998,1.1245,0.7497,0.0625,4.935506527
1996,8,16.77,9.126935959,0.5007,10.7654,3.3172,5.6956,6.0086,0.2504,3.5676,3.6928,0.3129,0.3755,1.8151,6.7596,0.0626,0.1252,1.6899,1.0014,0.8762,0.8137,0.5633,5.9460,5.0697,1.2518,1.5647,4.8820,3.8179,1.9403,0.5007,0.0626,0.8137,0.0000,0.1878,0.3129,0.2504,0.4381,1.4396,0.6259,0.6259,0.8762,0.4381,0.0626,0.5007,0.0626,2.691338226
1996,9,15.08,7.564875126,0.5543,10.2553,2.3837,5.3217,5.8206,0.7206,3.9913,3.6032,0.3880,0.1109,1.3859,6.0423,0.0554,0.1109,0.8315,0.7761,0.6098,0.7206,0.6652,4.8228,4.1021,0.2772,1.6630,4.3239,3.4369,2.0511,0.8869,0.0000,0.4989,0.1109,0.1663,0.1109,0.1109,0.2217,1.7185,0.4989,0.2772,0.5543,0.2217,0.6652,0.7761,0.1109,2.60541147
1996,10,17.37,8.351026535,0.1110,11.2652,2.8302,6.1598,5.7158,0.5549,3.6071,4.6060,0.3330,0.1665,1.6093,7.8801,0.1110,0.2775,1.1654,1.1099,0.7769,0.4994,0.4994,6.6037,6.3818,0.8324,1.3873,3.6071,3.4406,1.3873,0.4439,0.0000,0.6659,0.0000,0.1665,0.2775,0.2775,0.2775,1.3873,0.3885,0.3330,0.6104,0.2775,0.4994,0.6659,0.0000,3.829060192
1996,11,17.12,6.845729351,0.4806,11.2336,4.0849,6.1274,5.6468,0.6007,3.2439,3.5443,0.3004,0.4205,1.5018,7.9897,0.3004,0.4205,1.5619,0.6608,0.8410,0.7209,0.3004,5.3465,4.5655,1.2615,1.5018,3.6044,3.8446,1.8623,0.3004,0.0000,0.4806,0.0000,0.3004,0.2403,0.0601,0.5407,1.3817,0.4205,0.3004,0.9011,0.5407,0.3604,0.6608,0.0000,4.145011781
1996,12,20.90,10.72973061,0.3563,14.9630,4.4533,8.5503,6.9471,1.0094,5.1064,4.9877,0.4750,0.6531,1.7219,7.7784,0.3563,0.2969,1.7813,0.9500,0.5938,0.7125,0.6531,9.0253,7.8378,0.8907,2.7313,7.0065,4.2751,2.1970,0.3563,0.0000,0.7125,0.0000,0.4750,0.4156,0.2969,0.2375,1.3063,0.5344,0.5938,1.2469,0.3563,0.5938,0.5344,0.0594,3.503246421
1997,1,21.05,10.74769497,0.3837,15.7325,4.8787,8.7159,7.2359,0.5482,6.7973,4.3854,0.4934,0.2741,1.5897,8.9352,0.4385,0.2741,2.0282,0.7674,0.9319,1.0415,0.4385,9.0996,8.4418,1.6445,3.3438,5.7010,3.3438,1.8090,0.3289,0.0000,0.7126,0.0000,0.2193,0.2193,0.1096,0.0548,1.9734,0.6578,0.3837,1.6445,0.2193,0.4385,0.4385,0.0000,3.946832657
1997,2,19.48,9.087216377,0.5488,13.2800,3.0731,7.0241,6.0913,0.3293,4.6096,4.1157,0.2195,0.2744,1.2073,7.8473,0.0549,0.3841,1.4817,0.7683,1.0426,0.9329,0.6036,6.9693,6.5851,0.7683,1.8109,4.6645,3.5669,2.1950,0.7134,0.0000,0.3841,0.0000,0.2195,0.1646,0.5488,0.1646,2.3597,0.4939,0.4390,1.0426,0.1098,0.1098,0.2195,0.0549,3.566949415
1997,3,22.96,11.01306152,1.1583,16.7433,4.2648,9.1614,8.8455,0.6845,6.6868,5.3705,0.3159,0.3159,2.3167,9.7932,0.1053,0.2633,1.3163,1.0530,0.6845,1.3689,0.8424,8.0557,7.0027,0.4739,2.2114,9.1088,3.9489,2.2114,2.0008,0.0000,0.7371,0.0000,0.2633,0.2633,0.0527,0.1580,2.3167,0.5265,0.2106,0.6318,0.4212,0.1053,0.3686,0.1053,4.264795015
1997,4,23.86,11.59894085,0.8879,17.3694,3.8845,8.5460,9.4339,1.0544,7.3251,6.4927,0.2775,0.6659,2.2197,9.3784,0.0555,0.2220,1.9978,1.5538,0.9434,0.8324,0.9989,8.4350,8.0465,0.4994,1.2763,8.2685,4.7169,3.2741,0.3885,0.0555,0.8324,0.0000,0.3885,0.2220,0.1110,0.3330,2.4972,0.5549,0.8879,1.1099,0.4439,0.3885,0.4439,0.1110,4.994400734
1997,5,17.66,8.731621742,0.8386,11.9495,3.5639,6.3940,6.0796,0.3145,4.1928,4.2452,0.1572,0.1572,1.4151,7.2326,0.0524,0.4193,1.5723,1.0482,0.6813,1.1530,0.9958,7.0230,6.3940,0.9958,1.2054,5.7651,4.0880,2.5157,0.5241,0.0000,0.7862,0.0524,0.3145,0.1572,0.1048,0.2096,1.9392,0.2621,0.3669,0.7337,0.2621,0.2096,0.4193,0.0524,2.725324478
1997,6,20.72,10.0800066,0.4732,14.1437,3.1021,6.8878,4.9424,0.5258,6.3620,4.5218,0.5258,0.5784,2.1032,9.9374,0.0000,0.3155,2.2609,1.7877,0.8413,0.9464,0.9990,8.7807,7.9394,0.5258,2.4712,4.8373,6.7827,3.3650,2.3660,0.0000,1.5774,0.0526,0.2103,0.4732,0.2103,0.2103,2.4186,0.5258,0.7887,1.1567,0.4206,0.3681,0.5258,0.1577,4.784671701
1997,7,20.17,9.209841728,0.8646,14.5832,3.9196,7.9545,7.0322,0.5188,4.9571,4.7842,0.4611,0.4035,1.1528,8.3003,0.2882,1.2681,1.6716,0.6341,0.7493,0.6917,0.5764,9.6837,6.7440,0.9799,1.4410,5.7641,3.7467,2.1327,0.3458,0.0000,0.6341,0.0000,0.2306,0.2306,0.1153,0.2882,1.7869,0.6341,0.2306,0.8070,0.2306,0.3458,0.3458,0.2306,3.343182864
1997,8,20.95,9.973538399,0.7876,14.7540,3.0978,7.9283,7.4558,0.3675,5.5131,4.9355,0.4725,0.2625,2.2577,9.5035,0.1575,0.8926,2.1527,0.9451,0.5776,2.9403,0.7351,7.6133,6.6157,1.1551,1.5752,6.4582,4.2004,2.2052,0.2625,0.0000,0.9451,0.0000,0.2100,0.2100,0.1050,0.2100,1.9952,0.6301,0.6301,0.7876,0.5251,0.6826,0.2100,0.1050,4.462966919
1997,9,19.09,9.052280426,0.4958,12.0982,2.8758,5.9004,4.7600,0.5950,4.6608,4.5120,0.3967,0.2975,1.6858,8.1812,0.6942,0.9917,1.6858,0.8925,0.4958,0.8429,1.0908,7.1895,6.5945,0.5454,1.6858,4.6112,4.4129,2.3304,1.4379,0.0000,1.0908,0.0000,0.4462,0.0496,0.1487,0.2975,2.4791,0.4462,0.4462,0.9421,0.3471,0.1487,0.5454,0.0000,3.470805428
1997,10,32.70,14.14988995,1.3542,23.4234,7.6239,12.1380,11.8371,1.2539,8.4264,8.4766,0.6019,0.4013,2.1066,13.7932,2.2069,3.0596,1.8057,1.0533,0.6520,1.6552,0.9028,11.4860,9.9813,1.5047,2.4075,9.2289,5.9186,3.0094,0.2508,0.0000,1.0031,0.0502,0.3511,0.1505,0.1003,0.2508,3.2602,0.5517,1.2539,1.0533,0.3009,0.4013,0.2006,0.0502,5.216351421
1997,11,28.99,12.76440525,1.6106,20.9378,6.8061,8.8323,9.7156,1.0391,7.4295,7.3776,0.8313,0.6235,2.9095,12.3133,2.7017,2.9614,1.2989,1.2989,0.9871,1.8184,0.6235,9.9753,9.0401,1.0391,1.7665,8.8843,5.2474,3.4810,1.8704,0.1039,0.5195,0.0520,0.3117,0.4676,0.1559,0.3117,3.6368,0.7793,0.6754,0.6754,0.3637,0.4676,0.7274,0.1039,5.715036939
1997,12,25.81,11.95825386,1.8175,17.5523,5.7123,6.5432,7.0105,1.2463,7.1663,5.7123,0.6232,0.3116,1.9733,11.3726,3.9467,2.3368,2.0253,1.1425,0.9867,1.4540,0.6232,8.8281,7.4779,1.2463,1.6098,7.1144,5.8681,3.0119,0.4674,0.0000,0.6751,0.0519,0.0519,0.3635,0.0000,0.0519,2.8561,0.6232,0.7270,0.9867,0.6751,0.4154,1.7137,0.0000,5.192978089
1998,1,32.16,13.29622173,1.9732,22.2383,8.5860,11.4658,10.6125,0.8533,8.3727,8.7993,0.8533,0.3200,2.2932,15.3055,6.0795,2.2932,2.3998,1.1732,1.7065,1.3332,1.0666,11.8924,10.3992,1.5999,2.5598,8.3727,5.8129,3.1464,0.6399,0.0000,0.5333,0.0533,0.1067,0.3733,0.1067,0.3733,3.1464,0.7466,0.9599,1.1732,0.4266,0.2666,0.5333,0.1600,8.159359206
1998,2,20.03,9.464746475,0.6275,13.8563,3.0327,5.5425,5.8040,0.4183,4.6013,5.9085,0.4183,0.2092,1.2026,9.1504,2.4575,1.0980,1.3595,0.5752,0.6275,1.1503,0.6797,7.4772,6.5360,0.7843,1.6732,4.8105,4.2876,2.1961,1.2549,0.0000,0.6275,0.0000,0.1569,0.1046,0.0000,0.2092,2.8758,0.6275,0.4183,0.7843,0.1569,0.3660,0.4706,0.1046,4.549059522
1998,3,17.94,8.305839539,0.4958,11.7649,2.8398,4.0568,3.7864,0.7663,4.5527,4.7781,0.1352,0.1352,0.8564,7.7531,1.1269,0.3155,1.1720,0.8564,1.7129,0.4508,0.6311,6.7614,6.4459,0.5409,0.9466,2.2087,4.0118,2.1186,1.3523,0.0000,0.5860,0.0451,0.1352,0.2705,0.2705,0.3606,1.7129,0.6311,0.0902,0.5860,0.1803,0.3155,0.2254,0.0000,3.786390142
1998,4,22.26,10.17287254,0.9786,15.6080,4.9417,6.6053,5.0885,0.7828,6.2138,6.3117,0.4893,0.4893,1.3700,10.4216,1.2232,0.5871,1.4678,1.4189,1.0764,0.7828,0.8807,9.7366,8.8559,1.4678,2.6910,4.5503,4.6971,2.8378,1.9571,0.0489,0.5382,0.0000,0.1468,0.3914,0.0000,0.2446,2.5932,0.5871,0.3914,0.8807,0.1957,0.1468,0.2936,0.0489,4.599220066
1998,5,22.99,12.04423523,1.2521,15.9770,4.9083,7.6129,6.6612,0.7012,6.9117,4.9083,0.7513,0.6010,1.9533,9.9668,1.5025,0.8514,2.2538,1.4024,2.4541,1.3523,1.5025,9.6162,8.8650,0.9516,1.8030,6.2606,6.2105,3.3056,0.7513,0.0000,0.8514,0.0000,0.2504,0.2504,0.0501,0.4007,3.0051,0.5008,0.6010,0.9015,0.6511,0.2504,0.4007,0.0000,6.360740275
1998,6,24.20,10.60237026,1.1451,15.6147,6.4020,5.9856,5.6213,0.6766,6.6623,5.6733,0.8328,0.4164,1.5094,10.9823,2.3942,1.5615,1.1971,1.4574,1.2492,0.8848,0.6246,9.4729,8.3799,0.7807,1.9779,5.9336,4.9446,3.0188,1.6135,0.0000,0.6766,0.0000,0.2082,0.1561,0.1041,0.3643,2.4463,0.4164,0.3643,0.4684,0.3123,0.3123,0.6246,0.0520,5.673329044
1998,7,27.64,11.61273098,0.7342,18.7747,5.5590,7.2372,7.3945,0.9964,6.9225,7.7092,0.6818,0.3671,1.8355,12.0619,2.5697,0.8915,1.8880,1.1538,1.2062,3.0417,0.8915,11.3802,10.5411,0.8391,2.9368,5.8736,4.9297,3.0417,0.6818,0.0524,0.5769,0.0000,0.5244,0.1049,0.3671,0.2622,2.5697,0.5769,0.3671,0.8391,0.7866,0.2098,0.6293,0.0000,5.926084294
1998,8,39.75,17.12012291,1.8070,26.6116,10.7322,11.9916,11.0608,1.2046,8.4872,9.3633,1.1499,0.6571,3.8329,18.0696,5.7494,2.9568,1.6427,1.5332,1.4237,3.2854,0.9856,13.9629,12.7582,1.2594,2.2998,10.7870,6.8993,4.2162,0.6023,0.0548,0.5476,0.0548,0.4381,0.1643,0.1095,0.2738,4.8733,0.8213,1.2594,0.8761,0.0548,0.3285,0.4928,0.0548,10.29418264
1998,9,50.15,22.95198631,1.9893,35.0225,15.0770,14.1870,18.8462,1.3088,10.4178,11.0983,0.8376,0.9947,4.7639,20.2073,6.7532,2.7222,1.6229,1.0470,1.2564,3.2457,0.9423,14.5011,13.0353,1.9893,2.8793,20.5214,8.0096,4.1357,0.6806,0.0524,0.9947,0.0000,0.2618,0.2618,0.2094,0.3141,4.5022,0.9947,1.2564,0.9423,0.3665,0.4712,1.2564,0.1571,8.637848299
1998,10,43.79,19.64333344,1.4406,31.5399,13.9434,8.4381,16.2073,1.9037,8.7468,12.7600,0.5145,1.3377,5.7111,14.0978,5.2481,0.6689,2.1095,1.0290,1.9037,1.5950,0.9261,13.7891,12.0912,1.7494,3.0871,15.5899,8.0779,4.2705,2.0066,0.0515,0.8747,0.0000,0.1029,0.0515,0.1544,0.0515,2.8813,0.8747,1.0805,0.9776,0.3602,0.4631,0.3602,0.0000,5.814051201
1998,11,34.86,14.73322773,1.7543,24.9560,10.1295,6.6210,11.8272,1.1884,8.7714,7.9225,0.5659,0.7357,5.0365,14.5435,3.2822,1.1318,2.7163,1.4713,1.0186,1.1884,0.9054,11.8838,10.3559,1.0752,3.2256,11.5443,5.8853,3.3388,0.3395,0.0000,0.8488,0.0566,0.1698,0.3395,0.1132,0.0566,2.8295,0.5093,0.9620,1.5845,0.5093,0.3395,0.5659,0.0566,6.394609792
1998,12,25.64,12.5804081,0.9902,17.2506,6.4625,6.3061,6.4104,0.8860,5.9934,5.6807,0.5733,0.3648,2.2410,11.6741,1.7720,0.3648,1.8762,1.1987,1.9283,1.9283,1.3550,9.4852,8.7035,0.9381,3.0749,6.7231,5.8371,2.8664,0.5733,0.0000,0.9902,0.0000,0.2085,0.4169,0.0521,0.6254,3.0749,0.6254,0.6254,1.0423,0.4169,0.4691,0.8860,0.0000,7.087872823
1999,1,34.02,17.67583275,1.2997,21.3603,8.1372,7.9677,9.4935,0.9041,8.4763,6.2725,1.0172,0.2825,2.8819,15.5399,2.9385,3.8991,3.5035,1.2432,1.8648,1.2997,1.3562,14.9748,12.7710,3.2775,6.1029,10.5671,6.6680,2.8819,0.6781,0.0000,1.7518,0.0565,0.3956,0.3956,0.3956,0.3956,4.5772,0.7346,0.9041,2.4299,0.4521,0.1130,0.6216,0.0565,6.611513581
1999,2,21.44,10.09364986,0.8080,12.9279,4.9557,5.1712,5.9253,0.2155,5.0634,4.4709,0.5925,0.3771,1.8853,8.9418,1.2389,0.7003,1.8853,1.3467,1.1851,1.2389,0.8619,7.8106,6.8410,1.1851,2.3701,6.1946,4.5248,2.6933,0.2155,0.0000,0.3771,0.0539,0.2693,0.1616,0.1077,0.0539,2.3163,0.4309,0.5387,1.1851,0.3232,0.2693,0.3771,0.0000,4.255445662
1999,3,22.88,11.60654354,0.5084,15.4547,3.6095,6.8631,6.4056,0.4067,6.9140,5.1346,0.6101,0.2034,1.6777,10.3201,1.0168,0.3050,1.4743,1.3218,1.2201,0.6609,0.5084,9.1000,8.2357,0.5592,2.2369,6.0497,5.6430,3.1520,1.7793,0.0508,0.7626,0.0000,0.4575,0.4067,0.2034,0.1525,2.7452,0.7117,0.6101,0.9659,0.2542,0.2542,0.3050,0.0000,6.20222669
1999,4,21.43,9.426131248,0.9632,13.1002,4.2383,5.0571,4.3828,0.6261,4.9126,5.3942,0.6261,0.2890,1.4449,9.7288,1.5894,0.6261,1.6857,1.0596,1.0596,0.7224,1.0596,8.5248,7.4652,0.7224,2.1191,3.9493,5.0089,3.2269,0.7224,0.0000,0.7224,0.0000,0.0482,0.0963,0.1445,0.3371,2.6971,0.7706,0.9151,1.0114,0.2890,0.2890,0.4335,0.0000,4.38278389
1999,5,19.48,9.653116226,0.8198,12.7799,3.1347,6.5105,5.5460,0.2411,4.9191,4.4850,0.3376,0.2894,1.2057,8.6807,1.3986,0.6752,1.3021,1.2057,1.1092,0.9163,0.7716,6.6552,6.2212,0.2894,1.5915,5.0637,5.3531,3.4723,0.4823,0.0000,0.7234,0.0000,0.2411,0.4340,0.2894,0.1929,2.5078,0.5305,0.3858,0.4823,0.3858,0.3376,0.6752,0.0965,4.581484582
1999,6,20.60,9.448524475,0.6000,15.1511,4.2503,7.9506,7.5506,0.4000,6.1505,4.5003,0.1500,0.2000,1.4501,8.4506,1.4001,0.4500,1.4001,0.9501,0.9001,1.2001,0.6500,6.7505,6.2005,0.5500,1.6001,7.8006,4.7003,2.7502,1.8001,0.0000,0.7001,0.0000,0.3000,0.2000,0.2000,0.3000,1.9001,0.7501,0.5000,0.7501,0.3500,0.4500,0.7001,0.0000,3.900286786
1999,7,23.39,11.12388897,0.8869,15.1883,4.3237,6.6518,7.2615,0.6652,6.4855,4.9334,0.1663,0.5543,1.9955,9.2017,1.3304,0.8869,1.7738,0.7760,1.1086,0.9978,1.2749,8.2593,7.1507,0.8315,2.1064,6.9290,5.2106,2.7161,0.6652,0.0000,1.1086,0.0554,0.2772,0.1663,0.2772,0.6652,2.7716,0.6097,0.2217,1.3304,0.2217,0.3880,0.3880,0.0554,5.155141415
1999,8,26.13,12.48442841,0.7110,19.0796,5.0365,8.5917,10.4878,1.0073,8.2955,6.9919,1.3036,0.2963,2.3701,10.6064,1.6591,0.9481,1.8961,1.2443,0.8295,1.1851,1.3036,7.4659,6.6364,0.3555,2.2516,9.3620,5.4513,3.0812,2.1331,0.0593,1.0666,0.0000,0.4740,0.1778,0.2370,0.1185,2.7257,0.6518,0.5333,0.9481,0.2370,0.5925,0.7110,0.2370,4.621764073
1999,9,22.10,10.5569315,0.9162,14.9285,3.8264,7.2217,7.2756,0.5928,5.6049,4.3654,1.0240,0.4850,1.8863,9.3236,1.1857,1.0240,1.6168,1.1857,0.8623,1.2934,0.9162,6.6828,5.8744,0.5389,1.6168,7.0061,5.6049,3.0719,1.6168,0.0000,1.1318,0.0000,0.2156,0.1078,0.0539,0.7006,2.6947,0.8623,0.7545,0.8623,0.3234,0.4850,0.3773,0.1078,4.688723457
1999,10,25.32,12.41265202,0.9438,18.2464,5.4005,9.8572,9.3853,0.4719,8.4416,5.4005,0.2622,0.3670,2.6216,11.9545,0.9962,0.3670,2.1497,1.6254,0.7865,0.7340,0.9438,8.8086,7.8124,0.5768,2.1497,9.2280,6.2394,3.6178,2.4643,0.0000,1.3108,0.1573,0.2622,0.4195,0.2622,0.3146,2.9886,0.5768,0.6292,1.2584,0.3670,0.2097,0.4195,0.0000,7.235626766
1999,11,19.45,9.256881714,0.7398,12.6294,3.8047,6.4468,6.1826,0.6870,5.1786,4.1746,0.2114,0.2114,1.9552,8.7719,1.2682,0.5284,1.5853,1.1625,1.8495,1.0040,1.0569,6.1826,5.3900,0.4756,2.0609,5.9184,5.0729,2.9592,0.3171,0.0000,0.6870,0.0528,0.1585,0.2642,0.2114,0.3699,2.3251,0.5813,0.9512,0.9512,0.3699,0.2642,0.3171,0.0528,4.016047561
1999,12,17.24,8.495008469,0.8460,11.7380,2.5379,4.7586,4.4414,0.5287,4.8115,3.9655,0.3172,0.5816,1.6391,8.0368,0.4759,0.4230,1.2161,0.8989,1.2161,0.4759,1.0046,6.1334,5.7104,0.5287,1.2690,4.3357,4.4943,2.1678,1.8506,0.0000,0.8460,0.0529,0.1586,0.3172,0.0000,0.1586,2.1150,0.5816,1.0046,0.4759,0.1057,0.2115,0.8460,0.0000,3.806917717
2000,1,24.41,12.52129555,0.4098,14.5189,4.5079,7.9035,8.8402,0.7025,4.9763,4.2737,0.7025,0.2342,1.3465,8.1962,1.0538,0.2342,1.2880,0.7611,1.1709,0.7025,0.8196,7.3180,6.2642,1.1123,1.4051,8.8987,4.4494,2.4589,0.4684,0.0000,0.4098,0.1756,0.0000,0.2342,0.2342,0.0000,3.1614,0.8782,0.8196,0.8196,0.2927,0.1756,0.4098,0.0585,3.278470851
2000,2,19.91,10.17447758,0.3514,12.6509,2.8699,6.6183,8.2582,0.6443,3.8070,3.2213,0.8200,0.3514,1.8156,7.4968,0.3514,0.0586,1.1128,0.6443,0.5857,0.4686,0.7028,5.2126,4.5098,0.9371,0.9957,7.7897,3.3970,2.3428,0.2928,0.0000,0.2928,0.0586,0.0000,0.0586,0.0586,0.1757,1.2299,0.7028,0.5271,0.5271,0.1757,0.0000,0.4100,0.0000,3.16272233
2000,3,26.10,11.68826485,0.7345,16.6121,4.3508,8.1365,9.2101,0.5085,4.5768,4.9158,0.3390,0.1695,1.8646,10.7357,0.9041,0.3390,1.5821,1.2431,2.0341,1.2431,1.5821,6.2154,5.8199,0.3955,0.9041,9.6056,5.1418,2.6557,0.6215,0.0000,0.4520,0.0000,0.1130,0.2825,0.1695,0.3955,1.8081,1.1301,0.7345,0.4520,0.9041,0.2260,1.2996,0.0000,5.480851339
2000,4,43.43,19.54485321,0.9162,23.5164,7.0855,11.9109,11.5444,0.4276,6.9633,6.9022,0.6719,0.5497,3.9703,15.3926,1.0384,0.3054,1.9546,2.0768,5.1309,1.5270,1.1606,11.0558,9.8342,0.8551,2.3211,14.1099,6.2914,3.3595,0.6719,0.0000,0.1222,0.0611,0.1832,0.6108,0.1832,0.3665,2.9319,1.0995,1.4660,0.9773,0.3054,0.3054,0.6719,0.0000,6.291412874
2000,5,34.31,18.32855606,0.8577,24.7592,7.3763,10.8643,14.0664,1.0864,11.3789,6.6329,0.3431,0.3431,3.7739,11.7220,0.6290,0.2287,2.1157,0.9149,2.1157,1.0293,0.9721,11.7792,10.4641,2.1729,5.6037,13.8949,5.6037,2.4588,0.5718,0.0572,0.2859,0.1715,0.2859,0.2287,0.1715,0.1715,3.6024,1.0293,0.8577,2.0585,0.0572,0.2287,0.8005,0.0000,4.803170547
2000,6,24.22,12.08531284,0.5739,15.5536,4.4193,6.4281,7.9203,0.4018,6.8298,4.7063,0.3444,0.0000,3.0418,8.7812,0.5165,0.2870,1.0331,1.2627,1.5496,0.5739,1.3774,7.0020,5.6819,1.0905,3.3288,8.1499,4.1323,1.9514,0.6313,0.0000,0.0574,0.1148,0.1722,0.4018,0.2296,0.1722,2.0088,0.5739,0.6887,0.5739,0.2296,0.2870,0.9183,0.0000,4.132321832
2000,7,20.33,9.198568344,0.4419,12.7048,3.8667,5.9105,6.4077,0.6076,3.2591,4.4191,0.2762,0.1657,1.2705,8.0648,0.5524,0.3867,1.1048,0.4419,1.2152,0.7733,0.8838,6.2419,5.9658,0.7733,1.7676,6.2972,3.9772,1.9886,0.6076,0.0552,0.1657,0.0000,0.1105,0.0552,0.1105,0.1105,1.4914,1.0495,0.6629,0.4971,0.3314,0.2210,0.4419,0.0000,4.032407159
2000,8,18.05,8.941721916,0.1597,11.4459,3.3007,6.0690,5.5898,0.2129,4.1525,3.5669,0.2129,0.1065,2.1827,7.1337,0.5324,0.3194,1.3309,0.8518,0.5856,0.5856,0.5324,5.3237,4.5783,0.6921,1.8100,5.8560,3.1942,1.4906,0.2129,0.0532,0.2129,0.0000,0.1597,0.3194,0.1597,0.1065,1.4906,0.5324,0.5856,0.9583,0.2129,0.2662,0.9050,0.0000,2.981249199
2000,9,18.60,8.498010635,0.1072,10.6123,3.2695,3.5910,3.8054,0.6432,2.1439,3.0015,0.5896,0.2144,0.5896,8.5220,0.5896,0.2144,1.1791,0.6432,1.0720,0.5360,1.0720,5.0918,4.7166,0.4824,1.3399,4.6094,4.2342,2.1439,0.4824,0.0536,0.3752,0.0536,0.3216,0.1072,0.2680,0.1608,1.2327,0.5360,0.2144,0.7504,0.2680,0.0536,0.5896,0.0000,5.895743411
2000,10,28.47,13.19218922,0.5810,17.1126,6.5493,6.8662,6.6549,0.5810,4.5951,4.4894,0.3169,0.6338,2.9577,15.4753,0.9507,0.2113,2.2711,0.7923,1.4261,0.8979,0.4754,9.5070,8.3451,0.9507,3.3275,7.3415,4.4894,2.4824,0.5282,0.0528,0.2113,0.0528,0.3169,0.4225,0.2641,0.1585,2.5352,0.7394,0.7923,1.5317,0.3169,0.0528,1.5845,0.0000,10.51054349
2000,11,30.65,15.21384907,1.3448,19.1070,6.4997,8.1247,7.7885,0.6164,5.9955,4.0904,0.8965,0.6724,4.8748,12.1030,1.0086,0.1681,2.2973,1.5129,1.6249,1.1206,1.2327,8.8531,7.7885,1.0086,1.9051,8.4609,5.3791,2.6335,0.3362,0.1121,0.3362,0.0560,0.2802,1.0086,0.1681,0.2802,2.4094,0.6724,1.1767,0.7845,0.7284,0.2802,7.1721,0.0000,6.891973248
2000,12,34.11,17.73064232,0.6960,23.5383,12.5284,9.9342,13.8572,0.6327,7.8461,6.3908,0.6960,0.7593,7.0868,13.3510,1.2022,0.3796,1.5819,3.9863,2.0881,1.0757,1.2022,11.3895,10.5036,1.0757,2.7208,15.4391,8.4156,2.7841,0.5062,0.0633,0.3796,0.0633,0.8858,3.0372,0.2531,0.1265,3.3536,0.6327,0.8858,0.8858,0.3164,0.5695,4.1761,0.0000,7.529712281
2001,1,28.86,14.33328915,0.9933,19.8110,9.9331,6.4013,11.3679,1.1037,6.2358,6.0702,0.1656,0.9933,4.5803,10.8712,1.2692,0.2759,0.9933,1.1589,1.2692,0.7726,0.9933,9.6572,8.3880,0.6622,2.5385,12.8579,5.2977,2.7592,0.3311,0.0552,0.3863,0.0000,0.6622,0.3311,0.1104,0.2207,2.4281,1.3244,0.7726,0.6070,0.1656,0.3863,0.9933,0.1656,6.622070108
2001,2,20.95,11.05421352,0.7281,14.0028,6.2733,4.3689,6.2733,0.1120,4.0888,4.4809,0.1120,0.7281,3.8648,7.1134,0.5041,0.4481,1.2322,0.4481,1.0082,0.5601,1.1762,6.6654,5.7692,0.7281,2.2965,7.7296,4.4249,2.8566,0.5041,0.0000,0.2801,0.0000,0.1680,0.1680,0.1120,0.2240,1.9604,1.0082,0.4481,1.0082,0.1680,0.3361,0.2801,0.0000,2.968601976
2001,3,31.15,14.99945259,1.4111,20.7487,11.0277,7.3169,9.3552,1.3066,7.3169,4.6515,0.4181,0.8885,6.0103,11.0277,1.2021,0.3136,1.6202,1.0453,0.8885,1.2543,1.1498,10.1392,9.3030,1.0453,2.0906,12.5956,4.8083,2.7700,0.3658,0.1568,0.2613,0.0000,0.4704,0.4181,0.2091,0.0523,2.3519,0.8885,0.9407,0.9930,0.2091,0.3136,0.4704,0.0000,4.599214464
2001,4,27.16,13.571311,1.2131,17.6160,8.3861,4.8523,7.5422,1.0549,6.4346,5.1160,0.2110,1.0021,4.0612,9.9156,0.5274,0.1582,1.1603,0.9494,0.7384,1.2131,1.2131,8.9135,7.9641,0.5802,1.8987,9.0190,4.4304,2.3734,0.2637,0.1055,0.1055,0.0000,0.3692,0.2110,0.3692,0.1055,2.2152,0.8966,0.6857,0.5802,0.2110,0.2637,0.4747,0.0527,5.16877414
2001,5,22.15,11.45035553,0.6499,14.4062,6.6074,5.9575,6.2282,0.7582,6.0658,4.4410,0.2166,1.1373,4.1161,7.1489,0.3250,0.0542,1.2456,0.5957,0.5957,0.9749,0.5957,7.8530,6.8782,0.7582,2.4913,7.9072,3.5203,2.2747,0.2166,0.1083,0.1625,0.0000,0.1083,0.0542,0.0542,0.2708,1.1915,0.4874,0.4333,1.0290,0.1625,0.2166,0.3250,0.1083,3.791107234
2001,6,17.06,8.177531242,0.5417,10.4540,3.3041,3.5749,4.4958,0.4333,4.1708,3.8458,0.1625,0.5958,1.5708,5.6874,0.2708,0.2708,0.5958,0.8125,0.8125,0.4875,0.5958,5.0916,4.6583,0.2167,1.0833,5.0374,2.5458,1.6250,0.2167,0.1625,0.2708,0.0000,0.3250,0.0542,0.1625,0.3250,1.1375,0.2708,0.3250,0.4333,0.1625,0.3250,0.2708,0.0000,2.762460472
2001,7,22.32,12.4322567,0.7871,13.7735,4.8910,3.9915,5.4532,0.7871,5.5656,3.6542,0.0562,0.8433,1.9676,7.4208,0.6746,0.4497,1.1806,0.7871,0.9557,1.2368,0.5622,8.8263,8.0955,0.8995,2.3612,6.4089,5.0034,3.0358,0.3373,0.0000,0.4497,0.0000,0.1124,0.3935,0.0562,0.3373,1.9676,1.1244,0.5060,0.6746,0.2811,0.1687,0.2811,0.0562,2.52983295
2001,8,19.97,10.01010609,0.3894,12.7940,4.6170,4.3944,4.7282,0.5563,5.0620,4.4501,0.2781,0.8900,2.5032,6.6751,0.6675,0.0000,1.1125,0.8344,1.1125,0.8344,0.9456,7.1757,6.1745,0.8900,2.2250,6.7307,3.6713,1.9469,0.5563,0.0000,0.2225,0.0000,0.3338,0.3338,0.2225,0.3894,1.6132,0.7231,0.8344,0.5006,0.3894,0.4450,0.3338,0.1113,3.226302792
2001,9,42.43,24.28420067,0.7774,30.7072,19.6293,8.4866,11.4018,0.3887,9.2640,7.7092,0.3887,1.4900,11.2075,17.3619,1.4252,0.3239,1.2957,1.1013,1.1661,3.2392,0.3239,15.1592,12.7623,4.2757,3.2392,15.6775,7.2557,5.2474,0.3887,0.0000,0.5183,0.1943,0.1943,0.3239,0.3887,0.1296,23.3867,1.4900,1.5548,0.8422,0.0648,1.0365,0.7126,0.0000,8.616148324
2001,10,29.34,16.60812378,0.7206,20.3307,9.6249,5.6617,8.5955,1.4412,6.6396,6.5367,0.1544,1.0294,5.8676,11.3749,0.5147,0.1029,2.0073,0.9265,0.8235,2.3162,0.4118,10.9117,10.1911,2.9338,2.8309,8.3896,5.0441,2.7794,0.2059,0.0515,0.3088,0.0515,0.1544,0.3088,0.3088,0.1544,12.6102,0.9265,0.4632,1.4412,0.3088,0.4118,0.3088,0.0000,5.044069866
2001,11,26.40,14.02709293,0.8105,16.4992,7.4102,4.1682,6.6576,0.9842,5.4997,6.0787,0.2316,0.5210,4.5156,10.1311,0.5789,0.0000,0.9842,0.8684,1.6789,0.8105,0.4052,9.0890,7.4681,1.9104,1.9104,6.4839,6.3102,4.1103,0.2316,0.0000,0.1737,0.0000,0.3474,0.0579,0.1158,0.0579,7.7575,1.1578,0.5789,0.6368,0.2316,0.1737,0.1158,0.0000,5.789191263
2001,12,24.36,12.75618935,0.4159,15.5658,7.9017,4.4558,5.8817,0.8318,5.8817,5.4658,0.1782,0.4753,2.6735,8.9711,0.7723,0.7129,0.8318,1.1882,1.2476,1.3070,0.9506,8.6146,7.0699,1.5447,2.6141,6.0600,5.0500,2.9706,0.2376,0.0000,0.4159,0.1188,0.3565,0.2971,0.2376,0.1782,5.0500,0.7723,0.5347,0.5347,0.1188,0.4753,0.4159,0.0000,4.812314178
2002,1,28.65,15.95520782,0.7104,17.5818,9.2941,5.5054,6.7486,0.8880,5.3278,5.9790,0.1776,0.7696,3.1967,11.3068,0.4736,0.7696,1.3024,1.7167,0.8288,0.6512,0.6512,11.0700,9.7677,1.5983,2.1903,7.6958,7.3406,5.0318,0.5328,0.0592,0.5328,0.0000,1.0064,0.3552,0.0592,0.3552,4.9726,1.4800,1.0064,0.6512,0.3552,0.1776,0.5328,0.1184,6.807781468
2002,2,24.85,13.37831116,0.5819,13.0346,5.4117,3.4332,2.9677,0.8729,3.4332,4.5388,0.1746,0.5819,2.0948,8.2048,0.4073,0.5237,1.4548,1.2220,1.0474,0.9310,0.9892,7.4483,6.8664,0.4073,1.1638,4.4224,9.0777,5.9936,0.4655,0.0582,0.2328,0.0000,0.2910,0.4073,0.0000,0.2328,3.1423,0.8147,0.5819,0.2328,0.8147,0.3491,0.1164,0.0582,4.538827284
2002,3,17.77,8.66906929,0.2606,12.1439,5.3162,4.5865,4.1174,1.1466,4.6386,3.9090,0.2606,0.7297,2.3975,7.1925,0.6776,0.2085,0.9382,1.0945,0.8860,0.6776,0.7818,5.0035,4.2738,0.4691,1.4593,4.7429,4.7429,3.0751,0.5733,0.0000,0.2085,0.0000,0.2085,0.2085,0.2606,0.0000,2.2411,0.9903,0.5733,0.6254,0.1564,0.3127,0.2085,0.0000,2.814456839
2002,4,20.09,9.936772346,0.6295,12.4186,5.4367,4.2349,4.5783,0.7440,4.0060,4.4638,0.2289,0.7440,2.1747,8.6987,0.4006,0.1717,0.8012,1.0873,0.8012,0.8584,0.8012,5.9518,5.5512,0.6295,0.9157,4.9789,4.6355,3.0331,0.5723,0.0572,0.3434,0.0000,0.4578,0.2861,0.1145,0.2289,3.1476,0.8584,0.5723,0.3434,0.4006,0.2861,0.4578,0.0572,6.009001773
2002,5,18.92,9.082630157,0.2687,11.4466,4.1917,4.6754,3.9230,0.9673,3.8155,3.2244,0.2150,0.4837,1.8272,7.3086,0.2687,0.2687,1.1285,0.8598,0.8598,1.0211,0.6449,5.3203,4.1917,0.8598,0.8598,4.1380,4.8903,3.3319,0.2150,0.0000,0.0537,0.0000,0.3224,0.0537,0.0000,0.1612,3.0094,0.5911,0.4299,0.4299,0.4837,0.2687,0.1612,0.1075,3.923014278
2002,6,24.80,13.32918262,0.4690,14.8916,4.8075,5.8042,5.0420,0.5277,4.5144,5.4524,0.8208,0.8208,2.5796,9.3805,0.5277,0.2345,1.7588,1.7588,1.1726,1.0553,0.8208,7.8562,6.8595,1.1139,1.5243,5.4524,7.5044,4.6316,0.4104,0.0586,0.2931,0.0000,0.4104,0.5863,0.2345,0.2931,5.9214,0.7622,1.0553,0.6449,0.7622,0.5277,0.5863,0.0000,3.75220448
2002,7,51.59,27.88477325,1.3127,30.6523,13.1273,10.5019,9.8455,0.9845,8.3359,10.1080,0.3938,1.1815,6.6949,18.9033,1.9035,0.4595,3.1506,1.8378,1.5753,1.6409,1.5096,19.0346,17.3281,2.2973,3.4131,11.4864,15.2277,10.5675,0.7220,0.0000,0.5251,0.0656,0.5251,0.1969,0.1313,0.3938,10.1080,1.5096,2.0347,1.2471,0.9189,0.4595,0.7220,0.0656,7.023119147
2002,8,39.48,21.00186729,0.6570,25.9496,12.4821,7.7520,10.6426,1.2482,8.9345,9.3287,0.3942,1.5110,6.3724,13.7303,1.1168,0.5256,1.9709,1.7738,0.8540,1.8395,0.8540,13.2047,11.3653,1.6424,3.6132,10.5769,9.8543,7.2922,0.3285,0.0657,0.3285,0.0000,0.4599,0.4599,0.1314,0.3942,6.4381,1.8395,1.1168,1.2482,0.5256,0.7883,0.5913,0.0000,6.503819705
2002,9,31.97,17.53279114,0.7493,22.4159,10.1777,6.9933,10.4275,0.9366,8.7416,8.8665,0.6244,1.6234,5.8069,11.9260,0.8117,0.3746,2.3103,1.5610,1.2488,1.9356,1.5610,11.1143,9.1162,2.0605,3.6840,8.8040,6.4938,2.8098,0.6244,0.0624,0.6244,0.0000,0.1873,0.4995,0.2498,0.4371,13.3621,1.9356,0.7493,1.3112,0.4995,0.4371,1.2488,0.0000,6.556194574
2002,10,31.46,16.67245483,1.1812,19.7590,8.1613,5.8525,7.6781,0.9128,7.8392,7.5170,0.3758,1.0202,4.6713,11.2218,1.0739,0.3222,1.7182,1.2886,1.1275,1.6645,0.7517,10.0406,8.8056,1.3960,2.8457,6.5505,6.3358,3.5437,0.2685,0.0000,0.4295,0.0000,0.2148,0.2148,0.2148,0.2685,10.4164,1.3423,0.5369,1.0202,0.3758,0.2685,1.0739,0.0537,5.422974915
2002,11,23.59,13.17865086,0.5116,15.5197,5.4575,4.6047,6.8787,0.4548,6.0828,5.1732,0.2274,1.1938,4.8321,8.4705,0.5685,0.0568,2.2739,2.3876,0.9096,1.3075,0.6253,9.2095,7.6746,1.5349,3.0130,6.9924,6.8218,3.9226,0.3411,0.0000,0.3411,0.0000,0.2274,0.5685,0.1137,0.3979,6.9355,0.3979,0.6253,1.4781,0.3411,0.1705,1.0801,0.0000,3.695163152
2002,12,24.48,13.67664814,1.0619,15.8722,6.0918,5.1976,6.0359,1.0060,7.0978,5.1417,0.3912,1.0619,3.2974,8.8862,0.5030,0.1677,1.5090,1.7325,1.1178,1.9561,0.4471,10.2275,8.7744,1.7325,2.2914,5.0858,6.0918,3.9122,0.2236,0.0559,0.4471,0.2236,0.3353,0.5589,0.1118,0.2794,8.1038,1.0060,0.8383,0.7824,0.5589,0.3912,0.8383,0.0000,4.415150764
2003,1,26.34,14.52164745,0.6049,19.5207,7.0934,7.5333,8.0832,0.5499,7.0934,6.3786,0.4949,1.3197,4.5090,12.1523,0.2749,0.1650,3.1893,1.8146,0.8248,1.8146,0.8248,13.1421,11.9324,2.8594,3.4642,5.5538,4.9489,3.2443,0.7148,0.0000,0.6049,0.0550,0.1650,0.2749,0.1100,0.2749,12.4273,1.5397,0.7148,1.9246,0.6049,0.2749,0.7148,0.0550,7.808276915
2003,2,22.73,12.13022995,0.4243,15.2135,5.0307,6.3036,4.3034,0.7879,3.6973,4.6671,0.6061,0.8486,2.0002,9.6372,0.2424,0.3637,1.3335,1.0304,0.4849,1.6365,0.3637,8.2432,7.0309,1.3335,1.3335,4.2428,4.8489,2.5457,0.3637,0.1212,0.5455,0.0606,0.1212,0.1212,0.1818,0.4243,11.8192,1.0910,0.7879,0.6667,0.1818,0.1818,0.2424,0.0000,5.576249207
2003,3,30.03,15.68871975,0.5910,20.1480,6.7160,7.6831,7.4682,0.6447,7.6294,7.4682,0.2149,0.9134,5.3728,15.4737,0.5373,0.2149,1.4507,1.3969,0.8596,1.9342,0.9671,9.2412,7.6831,1.6118,1.2895,6.4474,5.8564,3.7610,0.3761,0.0000,0.6985,0.0000,0.0537,0.4298,0.1612,0.0537,19.4496,1.3969,0.5373,0.7522,0.1612,0.4836,0.3224,0.0000,10.96052409
2003,4,25.45,13.71780396,3.1144,16.6999,6.3900,5.1549,5.1549,0.7518,6.7122,5.3697,0.2685,1.2350,3.8125,10.6321,0.5370,0.2685,1.8257,2.0942,0.9666,0.9129,0.6444,9.3433,8.2157,1.2887,2.0942,4.2958,5.5845,3.1144,0.5907,0.0000,0.6444,0.0000,0.1611,0.4833,0.2148,0.2685,13.6928,1.0202,0.4296,0.9129,0.2148,0.1074,0.7518,0.0000,6.44367556
2003,5,20.71,11.17112255,2.4014,13.7680,5.0163,5.3365,6.7239,0.4269,5.1230,4.8562,0.3736,1.2274,3.0418,7.3643,0.6404,0.7471,1.3341,1.2807,0.6404,0.3202,0.4803,8.0580,7.2576,1.1740,1.5476,7.2042,4.6961,2.6682,0.5336,0.0000,0.0000,0.1067,0.1601,0.4803,0.0000,0.0534,6.1369,0.8005,0.4803,0.6404,0.3202,0.0534,0.2668,0.1601,4.055702229
2003,6,20.11,11.40394974,0.7427,13.4747,4.4562,4.4032,7.7984,0.5305,5.5172,5.9416,0.0000,0.7958,1.8568,6.6843,0.5836,0.1592,2.3342,1.2202,0.7958,0.4775,0.9549,8.0106,7.3740,0.5836,1.5915,6.8965,5.1459,2.8647,0.3714,0.0531,0.4244,0.0000,0.3714,0.3183,0.1592,0.1592,4.4562,2.1220,0.6366,1.3263,0.5836,0.1061,0.3183,0.0000,3.129954955
2003,7,20.69,10.98249245,1.2300,13.1942,3.6899,3.5222,5.9821,0.4473,5.0317,4.9199,0.2795,0.2795,1.3418,7.6593,0.2795,0.1118,1.5095,1.4536,1.1741,1.2300,0.5591,8.1066,7.4357,1.0063,1.3418,4.0253,5.1435,2.9631,0.5591,0.0000,0.8386,0.0000,0.2236,0.1677,0.1118,0.1118,4.1372,1.0622,0.6150,0.9504,0.2795,0.2236,0.3354,0.0000,2.571747703
2003,8,17.65,9.496042252,1.2417,12.1473,3.5092,3.8332,6.2086,0.5399,3.9951,6.4786,0.2160,0.7558,2.0515,6.3166,0.4859,0.0540,1.4577,0.9718,0.3779,0.5939,0.4319,6.6405,5.7767,0.8638,1.5117,4.6970,3.0773,1.6736,0.1620,0.0000,0.6479,0.0000,0.2699,0.1080,0.1620,0.1080,2.9693,1.2417,0.4319,0.8098,0.2699,0.1080,0.3779,0.0540,2.429463623
2003,9,15.38,7.742084026,0.3738,10.0399,3.2576,2.8838,4.5927,0.3204,3.9519,3.2576,0.3738,0.2136,1.3351,5.5006,0.4272,0.4806,0.9613,0.9079,0.6408,0.3204,0.6408,5.3938,5.0200,0.5874,0.8545,2.4032,4.2189,2.2964,0.6408,0.0000,0.5874,0.0000,0.2670,0.3204,0.0000,0.2136,2.9372,0.5340,0.7477,0.4806,0.2670,0.1602,0.4272,0.0000,2.296364456
2003,10,14.85,7.45638895,0.6299,9.3140,2.9247,3.3747,3.6446,0.3150,3.3297,3.4646,0.1800,0.4949,1.5748,5.8944,0.5849,0.3150,1.1249,0.9899,0.8999,0.2250,0.5399,5.4894,4.9045,0.5849,0.9449,2.5197,3.9146,1.9798,0.4050,0.0900,0.4500,0.0000,0.1350,0.2700,0.1800,0.0900,2.2948,0.7649,0.2700,0.7649,0.4050,0.2700,0.3150,0.0000,2.339761272
2003,11,12.08,6.700313568,0.4314,6.9024,1.9173,1.9653,2.5405,0.1438,2.7322,2.6363,0.1438,0.3835,0.7669,5.0810,0.2876,0.2397,1.1025,0.8149,0.4793,0.2397,0.5273,4.9851,4.6975,0.5752,0.8628,1.5818,3.5471,2.1091,0.3835,0.0479,0.1917,0.0000,0.0479,0.0959,0.0479,0.0000,2.0611,0.7669,0.4793,0.4314,0.3835,0.0959,0.4314,0.0000,2.204946526
2003,12,15.00,7.764458179,0.9542,9.6481,3.1807,3.6048,4.0819,0.2651,3.1807,2.8626,0.3711,0.2651,1.8024,5.6192,0.2120,0.1590,0.7422,0.7422,0.5831,0.2120,0.5301,4.9831,4.5060,0.8482,0.8482,3.3397,3.8168,1.9614,0.2120,0.0000,0.4241,0.0000,0.1060,0.1590,0.1060,0.0530,2.7036,0.7952,0.2651,0.3711,0.1590,0.1060,0.4241,0.3181,2.438529153
2004,1,16.86,9.505182266,0.6344,11.7357,4.4405,5.5507,6.7665,0.6344,4.4934,3.8062,0.3700,0.3700,1.6916,6.8723,0.1586,0.5815,0.9515,0.6344,0.2643,0.4229,0.8458,6.8723,6.1322,0.7401,1.4273,5.2335,3.5419,1.6916,0.1586,0.1586,0.3172,0.2115,0.1057,0.3172,0.1586,0.1057,4.3877,0.7930,0.6344,0.6344,0.3172,0.2115,1.0573,0.1586,2.167402303
2004,2,12.73,7.610789299,0.5196,8.0541,2.7540,3.1177,3.9491,0.4157,2.5981,2.6500,0.3637,0.1039,0.7794,4.1050,0.5196,0.3637,0.9353,0.6235,0.7794,0.3637,0.4677,4.3648,3.7412,0.9353,0.9873,4.0010,3.2736,2.2343,0.2078,0.0520,0.1039,0.0000,0.2598,0.0520,0.1039,0.2078,2.0785,0.7794,0.3637,0.4677,0.2078,0.1559,0.4157,0.0000,1.662771918
2004,3,15.04,7.604835033,0.5321,10.1577,2.3218,3.6278,4.5468,0.3386,4.2566,3.8212,0.1935,0.1935,1.2576,6.2397,0.1451,0.0967,1.1125,1.2576,0.8707,0.5321,0.4353,4.8854,4.2082,0.3870,0.9674,3.0957,3.4343,2.3701,0.2902,0.0000,0.2419,0.0484,0.1451,0.2902,0.0484,0.2902,3.7245,0.6288,0.2419,0.3386,0.2902,0.1935,0.5804,0.0000,3.53101041
2004,4,16.65,8.1885252,0.5669,11.9562,3.3498,5.2051,6.4934,0.6184,4.5866,5.5658,0.0515,0.1546,1.4430,7.7818,0.0515,0.1546,1.0307,0.9276,0.5669,0.7730,0.3607,5.7719,5.1535,0.4123,1.1338,5.2051,5.0504,3.3498,0.3092,0.0000,0.3607,0.0000,0.1031,0.2061,0.3607,0.1546,2.8344,1.5976,0.1031,0.6184,0.0515,0.2577,0.4638,0.0515,4.122813789
2004,5,16.62,7.965169907,0.3659,11.6553,2.8746,5.2266,7.5786,0.6795,3.6064,4.8085,0.2091,0.2091,1.6725,8.2058,0.3136,0.3659,1.0976,1.2021,0.5749,0.7317,0.3136,4.8607,4.1813,0.3659,0.9408,6.0106,4.1290,2.1429,0.2613,0.0000,0.2613,0.0000,0.1568,0.2091,0.0523,0.2613,2.6133,1.0453,0.3659,0.7317,0.2613,0.0000,0.6795,0.0000,5.749271321
2004,6,14.78,7.072977066,0.4700,11.2794,3.3943,4.6998,6.2664,0.8355,3.7598,4.3865,0.1567,0.4700,1.8799,7.3630,0.2611,0.0522,0.9400,0.5222,0.5222,0.5222,0.5222,4.4909,4.1776,0.6266,0.5744,5.4831,3.4987,1.6188,0.3133,0.0000,0.3655,0.0000,0.1567,0.2089,0.2089,0.1567,2.8199,0.6266,0.3655,0.4178,0.1567,0.1567,0.3133,0.0000,5.326405023
2004,7,17.49,8.482283592,0.4997,12.0485,3.3869,5.4968,6.3852,0.4442,3.6090,5.2192,0.2776,0.1110,1.1660,7.2735,0.5552,0.0555,0.7218,1.5546,0.9439,0.3331,0.5552,6.1075,5.8299,0.5552,0.5552,5.5523,4.4419,2.8872,0.1666,0.0000,0.3331,0.0000,0.1110,0.2221,0.0555,0.1666,3.6090,0.8884,0.2776,0.2221,0.1666,0.1666,1.1105,0.0000,4.663945516
2004,8,15.69,7.986394882,0.6192,10.6808,3.7150,3.8182,4.7986,0.5676,4.2310,4.0762,0.2064,0.4644,2.2187,8.5652,0.2064,0.0516,1.0320,1.2383,0.4644,0.7224,0.5160,4.7986,4.1794,0.5160,1.1352,3.8698,4.2310,2.9411,0.2064,0.0516,0.2580,0.0000,0.2064,0.4644,0.2064,0.2580,4.4374,0.6708,0.3612,0.5676,0.2064,0.3612,1.3415,0.0000,6.810913211
2004,9,14.30,7.446455479,0.2554,9.8062,2.5537,3.1666,4.6477,0.5107,3.2687,4.1881,0.0511,0.2043,1.4811,7.5590,0.2043,0.0511,0.9193,0.5618,0.2554,0.5107,0.1532,4.9031,4.4945,0.2043,1.3790,3.3198,3.8816,2.2983,0.1021,0.0000,0.2554,0.0511,0.0000,0.1021,0.2043,0.2554,2.8091,1.3279,0.1021,0.6129,0.1532,0.0511,1.0215,0.0000,4.749881121
2004,10,15.52,8.010560989,0.8981,9.9786,3.1432,3.8916,3.8417,0.5987,4.0413,3.7420,0.2495,0.2495,1.3471,9.2302,0.2994,0.0499,1.9458,1.2972,0.7983,0.4989,0.7983,5.8375,5.2387,0.8482,1.9957,3.6921,3.8916,2.3450,0.3991,0.0000,0.3991,0.0000,0.2994,0.2495,0.0998,0.2495,3.1931,0.7983,0.2994,1.1475,0.3492,0.2495,2.0955,0.0499,7.18456889
2004,11,13.93,7.2230196,0.4713,9.8968,3.1419,3.9273,4.8175,0.3142,3.2466,3.9273,1.2044,0.2095,1.2567,7.5928,0.2618,0.3665,1.6233,1.2567,0.5760,0.4713,0.7331,5.7077,4.8699,1.0473,2.3040,4.2939,4.3986,2.3040,0.3142,0.0524,0.3665,0.0524,0.1571,0.4713,0.1571,0.2095,2.6182,0.6807,0.5236,0.9426,0.3142,0.0524,1.5709,0.0000,5.026964116
2004,12,17.01,8.938650131,0.8246,11.9054,3.4531,4.0200,4.4323,0.3092,4.6900,4.8962,0.7731,0.3092,2.2162,7.5762,0.3608,0.6700,1.8039,1.3915,0.5669,0.2062,0.6700,6.7516,6.1846,0.8762,3.2469,3.8139,4.3808,2.7315,0.2577,0.1031,0.2062,0.0515,0.1546,0.3608,0.2577,0.2062,2.4223,1.7008,0.6185,1.0308,0.5669,0.1546,0.5669,0.1031,5.102322578
2005,1,17.35,8.880867004,0.6793,12.9589,3.7623,6.1659,5.9569,0.7316,4.9118,4.7028,0.6793,0.2613,1.5676,8.3606,0.4180,0.3658,1.6199,1.3063,0.9406,1.0451,0.8361,4.7028,6.1659,1.0451,3.0307,4.7028,4.5461,2.7694,0.4703,0.0000,0.6270,0.0523,0.2613,0.6270,0.1568,0.2613,2.9262,1.3063,0.1568,0.7838,0.4703,0.1568,1.2541,0.0000,5.591142844
2005,2,13.99,7.935067654,0.4424,8.7372,2.8202,3.8156,3.3732,0.3871,3.4285,2.8202,0.2212,0.1106,0.6636,5.2534,0.3318,0.2765,1.2166,0.7742,0.7189,0.4977,0.1659,6.5253,5.8064,0.9954,3.6497,2.8202,3.0967,1.7143,0.1106,0.0000,0.1659,0.0553,0.0000,0.1659,0.1106,0.0553,1.9355,0.5530,0.1106,0.5530,0.3318,0.1659,0.2765,0.0000,3.041436776
2005,3,14.57,8.005358696,0.2885,9.2324,2.7409,4.8085,4.3277,0.4328,3.3179,3.6064,0.3847,0.2885,1.0098,6.9724,0.3847,0.1923,0.9136,0.6732,0.5289,0.3366,0.1923,5.1932,4.3277,0.2885,2.3562,3.8949,4.4239,2.6447,0.1443,0.0481,0.2404,0.0000,0.1443,0.2404,0.0962,0.2885,1.5868,1.0098,0.1443,0.8175,0.0481,0.0000,0.3366,0.0000,4.423850862
2005,4,18.87,9.304861069,0.5624,13.1905,3.4766,7.1065,6.2373,0.8691,4.2946,5.8795,0.8691,0.5113,2.4540,9.8162,0.5624,0.3579,1.3293,0.8691,0.7158,0.8180,0.8691,6.4930,5.5727,0.5624,2.7608,6.2373,5.4193,3.1698,0.4090,0.0000,0.2556,0.0000,0.1534,0.2045,0.3068,0.2045,2.0450,1.2781,0.3068,0.7669,0.3068,0.1534,0.4601,0.0000,6.799731107
2005,5,16.54,7.888674259,0.4096,12.2376,3.2258,5.4788,6.4004,0.5120,3.8403,5.3764,0.5632,0.4608,1.6897,7.9877,0.5120,0.2560,1.1265,0.8705,0.4608,0.4096,0.1536,4.3523,3.8403,0.3072,1.5361,5.5300,4.4547,3.0722,0.1536,0.0000,0.5120,0.0000,0.2560,0.2048,0.1536,0.0512,1.6897,0.8193,0.2048,0.6144,0.0512,0.1024,0.1536,0.0512,4.915527533
2005,6,16.72,8.012833595,0.5226,11.8635,3.4493,4.5468,5.9579,1.0452,3.0312,6.8986,0.6794,0.3658,1.0452,7.0554,0.1568,0.3136,0.8362,1.3588,0.5749,0.3658,0.6794,5.3830,4.8081,0.5749,1.6201,4.7036,4.5468,2.7176,0.2090,0.0000,0.2613,0.0523,0.0523,0.4181,0.0523,0.0000,1.8292,0.8362,0.6271,0.4704,0.1045,0.0523,0.2090,0.1045,4.12870006
2005,7,13.62,6.776368141,0.4730,9.1764,2.4596,3.9733,4.5409,0.8514,2.2704,4.9193,0.3311,0.2365,1.2298,7.3789,0.2838,0.3784,0.9933,0.7095,0.6149,0.4257,0.3784,4.2571,3.8787,0.2365,0.8514,4.6355,3.1219,1.9866,0.3311,0.0000,0.0946,0.0473,0.1419,0.3311,0.0473,0.0000,2.2704,0.2365,0.3311,0.3784,0.3311,0.0000,0.2838,0.0000,5.250396043
2005,8,17.18,7.622664928,0.6280,12.5021,3.8819,4.8524,5.9371,0.4567,3.9390,7.0217,0.5709,0.3425,2.6831,8.9627,0.3996,0.2283,1.0847,1.1988,0.5138,0.7992,0.3996,5.0808,4.2815,0.3425,1.0276,5.4804,4.4528,2.1693,0.2854,0.0571,0.2283,0.0000,0.1142,0.3425,0.1142,0.1142,1.9981,1.2559,0.3996,0.3996,0.2283,0.2854,0.0571,0.1142,6.336693051
2005,9,15.09,5.884745598,0.1916,10.9227,3.1618,5.2697,4.6949,0.7186,3.2098,4.7907,0.2874,0.2874,2.2516,8.3837,0.2874,0.1916,0.6707,0.6228,0.5749,1.1019,0.3353,3.3056,2.9702,0.4312,0.5270,5.6530,2.9702,1.7726,0.1916,0.0479,0.1916,0.0000,0.2874,0.1437,0.0958,0.0479,1.5809,0.7186,0.2874,0.3833,0.0479,0.1437,0.0958,0.0000,6.467416763
2005,10,15.21,6.982427597,0.8627,11.1697,4.1773,5.7665,6.0389,0.6811,3.2238,5.4032,0.4995,0.2724,2.3611,8.8086,0.5903,0.2724,1.1805,1.1351,0.3632,0.9081,0.4086,3.9957,3.5870,0.4541,1.1351,5.4032,4.4497,2.1340,0.2270,0.0000,0.1816,0.0000,0.2270,0.8173,0.1362,0.0454,1.6346,0.6357,0.5449,0.7719,0.1362,0.0454,0.3178,0.0000,5.857285855
2005,11,13.51,6.323983669,0.5178,9.1652,2.3301,4.2460,4.9709,0.5696,2.3819,4.5567,0.2071,0.1036,1.9159,6.2137,0.3107,0.1036,0.6214,0.5696,0.3107,0.4660,0.4142,3.0033,2.6926,0.4142,0.5696,3.7800,3.3657,2.0712,0.1036,0.0000,0.3107,0.0000,0.1036,0.1553,0.0518,0.1553,1.6052,1.0874,0.0000,0.3625,0.1036,0.2071,0.1553,0.0000,3.469298133
2005,12,14.16,6.275449276,0.8394,10.1289,3.4696,5.3722,4.9245,0.6715,3.1338,4.7567,0.3358,0.2798,1.6229,7.0510,0.1679,0.1119,1.1752,0.7834,0.8394,0.7834,0.7834,4.3090,3.6934,0.4477,0.8954,5.1484,2.7980,1.3990,0.3358,0.0560,0.1679,0.0000,0.2798,0.4477,0.2798,0.0560,1.5669,0.5036,0.1679,0.7275,0.3917,0.1119,0.3358,0.0000,4.308967549
2006,1,17.61,8.572804451,0.6249,12.3279,4.6585,5.7379,6.1356,0.3977,3.4655,5.9083,0.3977,0.3977,2.0452,8.8625,0.3977,0.1704,1.1930,0.9658,0.6249,0.6817,0.7954,5.1698,4.4880,0.5681,1.3066,6.3060,3.6359,2.1588,0.3409,0.0000,0.2841,0.0000,0.1704,0.2272,0.0568,0.0000,2.4429,0.7385,0.3977,0.4545,0.1704,0.2841,0.4545,0.0000,5.851507064
2006,2,12.64,5.81045866,0.1011,7.2823,1.6183,4.1974,3.8940,0.2529,2.0229,3.0849,0.3540,0.0506,0.8091,6.2709,0.4046,0.3034,0.5057,0.5057,0.3540,0.5057,0.3540,3.6917,3.2871,0.1517,0.5563,3.7423,2.8826,1.3654,0.1011,0.0000,0.2529,0.0000,0.0506,0.1011,0.1011,0.0000,1.3149,0.6069,0.1517,0.3540,0.0506,0.0506,0.1517,0.0000,4.096290482
2006,3,13.72,6.438845634,0.6048,9.2585,2.4658,4.0012,4.3268,0.5118,2.6519,4.5129,0.4187,0.1396,0.9770,5.2573,0.2792,0.0931,0.9770,0.7909,0.7444,0.8840,0.2792,4.0012,3.3033,0.2326,1.1166,3.8616,3.3498,1.7680,0.1861,0.0000,0.0465,0.0000,0.0465,0.2792,0.0000,0.0931,1.6284,0.2792,0.5118,0.6514,0.2792,0.0465,0.4187,0.0465,2.838031206
2006,4,14.36,6.284583569,0.6815,10.1733,3.0179,5.6464,5.4517,0.3894,2.5798,4.4295,0.2434,0.2434,1.5090,7.3987,0.1947,0.1947,0.9735,1.0222,0.3894,0.9735,0.3894,3.9914,3.6020,0.2434,0.6815,4.6729,2.7258,1.7523,0.0000,0.0487,0.0974,0.0000,0.1947,0.1947,0.0974,0.1460,1.4116,0.4868,0.1460,0.4868,0.1460,0.1460,0.1460,0.0000,4.964941057
2006,5,17.61,7.689507484,0.4746,13.3413,5.1151,8.3845,7.6990,0.5801,3.7967,5.0623,0.3691,0.3691,2.2148,9.8083,0.3164,0.2637,0.6328,0.7383,0.6328,0.4219,0.3164,4.2713,3.7967,0.5273,0.6855,6.8552,3.4803,2.0038,0.3691,0.0000,0.1055,0.0527,0.3164,0.1582,0.1582,0.0000,1.7929,0.8965,0.4219,0.2637,0.1582,0.2637,0.2637,0.0527,7.013428831
2006,6,17.38,7.12514925,0.5128,13.8443,6.4379,9.1726,9.5714,0.4558,2.3928,4.8996,0.6267,0.1139,1.3673,10.1411,0.7406,0.1709,0.7406,0.5128,0.6837,0.5697,0.4558,4.2729,3.7032,0.2279,0.7976,9.2296,2.5068,1.2534,0.1709,0.0000,0.1139,0.0000,0.0000,0.2279,0.0000,0.1139,1.7661,0.6267,0.2849,0.5128,0.0570,0.1139,0.5128,0.0000,6.380926714
2006,7,18.61,8.466311455,0.4610,13.8294,4.8979,7.8367,8.4705,0.6338,3.1692,5.9927,0.2305,0.1729,2.0168,10.0263,0.5186,0.0576,1.2677,0.4610,0.3457,0.6915,0.5762,4.8403,4.3793,0.4034,1.2101,8.0671,3.1116,2.0168,0.0000,0.0576,0.1152,0.0000,0.2305,0.1152,0.1152,0.1729,2.2473,0.5762,0.5186,0.6338,0.1729,0.1152,0.5186,0.0576,6.223228951
2006,8,17.92,7.863684654,0.5584,12.6757,4.2997,6.9242,6.2541,0.5584,3.1271,5.6957,0.6701,0.3350,2.4011,9.3253,0.1675,0.1675,0.7818,1.0051,0.3909,1.0051,0.7259,3.7413,3.4621,0.1675,0.6701,6.5333,3.9088,2.4570,0.2792,0.0558,0.1675,0.0558,0.2234,0.1117,0.0000,0.1675,1.8986,0.6142,0.3909,0.3909,0.1675,0.0558,0.1117,0.0000,5.863218931
2006,9,13.80,6.508616447,0.6407,10.1040,3.4501,4.9288,4.1895,0.4436,2.5137,5.0274,0.1972,0.3450,1.6265,7.3932,0.1972,0.0986,1.2322,0.8379,0.6900,0.5915,0.3943,3.9430,3.2530,0.4436,0.9858,4.7316,2.9080,1.4293,0.1972,0.0000,0.1972,0.0493,0.1479,0.2464,0.1479,0.0493,1.4293,0.6900,0.3943,0.7393,0.2957,0.1972,1.1336,0.0986,5.027356931
2006,10,14.64,6.633274078,0.2879,10.0770,3.5029,4.7026,4.6066,0.3839,2.6392,5.1824,0.2399,0.1440,1.4876,7.8696,0.0480,0.0480,0.9597,0.4799,0.5758,0.4799,0.3839,4.4627,3.8388,0.5278,0.9597,4.1747,3.4070,1.7275,0.0480,0.0000,0.2399,0.0480,0.1440,0.1440,0.1440,0.1919,2.0154,0.4799,0.2879,0.5758,0.1440,0.0960,0.4799,0.0480,4.654592799
2006,11,12.13,6.14505291,0.6567,7.9248,2.5832,3.6340,2.9335,0.2189,2.4956,3.4589,0.5254,0.2627,1.3573,5.5605,0.3940,0.1313,1.2697,0.6567,1.0070,0.3503,0.5692,3.8967,3.3275,0.2189,1.1384,2.7583,3.5902,1.7075,0.4378,0.0876,0.5692,0.0876,0.0438,0.3503,0.0876,0.2627,2.0578,0.2189,0.5254,0.8757,0.1313,0.0876,0.5692,0.0438,3.546449093
2006,12,15.57,7.176802158,0.6584,11.9917,3.9032,5.6902,5.3610,0.3292,3.3859,6.2075,0.4703,0.3762,1.6929,7.8534,0.6113,0.2351,1.4578,1.2697,0.9405,0.6113,0.9405,4.8437,4.2794,0.1881,1.0816,5.5021,3.9032,2.1632,0.0470,0.2351,0.2351,0.0000,0.0941,0.3292,0.1411,0.2822,2.3513,0.6113,0.4232,0.6584,0.5643,0.0000,0.7994,0.0470,5.408006276
2007,1,14.48,6.978914738,0.8119,10.9158,3.7439,4.7813,5.3226,0.3157,3.1575,4.7813,0.2706,0.2255,1.7592,8.3448,0.1804,0.0451,1.3081,0.8119,0.6766,0.5413,0.4962,4.4656,3.7890,0.4511,1.0826,5.1422,3.4732,1.8043,0.1804,0.0000,0.3609,0.0000,0.3157,0.3609,0.0000,0.0902,2.6613,0.5413,0.4060,0.8119,0.1353,0.1353,0.3609,0.0000,5.818773965
2007,2,15.24,6.720667362,0.5081,11.3300,3.6073,4.3186,5.0299,0.5081,2.5404,7.0114,0.4065,0.2540,1.8799,8.5864,0.5081,0.2032,1.1686,1.2194,0.6097,0.4065,0.9653,3.7597,3.3533,0.3048,0.6097,5.5888,4.4710,2.0831,0.3557,0.1016,0.2032,0.0508,0.5081,0.4573,0.2032,0.0000,2.3371,0.8129,0.4065,0.6097,0.3557,0.0000,0.4573,0.0508,5.487173767
2007,3,26.02,12.27077389,0.7355,20.8695,8.2742,7.9065,7.9984,1.7928,5.1944,14.2501,0.9194,0.6436,3.1258,12.0436,0.6895,0.4597,1.5169,1.3790,0.8734,0.5056,1.4710,6.2516,5.1484,0.4597,1.4710,9.4694,6.5275,3.9073,0.3677,0.0919,0.4137,0.1379,0.2298,0.5056,0.3677,0.3677,3.1258,1.0573,0.8734,0.6895,0.5516,0.0919,0.4137,0.0460,7.400845578
2007,4,18.75,9.252329826,0.7662,14.2417,5.3632,5.0928,5.4533,0.7211,5.2280,8.8335,0.6760,0.5859,2.4788,8.5180,0.0901,0.0451,1.4422,1.1718,0.9464,0.7662,1.0817,5.6336,4.8674,0.4507,1.0366,4.9125,4.8674,2.8393,0.2253,0.0451,0.1803,0.1352,0.4056,0.5408,0.3606,0.4507,2.7492,1.4422,0.6760,0.6310,0.5408,0.1803,0.4056,0.0451,5.904008054
2007,5,16.41,8.221142769,1.0025,11.8937,2.6886,4.8304,4.3747,0.7291,3.6456,6.6532,0.7747,0.2734,1.2304,7.4279,0.5013,0.6380,1.8228,0.7747,0.8658,0.8658,0.9114,5.3772,4.7392,0.3646,1.0481,5.0582,4.0557,1.7772,0.4101,0.0000,0.1823,0.1823,0.1367,0.5013,0.2278,0.0911,3.0987,0.6835,0.6380,0.7291,0.8203,0.1367,0.3646,0.0456,4.648104604
2007,6,18.92,9.044838905,0.5592,14.8647,4.1472,6.9431,6.8965,1.7241,3.0755,10.0652,0.6058,0.4194,1.7707,8.4342,0.4660,0.5592,1.3513,1.3979,0.9320,0.6524,0.8388,6.7567,6.1509,0.2796,0.9786,6.1975,5.3122,2.6561,0.2330,0.1398,0.3728,0.1864,0.1398,1.0252,0.0466,0.0466,2.5629,0.8854,0.6990,0.5592,0.7922,0.3262,0.6058,0.0000,5.218967832
2007,7,25.21,10.73257732,1.0333,20.1488,5.6830,6.6129,7.1296,2.0665,5.3730,14.1042,0.3616,0.1033,2.6348,11.9343,0.3616,0.1550,1.4466,0.8266,1.0849,0.8783,0.9299,6.1996,5.4247,0.3616,1.2916,5.6313,5.7863,3.2031,0.4650,0.0000,0.1550,0.0000,0.3616,0.2583,0.2067,0.2583,3.4098,1.1883,0.3616,0.5683,0.3616,0.2067,0.3616,0.0000,8.162855907
2007,8,40.31,18.52941513,0.9373,35.5665,9.2691,10.5189,13.6434,4.1659,6.5613,29.9425,0.5728,0.9373,5.7802,15.3097,2.6037,0.2604,1.8226,1.1456,1.4581,0.7290,0.8332,7.8111,6.8738,0.6249,1.0936,18.8507,7.6549,4.2701,0.6249,0.1562,0.3124,0.0000,0.1562,0.3124,0.5728,0.0521,3.7493,4.7387,0.8332,0.9894,0.4166,0.3645,0.4687,0.0000,9.060854328
2007,9,25.32,11.47092056,0.7507,21.2200,6.8565,7.1067,10.0595,1.5014,5.1048,16.4655,0.6006,0.5005,3.9037,10.6100,1.2512,0.1501,1.3012,1.0510,1.0510,1.3012,0.7507,6.1558,5.2549,0.5005,0.9008,12.0614,5.3050,2.9528,0.5005,0.0000,0.2002,0.1001,0.6006,0.6006,0.8008,0.1501,2.4023,1.7016,0.3003,0.6506,0.1501,0.3003,0.9509,0.0500,6.656265029
2007,10,22.75,10.17939663,0.5858,18.7937,6.0042,6.2971,6.1507,1.4156,4.2469,13.4241,0.8299,0.2929,2.4896,10.4952,0.6346,0.1953,0.9763,0.9275,0.4393,1.1227,0.4393,5.2232,4.7350,0.1464,0.9763,8.8843,3.9052,1.8550,0.1953,0.0000,0.2929,0.0000,0.3417,0.2441,0.0976,0.5370,2.1479,1.2692,0.5370,0.4881,0.3417,0.2441,0.0976,0.0976,6.59001377
2007,11,23.47,9.541193962,0.5759,19.6766,7.5347,6.3829,5.8550,1.6797,4.1753,15.7413,0.2400,0.3359,4.2713,13.1497,0.4799,0.1920,1.1518,1.1518,0.7679,1.8237,0.7199,4.8952,4.4152,0.4799,0.5759,8.5905,4.5112,2.5436,0.2880,0.0000,0.0960,0.0960,0.2880,0.4319,0.3359,0.5279,2.4476,3.2154,0.9598,0.5279,0.2400,0.1920,0.5759,0.0480,9.406374723
2007,12,26.13,12.03147602,0.4629,22.0636,9.2575,6.0174,8.5889,1.9544,4.7316,17.8463,0.5143,0.3600,4.2687,10.5947,0.6686,0.0514,1.5429,1.0800,0.8229,0.8743,0.8229,7.3545,6.5831,0.5143,1.2858,10.1318,4.1659,2.2115,0.2572,0.1029,0.0514,0.0000,0.6172,0.5657,0.8229,0.3600,2.5201,2.4687,0.6686,0.5657,0.4629,0.1543,0.9257,0.0514,6.7888066
2008,1,34.55,16.8057518,0.6932,30.6599,18.1827,10.3444,11.4641,1.9729,9.3846,22.0751,0.4266,0.4799,5.5988,17.3828,1.4930,0.0533,2.3995,2.0795,1.1731,1.3330,0.6932,11.5708,10.5043,2.1329,3.0927,15.9965,6.0253,2.3995,0.2133,0.0000,0.3199,0.1600,0.4266,1.0131,0.6399,0.4266,4.4257,2.7727,0.3199,1.0664,0.8531,0.2666,1.0664,0.0000,10.77095665
2008,2,23.83,10.86688614,0.8235,20.1236,9.3670,6.5878,6.1246,1.3381,4.3747,13.3299,0.4117,0.4632,3.4483,11.5800,0.8235,0.0515,2.1101,1.4925,1.4925,1.1323,0.6691,6.8966,6.0731,0.6176,1.1837,8.1832,6.0731,2.8821,0.8235,0.0515,0.3603,0.0515,0.3603,0.7205,0.2059,0.1544,3.0880,2.0072,0.4117,0.6176,0.9264,0.3603,0.6176,0.2059,6.948029084
2008,3,28.79,15.17801189,0.9961,25.3765,10.2455,9.0597,8.5379,1.9922,4.5061,19.7320,0.4269,0.2372,2.7511,13.8504,2.1819,0.3320,1.3281,1.7550,0.6166,1.1384,0.4743,7.3046,6.4509,0.9012,1.4704,15.3682,8.3482,5.3125,0.2846,0.0474,0.2846,0.0949,0.4743,0.6641,1.4704,0.4743,3.4152,4.6010,0.7115,0.6641,0.3320,0.4269,0.6641,0.0474,8.490465101
2008,4,22.19,11.39108086,0.4214,16.3394,5.5245,4.8690,3.1368,1.1236,4.0731,11.8449,0.1405,0.1405,1.5918,9.7381,1.3577,0.1405,0.8427,0.8895,0.4214,0.7491,0.2809,5.5245,4.8222,0.6086,0.8895,7.0227,5.8990,3.5581,0.1405,0.0468,0.1873,0.0468,0.4214,0.1873,0.7491,0.0936,2.1536,1.3577,0.5150,0.3277,0.2809,0.3745,0.8895,0.0000,5.852219928
2008,5,18.93,8.339627266,0.4744,14.7065,4.2696,5.2184,3.5580,0.7116,3.7478,9.5355,0.1898,0.1898,1.9925,9.2034,0.9014,0.3321,1.0911,0.9014,0.6642,0.7590,0.2846,4.8389,4.1273,0.4744,1.0911,5.4082,4.3645,2.7990,0.3795,0.0000,0.1898,0.0474,0.2372,0.3321,0.5218,0.1898,1.2335,2.0399,0.2846,0.5693,0.2372,0.1898,0.3795,0.1423,7.495590344
2008,6,18.25,7.996254921,0.4430,13.9530,3.4993,6.2456,4.3409,0.8859,3.3664,9.6121,0.1329,0.0443,2.0819,9.4792,0.7973,0.0886,1.0188,1.3732,0.7087,0.7530,0.4872,4.4738,4.0752,0.3101,0.7530,5.6255,4.7839,2.6134,0.3101,0.0000,0.0886,0.0000,0.3987,0.5758,0.3101,0.0443,1.6832,1.5060,0.3987,0.4872,0.2658,0.0886,0.1772,0.0000,7.973132643
2008,7,27.89,14.15770626,1.0144,22.7103,6.4242,7.4386,4.3392,1.7469,4.3392,17.2440,0.1691,0.2254,2.7613,15.0463,2.1978,0.1127,1.3525,0.8453,0.9016,1.1271,0.2254,7.2132,6.5370,0.6762,1.6906,8.3966,9.9745,6.5370,0.2818,0.0000,0.2818,0.0000,0.4508,0.2818,0.9580,0.2254,2.7049,9.8054,0.5635,0.6762,0.1691,0.0564,0.5635,0.1127,11.89048802
2008,8,18.81,8.598015785,0.5034,14.2791,4.2105,5.0343,3.0206,0.7780,3.7528,9.7482,0.3204,0.1831,1.8764,9.7025,1.0069,0.0915,1.2815,0.3661,0.4119,0.4119,0.3661,4.8512,4.1647,0.4577,1.0526,4.0274,4.5309,2.6545,0.1831,0.1373,0.1373,0.0915,0.2288,0.1373,0.4119,0.1831,1.5103,4.9885,0.7323,0.7323,0.1831,0.3661,0.5034,0.0915,8.054888649
2008,9,55.97,29.66393471,1.3073,44.0754,14.6918,11.2056,9.0267,3.5484,8.4042,34.4884,0.3735,0.1868,2.3034,23.2205,15.6878,0.3113,2.4901,1.8676,1.1206,2.1166,0.8093,15.3143,13.3845,1.6186,3.7352,21.6642,21.1661,14.5673,0.4980,0.0000,0.6848,0.0623,0.5603,0.6225,1.8053,0.0000,7.7194,15.8124,1.1206,1.4941,0.1868,0.3735,0.9961,0.0000,13.4467267
2008,10,69.83,32.50865936,1.5872,51.6437,26.2492,12.9415,12.7583,4.5173,13.3077,29.9118,0.4273,0.3663,6.7149,30.4612,24.6010,0.7325,3.1743,1.3430,2.0145,1.8313,0.8546,23.9295,20.6331,3.1133,4.9446,22.9528,18.9238,12.3920,0.8546,0.0610,0.3052,0.1831,0.8546,0.6715,0.8546,0.4884,8.2410,7.0812,1.7703,2.3197,0.0610,0.2442,1.2209,0.0000,19.22904258
2008,11,36.67,18.00521278,0.9017,27.2321,12.4438,7.3340,6.0115,1.8035,9.1375,15.2091,0.3006,0.3006,5.1098,15.7502,9.0173,0.2405,2.8254,0.8416,0.9017,0.6613,0.7815,12.3837,10.3398,2.8855,3.5468,9.3178,10.1595,7.2138,0.4809,0.0601,0.4809,0.0000,0.6012,0.1803,1.1422,0.1803,3.7873,3.6670,0.7214,1.9237,0.4208,0.2405,1.9237,0.1202,9.558302101
2008,12,29.52,14.14636803,0.7127,23.1031,11.9376,6.0579,4.8701,1.2472,8.5523,12.7690,0.1188,0.1782,3.0289,12.9472,6.0579,0.1782,1.8411,0.9503,0.5345,0.7721,0.4157,10.3340,9.2056,1.4254,1.7223,7.7802,8.7305,5.8203,0.2970,0.1188,0.4751,0.0000,0.4751,0.2970,1.1284,0.0594,3.5635,2.7320,0.7127,0.8909,0.4157,0.4751,0.2970,0.0594,7.839598151
2009,1,31.16,14.69202423,0.6554,23.8343,13.3472,4.8265,5.2436,1.3109,7.6866,12.5130,0.0596,0.1788,2.4430,12.5130,5.5415,0.4767,2.2047,1.0725,0.9534,0.5959,0.7150,11.0830,9.3550,2.5026,2.0855,5.8990,8.5208,5.9586,0.6554,0.0000,0.1788,0.1788,0.5363,0.4171,0.4171,0.1192,3.0389,2.9197,0.4767,1.0130,0.4171,0.1192,0.1788,0.0000,7.507819663
2009,2,33.24,16.05532455,0.5775,25.4094,13.4747,5.7107,4.7482,1.2191,7.9565,15.1430,0.1925,0.1925,1.7966,11.9989,5.3899,0.1283,2.3099,0.8983,0.6417,1.4758,0.4492,11.2289,9.1114,2.3741,2.5024,7.3148,10.7797,8.0206,0.3850,0.0000,0.5133,0.0642,0.7700,0.1925,0.2567,0.1925,2.3099,3.2083,0.7700,1.7966,0.0642,0.3208,0.3850,0.0000,5.197372554
2009,3,34.06,16.79814148,1.0176,25.7393,12.3908,5.6866,4.2500,2.3345,7.0633,15.3837,0.2394,0.1796,2.5739,11.9119,6.0457,0.1197,1.7958,1.3768,0.7183,1.1972,0.7183,11.4929,9.7570,1.9753,1.6760,10.3556,11.5528,7.7218,0.5387,0.0000,0.4190,0.1197,0.5387,0.3592,0.5986,0.2394,3.4120,2.8134,0.5387,1.3169,0.2394,0.4190,0.1197,0.0599,5.327436316
2009,4,24.75,11.43718338,0.9393,18.0670,8.7296,4.0333,3.5361,0.7183,5.4146,11.0502,0.1658,0.2763,2.3205,9.0611,4.3096,0.1658,1.6023,0.7183,0.6078,0.6630,0.3315,7.0169,6.0776,0.8288,0.9945,5.5251,8.1219,5.4146,0.3315,0.0000,0.3315,0.0553,0.1658,0.2210,0.6630,0.2763,1.9338,1.7680,0.2763,0.9393,0.1105,0.2763,0.2763,0.0000,3.536058426
2009,5,24.98,12.90257263,1.0061,18.1691,8.7591,4.4387,3.6102,1.1837,6.4509,9.7652,0.1775,0.1184,2.7224,7.8713,4.2612,0.2367,2.3081,0.7694,0.2959,0.4735,0.2367,6.6285,5.6816,0.9469,1.5388,5.8591,8.9958,6.8060,0.2959,0.0000,0.4143,0.0000,0.4735,0.1184,0.5918,0.2959,1.6571,1.0061,0.3551,1.3020,0.1184,0.0592,0.0592,0.0000,3.84688522
2009,6,22.38,9.94839859,0.5190,15.8949,7.3960,4.3468,4.7360,0.9083,4.2819,8.9530,0.0000,0.0000,1.5570,9.2774,4.1521,0.1946,1.4922,0.8434,0.9083,0.7136,0.5839,5.8389,4.8658,0.9732,0.9083,7.3960,8.1096,5.7741,0.6488,0.0000,0.0649,0.0649,0.5190,0.3244,0.7785,0.4541,1.4273,1.2327,0.2595,0.7136,0.1946,0.0000,0.0649,0.0649,5.579422362
2009,7,20.37,8.297371864,0.5475,15.7121,6.5695,4.3249,2.6826,1.4234,4.8724,9.3616,0.0547,0.1095,2.3541,8.4856,4.0512,0.2737,1.4234,0.8759,0.3832,0.4380,0.8759,5.8031,5.0366,0.7664,1.1497,5.8031,7.2265,5.3104,0.2190,0.0000,0.3285,0.0000,0.4380,0.0000,0.3832,0.4380,1.2044,1.1497,0.3285,0.7117,0.2737,0.1095,0.2190,0.0000,3.667983527
2009,8,19.77,7.826971054,0.7119,14.7850,7.2830,3.8331,3.3951,1.0952,5.4212,8.2686,0.0548,0.1095,2.9570,7.3377,3.3951,0.0000,1.3142,0.6024,0.3833,0.6571,0.8761,5.6402,4.4355,0.7119,1.5333,5.6402,6.1878,4.3260,0.2738,0.0000,0.2190,0.0548,0.2738,0.2190,0.4928,0.1095,1.4237,1.5880,0.2190,0.7119,0.1643,0.2190,0.2190,0.0000,3.778384248
2009,9,18.57,7.697008133,0.5769,13.6362,6.1363,4.3006,3.1993,0.6294,4.4055,7.4999,0.1573,0.2098,1.7832,6.4510,4.5104,0.0524,0.8391,0.6294,0.6294,0.5245,0.7867,4.8776,4.0384,0.7343,0.7343,5.1398,5.6643,3.1993,0.3147,0.0000,0.2098,0.0000,0.1049,0.1049,0.4196,0.1049,1.4161,1.5210,0.1049,0.4196,0.0524,0.1049,0.0524,0.0000,2.937019391
2009,10,19.06,8.655940056,0.5324,14.5340,6.6015,4.5252,3.9929,0.9583,4.8447,7.4001,0.2130,0.3194,1.8633,7.7195,3.7267,0.5324,0.9050,0.5324,0.5324,0.1065,0.5324,5.9627,4.5785,0.9050,1.3310,4.9512,5.5900,3.6202,0.4259,0.0000,0.2130,0.0000,0.2130,0.0000,0.3194,0.1065,1.1712,0.7986,0.3727,0.5856,0.1065,0.0532,0.0000,0.0000,4.046103408
2009,11,19.36,8.178512573,0.5172,14.0209,5.3440,4.6545,4.9993,0.3448,5.9187,7.2403,0.1724,0.1149,1.9537,8.3321,3.5627,0.3448,1.3216,0.4022,0.6321,0.3448,0.6896,5.2291,4.4246,0.8045,0.9194,5.2291,4.6545,2.5858,0.4597,0.0000,0.2299,0.0000,0.2299,0.0000,0.5746,0.0000,1.2642,0.8619,0.1149,0.6896,0.1149,0.1724,0.1724,0.0000,4.769400639
2009,12,14.91,7.416013241,0.4548,11.7247,4.8516,4.1441,3.9925,0.5559,4.2957,7.2269,0.1011,0.2022,1.3645,7.1258,2.1731,0.1516,1.0108,0.4043,0.4043,0.5559,0.4548,4.3462,3.1333,0.9602,1.1118,5.1043,5.5086,3.7903,0.3032,0.1011,0.3032,0.0000,0.1516,0.0505,0.3538,0.0000,0.7075,1.0613,0.2527,0.7581,0.1011,0.0000,0.1011,0.0000,3.335484424
2010,1,22.08,10.5604744,0.7047,15.9735,7.2821,5.4615,5.2266,0.8809,6.3424,8.5740,0.0000,0.3524,1.6443,9.3962,6.2250,0.1175,1.6443,0.5873,0.6460,0.5285,0.7047,8.5740,7.5757,0.8809,1.8792,7.7519,7.8106,4.6981,0.7047,0.0000,0.4111,0.0000,0.3524,0.1175,0.7047,0.0587,1.7031,1.4094,0.1762,1.1158,0.1175,0.3524,0.4111,0.0000,4.16956338
2010,2,18.20,8.419290543,0.1109,12.8699,5.3810,3.7722,3.9386,0.6102,4.4934,6.9897,0.1109,0.0555,1.3314,6.2131,4.2715,0.2774,1.1095,0.7766,0.7212,0.8321,0.8321,6.3240,4.2160,2.2744,0.9985,6.1576,6.3795,3.7167,0.4993,0.0000,0.3883,0.0000,0.2774,0.1664,0.2774,0.4438,0.7212,0.8876,0.0555,0.7212,0.1109,0.1109,0.0000,0.0000,2.995581359
2010,3,17.01,7.905714035,0.2683,12.3397,4.8286,3.2727,4.2921,0.6975,4.3994,7.5111,0.0537,0.0537,1.3413,6.0625,3.5409,0.1073,1.4486,0.6438,0.5902,0.4829,0.5365,4.8822,3.7019,0.8048,1.1803,5.4724,5.5260,3.8628,0.4829,0.0000,0.1073,0.0000,0.2683,0.2146,0.3756,0.2683,1.1803,0.6438,0.2146,0.8048,0.2146,0.0537,0.1073,0.0000,2.038725326
2010,4,20.62,9.627731323,0.4556,16.4017,6.3784,4.1004,5.0686,1.0821,5.1255,10.0802,0.0570,0.0570,1.8224,8.4856,5.8659,0.1139,1.2529,1.0251,0.5126,0.5695,1.0821,6.7771,5.4672,1.5377,0.9112,5.3533,8.8842,5.7520,0.3987,0.0570,0.3417,0.0000,0.4556,0.2278,0.1709,0.2278,1.1390,0.9682,0.5126,0.7973,0.1709,0.1139,0.1709,0.0000,3.815668011
2010,5,26.77,12.9635725,0.2754,18.1760,7.2153,6.6646,4.0208,0.4406,5.4528,9.4185,0.0551,0.5508,2.2582,11.8970,7.7111,0.2754,0.7711,0.6609,0.7160,1.0465,0.8813,8.2618,5.5630,3.1395,1.3219,6.6095,11.1810,7.9314,0.4957,0.0551,0.1102,0.0551,0.3856,0.1652,0.3856,0.1652,2.3684,1.2668,0.3305,0.5508,0.2754,0.1652,0.1652,0.0000,5.232498381
2010,6,21.08,10.52798271,0.2841,14.1472,6.1929,4.1476,3.7499,0.5113,5.2271,8.5224,0.1136,0.3409,1.7613,9.7155,5.2271,0.5113,1.1931,0.8522,0.5113,0.8522,0.6250,7.7838,5.9657,2.2726,1.3636,6.7043,8.3520,6.0793,0.2273,0.0000,0.2273,0.0568,0.3409,0.1704,0.3409,0.2273,1.3636,1.6477,0.2273,0.7386,0.2273,0.1136,0.1704,0.0000,5.795236017
2010,7,21.91,10.28611565,0.4638,17.1598,9.0437,5.1016,4.0581,0.6377,7.0726,8.5799,0.1739,0.2899,2.6088,9.5075,5.3335,0.4058,1.4493,0.9855,0.1739,0.2899,0.7536,8.6959,7.2465,1.7971,2.1450,5.3335,8.0582,5.2755,0.4058,0.0580,0.7536,0.0000,0.6957,0.1739,0.2899,0.2319,1.5073,1.1015,0.2899,0.8116,0.2899,0.1159,0.1159,0.0580,4.811704459
2010,8,16.90,7.495315552,0.2658,12.4384,5.7408,3.6677,3.3488,0.3721,5.4750,5.9003,0.2658,0.3189,1.6478,6.5381,2.9767,0.2658,0.7973,0.7973,0.1595,0.5316,0.5316,5.7408,4.6777,1.1163,1.4352,4.9966,4.7308,3.2425,0.1063,0.0532,0.2658,0.0000,0.3189,0.1595,0.1063,0.3189,1.1694,0.4784,0.1063,0.3721,0.1595,0.0532,0.0532,0.0000,3.508264794
2010,9,17.20,8.395139694,0.3118,13.3022,6.0795,4.1569,3.3775,0.5196,4.7285,7.1188,0.2078,0.1559,1.2471,6.7550,3.9491,0.1039,1.0392,0.6235,0.5716,0.5716,0.7794,6.4952,5.5079,1.0912,1.1951,4.3648,5.9756,3.5334,0.1559,0.0000,0.3637,0.0000,0.2598,0.3118,0.4157,0.2078,1.1951,0.7794,0.4157,0.5716,0.0520,0.1039,0.2078,0.1039,3.273588371
2010,10,17.02,8.085942268,0.2977,12.6541,4.9624,5.0120,4.2677,0.3970,4.1188,6.5007,0.1985,0.0992,1.1414,7.2451,3.6722,0.4466,0.7940,0.9429,0.6947,0.4962,0.5459,5.8556,4.8632,1.0917,0.9429,5.3594,5.5083,3.5233,0.3474,0.0000,0.0992,0.0000,0.2481,0.2481,0.1489,0.2481,1.9850,0.7444,0.1489,0.2977,0.2481,0.0992,0.3474,0.0496,2.679696653
2010,11,17.12,8.200113297,0.5118,13.1370,5.2889,6.1988,5.1752,0.6256,4.0378,6.7107,0.1137,0.5118,1.7061,6.9381,4.3221,0.2843,1.3080,0.7962,0.5687,0.5687,0.7962,7.6206,5.9145,1.8198,1.1943,7.4500,5.3458,2.9572,0.3981,0.0569,0.1706,0.0569,0.2843,0.0569,0.1137,0.2275,1.4217,0.5687,0.3412,0.6824,0.3412,0.0000,0.2275,0.0569,2.672887669
2010,12,14.10,7.191857338,0.6586,10.0430,4.3904,3.4025,3.4574,0.6586,4.2806,5.2136,0.2195,0.4390,1.8110,4.9941,3.2379,0.2195,0.7134,0.4939,0.4939,0.4939,0.5488,6.2014,5.3782,1.0427,1.4269,4.9941,4.3904,2.6891,0.1098,0.0000,0.2744,0.0549,0.1646,0.0549,0.4390,0.2744,1.2622,0.6037,0.2744,0.4390,0.0000,0.0000,0.0549,0.0549,2.304946803
2011,1,18.04,9.504124641,0.6299,13.4570,5.4973,5.2683,4.2948,0.3436,4.9247,6.0127,0.2291,0.3436,0.9735,8.1315,4.7529,0.2863,2.0615,1.0880,0.4581,0.5726,0.7444,8.0742,6.5854,2.1188,2.0042,4.9820,6.4708,3.9512,0.5726,0.1145,0.4008,0.0000,0.4581,0.5726,0.4008,0.1718,1.9470,1.3743,0.5154,1.3171,0.2291,0.3436,0.4581,0.1145,4.695647588
2011,2,13.26,6.319905281,0.2728,10.0933,3.2735,3.7100,2.6188,0.3274,3.6554,4.9648,0.0000,0.2182,1.0366,5.7832,3.0553,0.1091,0.9275,0.6001,0.4910,0.3819,0.3819,5.2376,4.4192,0.9821,1.6913,3.3826,2.8370,2.1823,0.4910,0.0000,0.1091,0.0000,0.1091,0.1091,0.4910,0.0000,1.3094,0.8729,0.0000,0.7093,0.0000,0.1637,0.2182,0.0546,3.600861443
2011,3,18.44,7.971965313,0.5874,13.4507,5.7562,5.2863,3.9941,0.3524,4.4640,5.5212,0.1762,0.1175,1.1747,9.9852,4.3465,0.2937,1.1747,0.8223,0.9985,1.0573,0.5874,6.9897,5.6387,1.3509,1.6446,5.6974,4.2878,3.0543,0.4112,0.0000,0.2349,0.0000,0.4699,0.1175,0.1762,0.1762,2.5257,0.4112,0.3524,0.6461,0.2937,0.1762,0.1175,0.0000,6.872178017
2011,4,16.57,8.757833481,0.3325,12.0251,4.6549,5.2090,4.5440,0.6096,4.0453,5.3198,0.2771,0.2217,0.7758,8.2014,4.4886,0.2217,1.2191,0.8312,0.6096,0.6650,0.3879,6.9269,5.0428,2.8816,1.3300,4.4886,4.5440,2.7153,0.3879,0.0000,0.3325,0.0000,0.1108,0.1108,0.3879,0.2217,1.5516,0.7204,0.0554,0.8312,0.0000,0.0554,0.2217,0.0554,4.765689212
2011,5,14.91,6.762714386,0.4753,10.8735,4.3375,4.9911,3.8622,0.7130,3.8622,5.1099,0.0594,0.2377,1.0695,7.9026,3.0897,0.1783,0.8319,0.7130,0.3565,0.4753,0.7724,5.7041,3.9216,1.9608,1.3072,4.2781,4.2781,2.4361,0.4753,0.0000,0.2377,0.0000,0.1783,0.1783,0.1783,0.0594,1.1884,0.3565,0.4753,0.5348,0.1188,0.1188,0.1188,0.0594,4.456345589
2011,6,18.84,9.712075233,0.4740,13.4506,6.2217,5.1551,4.4440,0.4740,4.6811,6.3402,0.2370,0.1185,2.0146,8.1178,4.7996,0.1778,0.8888,0.5333,0.7110,0.4740,1.0666,7.5845,5.0958,3.3775,1.4813,7.2290,5.2736,3.3775,0.5925,0.0000,0.2963,0.0000,0.3555,0.1778,0.5925,0.3555,1.0666,0.5925,0.6518,0.7110,0.0593,0.1185,0.3555,0.0000,5.510614611
2011,7,25.28,13.43541908,0.2682,19.2421,7.9114,6.9728,8.1125,0.9386,6.3023,8.5819,0.0670,0.3352,2.2125,11.2637,5.9671,0.3352,3.3523,1.0727,1.0057,1.4750,1.2068,15.6216,7.3080,11.3978,5.4977,8.0455,7.3750,4.8273,0.8045,0.0670,0.2682,0.0000,0.1341,0.2682,0.2682,0.0000,1.6091,1.6091,0.3352,3.0841,0.0670,0.3352,0.1341,0.0000,5.832976561
2011,8,60.87,29.75177383,0.7599,51.2959,33.0573,20.8223,16.7946,1.8998,19.1505,19.9104,0.4560,1.3679,9.4232,26.9778,16.7187,0.3040,4.7116,1.5199,1.0639,2.0518,2.8118,31.1575,17.2506,21.1263,7.2194,23.8621,11.5511,6.8395,0.7599,0.2280,0.3800,0.1520,0.9119,0.3800,0.5320,0.2280,5.6235,4.3317,1.6719,3.9517,0.1520,0.2280,0.4560,0.2280,11.32308948
2011,9,28.10,13.67372608,0.3172,21.6968,10.9118,7.7398,6.7247,1.1419,8.6280,10.0871,0.1903,0.3806,3.4258,11.6097,6.4075,0.2538,1.2054,0.9516,1.2054,1.2054,1.0151,11.4828,6.6613,6.0903,2.2204,10.9118,6.9151,4.1237,0.5710,0.0000,0.3806,0.0634,0.6978,0.1903,1.0785,0.1269,1.7763,2.2839,0.5075,0.9516,0.0634,0.1269,0.3806,0.0000,5.011829045
2011,10,29.69,14.69716454,0.6010,21.9372,12.7416,6.0102,5.3491,1.2020,7.2122,8.8951,0.4207,0.4808,3.0652,10.0370,8.2941,0.2404,1.4424,0.6010,1.3823,1.0217,1.0818,11.9603,7.7532,5.5294,1.9233,6.0703,7.8734,4.4475,0.9015,0.0000,0.3606,0.0601,0.3606,0.1202,0.8414,0.0000,2.4041,1.5026,0.4808,1.2020,0.1803,0.2404,0.4808,0.0000,4.267242509
2011,11,22.29,10.48506451,0.3634,14.7777,6.7832,4.6029,3.3916,0.5451,6.2987,5.5113,0.1817,0.1817,1.8169,8.9029,5.2691,0.4845,1.8169,0.7873,0.7873,1.2113,0.9085,11.7494,7.0254,6.4198,2.4226,5.5113,6.3592,3.6338,0.6056,0.0606,0.2423,0.0606,0.1211,0.2423,0.4239,0.0000,2.1197,0.6056,0.4845,1.5747,0.1817,0.1211,0.1817,0.0606,3.088772178
2011,12,23.17,10.93248367,0.4729,16.8214,7.8365,6.2151,3.3778,0.7431,5.0667,7.9040,0.1351,0.1351,1.7564,9.4578,4.9991,0.6080,1.6213,1.1484,0.6756,0.7431,0.6080,10.8089,6.8231,5.0667,2.2969,6.6880,6.6205,3.8507,0.4053,0.0000,0.4729,0.0000,0.0000,0.2027,0.3378,0.2027,2.0942,1.0809,0.4053,1.0133,0.1351,0.3378,0.3378,0.0000,4.256006474
2012,1,21.88,10.53679943,0.6044,15.8951,7.0712,4.7141,4.7141,0.6648,6.1646,7.4943,0.0604,0.6044,1.6923,8.1591,5.2581,0.1813,2.1758,0.9066,0.7253,0.5439,0.6648,10.0327,6.7690,3.9284,1.6923,5.6207,6.5273,3.3241,0.5439,0.0000,0.3022,0.0604,0.2418,0.3022,0.3022,0.0604,2.2966,1.3901,0.1813,1.6923,0.1209,0.1813,1.2088,0.0604,4.109762371
2012,2,18.29,9.644643784,0.4983,12.4565,5.0538,3.8437,3.0607,0.6406,5.6232,6.6197,0.0712,0.2135,1.3524,7.4027,4.3420,0.0712,1.5660,0.8542,0.8542,0.3559,0.7830,7.4027,5.6232,2.2778,1.2101,4.0573,5.3385,3.3455,0.5694,0.0712,0.4271,0.0000,0.4271,0.1424,0.7830,0.4271,1.7795,1.1389,0.1424,0.9965,0.0712,0.1424,0.2135,0.0000,3.487823382
2012,3,16.10,7.735757828,0.4285,11.4461,4.2846,4.2234,3.7337,0.4285,4.5907,5.3864,0.3060,0.4897,1.5302,5.6312,3.9174,0.0000,1.0406,0.4897,0.5509,0.5509,0.4285,5.9985,4.8355,1.3466,0.9793,4.6519,5.1415,2.8768,0.6733,0.0000,0.1836,0.0000,0.3060,0.0612,0.4285,0.1224,1.3466,0.8569,0.1224,0.6733,0.0000,0.1836,0.5509,0.0000,3.978577023
2012,4,15.36,8.51150322,0.4707,11.1194,3.5888,3.2946,3.1181,0.5295,4.2360,4.8831,0.1765,0.1177,0.5883,5.7656,3.0005,0.1177,0.8237,0.4707,0.3530,0.5295,0.8237,5.7068,4.1771,1.5297,1.2355,4.2948,5.2950,3.4711,0.2353,0.0000,0.2353,0.0000,0.2942,0.1765,0.2353,0.0588,1.2943,0.7648,0.2942,0.5295,0.1177,0.0588,0.4707,0.1177,3.588809313
2012,5,22.26,11.27387524,0.2005,13.3697,5.4147,3.2756,2.8745,0.4011,5.0805,5.0136,0.0000,0.1337,0.8690,9.2920,4.7463,0.1337,1.0027,0.9359,0.3342,0.6016,0.6016,7.3533,5.7490,2.0723,1.4038,4.1446,7.9550,5.6821,0.3342,0.0000,0.2674,0.0000,0.2674,0.2674,0.2005,0.0668,1.1364,0.6685,0.4011,0.6685,0.2674,0.1337,1.4707,0.0000,4.211461815
2012,6,22.66,10.15876675,0.6160,14.7844,6.7762,4.5175,4.7228,0.4107,6.2971,7.5975,0.2053,0.4107,2.0534,8.8296,5.7495,0.2738,2.2587,1.4374,0.3422,0.6160,0.8898,7.1869,5.1335,2.2587,2.0534,6.8446,6.7762,3.3539,0.4107,0.0000,0.3422,0.2053,0.0684,1.0951,0.4791,0.1369,1.3689,0.5476,0.0684,1.7112,0.2053,0.4791,1.4374,0.0000,4.312119112
2012,7,19.92,9.899874687,0.2940,13.5996,6.5425,3.6020,3.6756,0.5881,5.6604,5.5869,0.1470,0.5881,1.7643,7.4981,3.8961,0.1470,0.8821,1.3967,0.6616,0.5146,0.4411,7.2041,6.3220,2.4259,0.9556,4.7047,6.7630,3.4550,0.3676,0.0000,0.2205,0.0735,0.4411,0.6616,0.6616,0.3676,1.8378,0.5881,0.2940,0.5146,0.0000,0.1470,1.0292,0.0735,3.528538327
2012,8,16.61,8.523641586,0.4324,11.7970,4.6941,3.0265,3.5823,0.4324,4.6323,4.8794,0.3088,0.3088,1.1735,6.8558,3.8912,0.1853,1.8529,0.6176,0.6176,0.5559,0.4324,7.4117,6.4235,2.5323,1.2353,5.3735,5.4353,3.3353,0.1853,0.0000,0.3088,0.0000,0.3088,0.1853,0.2471,0.1235,1.1118,0.6794,0.1235,1.4206,0.0000,0.1853,0.6176,0.1235,2.717632733
2012,9,16.11,8.850302696,0.5493,11.2903,5.2485,4.0279,5.2485,0.3051,4.9433,5.6146,0.1831,0.0000,0.9154,6.3470,4.0279,0.1221,1.1595,0.5493,0.4272,0.5493,0.4882,7.5065,6.1639,3.1125,1.2816,6.7131,4.5771,2.6242,0.5493,0.0000,0.2441,0.1221,0.3051,0.0610,0.4882,0.0610,1.7698,0.9154,0.1221,0.7934,0.0610,0.1221,1.0985,0.0610,3.234515978
2012,10,17.12,8.293514252,0.3357,13.4279,5.8747,3.8046,4.8117,0.4476,4.1962,6.0426,0.2238,0.1119,1.3428,7.5532,4.3641,0.0559,1.1190,0.4476,0.3916,0.8392,0.7833,7.3294,6.7140,3.1891,1.0630,5.7069,4.5879,2.8534,0.2797,0.0559,0.3357,0.0559,0.6714,0.1119,0.3357,0.0559,1.9582,0.7833,0.2797,0.7273,0.0559,0.0559,1.2309,0.2238,4.028374616
2012,11,15.51,9.085177422,0.3265,10.8824,5.3868,2.6118,2.3397,0.1088,3.3735,4.0265,0.1088,0.5441,0.8162,6.2029,3.2103,0.1632,2.1765,0.5441,0.4897,1.1971,0.4353,9.0868,8.2706,6.4750,1.6868,3.3735,4.6794,2.3397,0.3265,0.0000,0.1632,0.1632,0.1088,0.2721,0.2176,0.2176,2.2309,0.3265,0.1632,1.6324,0.1088,0.1088,1.7956,0.0544,2.067648824
2012,12,16.37,10.20877647,0.5099,11.9318,5.6600,4.0283,3.5693,0.4079,5.2520,5.0481,0.0510,0.4079,2.0906,6.7817,3.1104,0.2040,1.8357,0.7139,0.7649,0.7139,0.8158,10.2491,9.5352,7.0877,2.5495,3.8753,5.2520,3.1614,0.5609,0.0000,0.2040,0.1020,0.2040,0.2550,0.3569,0.3569,2.0396,0.7649,0.1020,1.4277,0.1020,0.1530,0.7139,0.1020,2.804480104
2013,1,17.57,10.10954094,0.1821,13.2462,6.8279,3.0498,4.5064,0.2731,5.3258,6.6458,0.0000,0.7283,1.2745,6.3272,6.2817,0.0455,1.3656,0.9104,0.3186,0.9559,0.4552,9.5136,8.7397,6.0996,2.0029,6.8734,5.2803,3.8236,0.3186,0.0000,0.2276,0.0910,0.3642,0.2731,0.1821,0.2276,1.7753,0.3642,0.0000,1.2745,0.0910,0.3186,0.6828,0.0000,1.866296368
2013,2,18.75,8.785271645,0.3931,14.7408,8.4121,4.5598,2.7909,0.4324,6.9577,6.3680,0.0000,0.1965,1.0220,6.6432,6.2894,0.0786,3.0268,0.8648,0.8255,1.3365,0.3931,9.9058,8.6479,3.6164,4.0488,6.2501,6.6039,3.4985,0.3145,0.0000,0.3931,0.3145,0.1179,0.0393,0.5896,0.1179,3.4199,0.7862,0.3931,2.9875,0.0393,0.1179,0.3538,0.0393,2.240599314
2013,3,17.91,9.231593132,0.4380,12.4825,5.8690,4.2922,4.5112,0.4380,6.4822,4.2046,0.2190,0.2190,1.0950,6.4384,5.8252,0.1314,1.8833,0.5694,0.5694,0.8760,0.3504,9.0663,7.6647,5.1244,2.0147,6.5260,5.2120,3.1973,0.3942,0.0000,0.4380,1.0512,1.8833,0.0876,0.1752,0.1314,2.4527,0.5694,0.1314,1.7957,0.0000,0.0000,0.2628,0.0000,3.32867344
2013,4,15.79,8.423784256,0.1514,11.9583,4.9448,4.5411,3.7338,0.7569,4.1375,4.6925,0.0505,0.2523,1.1101,4.4907,3.3806,0.3532,0.6559,0.6559,0.3532,0.3027,0.3027,5.6007,4.6925,1.1605,1.2110,5.1971,5.4494,3.4815,0.2018,0.1009,0.1514,0.1514,0.2018,0.4037,0.3532,0.2523,1.5137,0.6559,0.0505,0.4541,0.0505,0.1514,0.1009,0.0000,1.564171462
2013,5,15.01,6.919264317,0.3976,11.4308,5.5166,4.1747,4.0753,0.4473,4.8705,4.6717,0.2982,0.0994,1.4910,4.9202,3.6777,0.1491,1.2922,0.7952,0.5467,0.4970,0.4970,6.1130,5.0196,1.7892,1.9880,6.6597,4.9202,3.0813,0.4970,0.0497,0.1988,0.4473,0.5467,0.2982,0.2485,0.1491,1.1928,0.4473,0.4473,1.1431,0.2485,0.2485,0.1988,0.0000,2.534654646
2013,6,16.89,8.470814705,0.0488,13.6666,5.2226,5.4178,7.1750,0.4881,5.2226,6.1012,0.0000,0.2440,1.7083,6.0524,3.1726,0.0976,1.0738,1.1226,0.5369,0.3905,0.5857,5.8083,4.6369,1.9524,0.9762,10.7381,4.1000,2.5869,0.2929,0.0000,0.1952,0.3417,0.5369,0.8786,0.1464,0.2929,1.7083,0.8298,0.1464,0.7321,0.2440,0.0976,0.0976,0.0488,3.123802582
2013,7,15.04,6.168021679,0.2097,11.5318,4.4555,3.8265,5.0845,0.2097,3.8789,6.0804,0.0524,0.4193,1.1008,5.8183,4.0886,0.1048,1.4677,1.2580,0.4193,0.3669,0.3669,5.6611,4.1410,1.3104,1.7822,7.0764,5.2417,3.9313,0.1573,0.0000,0.3669,0.4193,0.4718,0.3669,0.4193,0.3145,1.5725,0.9435,0.1573,1.2580,0.1048,0.1048,0.2097,0.0000,2.568457464
2013,8,13.40,6.738258362,0.1031,9.7443,4.5371,3.3512,4.3308,0.5671,3.6606,4.4339,0.1031,0.0516,1.3920,4.7948,3.6090,0.1547,0.8765,0.4125,0.3093,1.0311,0.2062,5.1042,3.8152,1.7530,0.9796,5.9291,4.3824,2.4232,0.1547,0.0000,0.2062,0.2578,0.2578,0.1031,0.6702,0.0516,1.3920,0.6187,0.1547,0.4640,0.1547,0.0516,0.2578,0.0516,2.78409988
2013,9,19.15,9.521761894,0.4573,14.2322,6.7446,4.2868,5.2585,0.7430,4.7441,6.6874,0.0572,0.4001,1.5432,7.2590,5.2585,0.2286,2.2291,0.8002,0.2286,1.4289,0.3429,8.7451,6.1158,3.8295,1.4861,7.3733,7.0875,5.1442,0.1143,0.0000,0.2286,0.0572,0.3429,0.1143,0.5144,0.1715,2.1148,0.9145,0.3429,1.3146,0.1143,0.4001,0.1715,0.0572,2.915022016
2013,10,19.51,10.68031025,0.4460,14.4378,7.0238,3.6791,5.2400,0.0557,4.7940,5.6859,0.0557,1.0034,2.7315,6.8566,5.0728,0.0557,2.6200,0.5574,0.6132,0.8919,0.2787,12.4310,5.9647,9.6438,3.4004,6.5221,4.9613,2.7315,0.3345,0.0000,0.1672,0.1672,0.5017,0.2787,0.0557,0.0557,1.4494,0.3902,0.3345,2.3413,0.1115,0.1672,0.1672,0.0557,1.672335761
2013,11,15.26,8.303435326,0.2643,10.4403,4.4272,3.3700,4.6915,0.1322,3.4361,4.3612,0.1982,0.3965,0.9251,6.0792,3.3039,0.0661,0.9912,1.0573,0.3304,0.1982,0.3965,5.0880,3.8986,1.8502,0.9251,5.7488,4.6255,3.3700,0.3304,0.0000,0.4625,0.3965,0.1322,0.5286,0.6608,0.0661,1.5859,0.7269,0.5286,0.7929,0.0661,0.3965,0.2643,0.0000,2.510969814
2013,12,15.09,7.86179924,0.2277,11.4434,4.7254,3.2451,4.2699,0.1708,4.3268,5.9209,0.0569,0.1708,1.4233,4.9531,3.8714,0.1139,1.3664,0.9678,0.5693,0.2277,0.4555,5.6363,4.0991,2.2204,1.1386,7.7997,5.9779,3.9283,0.2847,0.0000,0.5693,0.4555,0.2277,0.3416,0.5693,0.3416,1.4802,0.9678,0.2847,1.1956,0.1708,0.3985,0.2277,0.0000,2.163420083
2014,1,15.26,8.480321884,0.3429,12.5147,5.3145,5.0288,5.3716,0.3429,4.8573,5.7145,0.2286,0.3429,1.6572,6.9145,3.8859,0.2857,1.4858,1.1429,0.4572,0.6857,0.5714,5.8288,4.7430,1.8858,1.2000,6.4574,5.4859,2.2858,0.6857,0.2286,1.2572,0.5143,0.4572,0.2857,0.1714,0.2857,1.8286,0.2857,0.0571,1.2572,0.0571,0.4572,0.2857,0.0571,3.257259144
2014,2,11.62,6.168693066,0.3730,8.6866,3.3574,2.7179,3.0377,0.6395,3.0909,3.5173,0.0000,0.2665,0.5862,4.6364,2.5580,0.2665,0.6928,0.6928,0.3198,0.4263,0.2665,3.8903,3.1442,1.1191,0.5329,4.9029,4.0502,2.5047,0.2665,0.1066,0.5329,0.1066,0.1599,0.2132,0.2132,0.1599,1.2257,0.5862,0.1066,0.4263,0.1066,0.0533,0.0533,0.0533,2.291563288
2014,3,15.19,6.982119083,0.6551,10.7796,4.3476,3.3351,3.3351,0.5956,3.9903,4.7049,0.1191,0.1191,0.9529,6.4916,3.2756,0.2978,1.6080,0.7147,0.3573,0.8338,0.7742,4.7049,3.5138,0.6551,1.3102,4.3476,5.2409,2.6205,0.3573,0.0000,0.4764,0.0596,0.2382,0.2382,0.1787,0.2382,2.2631,0.5360,0.3573,1.1911,0.1191,0.1191,0.3573,0.1787,3.156468193
2014,4,18.06,8.415799141,0.4897,12.8558,4.7138,5.1423,4.4077,0.4897,4.6526,4.9587,0.3061,0.3061,0.9795,6.9788,4.1016,0.1224,1.7141,0.8571,0.7346,0.2449,0.2449,4.9587,3.8567,1.1631,1.1631,5.9994,5.5708,2.7548,0.6122,0.0000,0.5510,0.1837,0.4285,0.1224,0.4897,0.1224,1.3468,0.6734,0.2449,1.0407,0.1837,0.1224,0.4897,0.0000,3.305767279
2014,5,13.74,6.33596468,0.2924,10.5260,3.9765,3.2747,3.8010,0.5848,3.9180,5.1460,0.0000,0.1170,0.9356,4.7367,3.6841,0.0585,1.2280,0.8772,0.4678,0.5848,0.5848,4.4443,3.8595,0.7602,1.1111,4.0934,5.0875,2.6900,0.3509,0.0585,0.7602,0.0585,0.4678,0.2339,0.2339,0.2339,1.7543,0.5263,0.0585,0.7602,0.4093,0.1170,0.4678,0.0585,2.105190845
2014,6,11.84,5.858780861,0.3819,8.1836,2.7824,3.1098,3.1098,0.3273,2.5096,3.7645,0.0000,0.5456,0.9820,5.1284,2.2914,0.1637,0.8729,1.0366,0.5456,0.3273,0.6547,3.6008,3.0552,0.3819,0.9275,3.0007,4.3646,2.6733,0.1637,0.0546,0.2182,0.1091,0.2728,0.5456,0.3273,0.1091,0.8729,0.2728,0.2728,0.4365,0.3273,0.3819,0.2182,0.0000,2.509635565
2014,7,14.06,4.989270687,0.7147,9.5291,3.0969,2.8587,3.1565,0.7742,3.1565,5.0028,0.0596,0.1787,0.6551,5.9557,3.4543,0.1191,1.3698,0.8338,0.4765,0.3573,0.5956,3.8116,2.7396,0.4169,1.5485,3.7521,4.8837,2.4418,0.1787,0.0000,0.4169,0.0000,0.1191,0.2382,0.4765,0.2978,1.4889,0.6551,0.1191,0.9529,0.0000,0.1191,0.0596,0.0596,2.263155614
2014,8,14.35,5.827112198,0.6117,10.8436,3.6701,3.2809,4.0038,0.6117,4.0038,4.7823,0.0556,0.0556,1.0566,6.3949,3.4477,0.0556,0.8897,1.1678,0.7785,0.6117,0.7785,4.6155,3.2253,0.7785,1.1122,4.6711,4.7267,2.3911,0.3893,0.0000,0.5005,0.2224,0.5005,0.1668,0.5005,0.1112,2.1687,0.3893,0.0556,0.7229,0.1112,0.4449,0.3893,0.0556,2.891620178
2014,9,11.19,5.774247646,0.2797,7.7744,2.7406,2.5169,2.5169,0.5593,2.1254,3.8592,0.0000,0.0000,0.4474,3.8592,1.6779,0.0559,0.4474,0.8390,0.3915,0.1119,0.3356,4.1948,3.5237,0.6152,1.0627,4.0270,3.6914,2.4050,0.2237,0.0000,0.2237,0.2237,0.2797,0.5034,0.3915,0.0559,1.1746,0.3356,0.0000,0.3915,0.0000,0.0559,0.3915,0.0000,1.677929163
2014,10,21.93,9.41059494,4.9350,17.5466,9.1998,6.8846,7.8594,0.2437,6.5190,7.1892,0.1828,0.1219,2.7417,10.2355,5.6661,0.1219,0.7311,1.3404,0.5483,0.1828,0.5483,6.9455,5.2396,0.9748,1.7059,10.9666,4.8740,2.9244,0.3656,0.0000,0.6093,0.0609,0.0609,0.0609,0.6702,0.0609,1.5841,1.2185,0.3046,0.6093,0.0609,0.1828,0.3046,0.0000,6.45811419
2014,11,13.89,6.212469101,1.2222,10.0996,3.4737,3.0878,3.2164,0.5790,3.1521,3.9240,0.0000,0.1287,0.9006,5.4036,3.2164,0.0000,0.5790,0.5790,0.8363,0.3860,0.4503,5.3393,4.6317,0.9006,1.0936,3.9240,4.5673,2.6375,0.1930,0.0000,0.4503,0.1287,0.0000,0.1930,0.3216,0.7076,1.0936,1.0936,0.1930,0.3860,0.1287,0.2573,0.2573,0.0643,2.894783616
2014,12,14.29,6.164896488,0.8514,11.3723,3.8313,3.7097,4.8044,0.6081,4.1962,4.8652,0.0608,0.0608,1.0947,7.2369,3.2232,0.4257,0.9122,0.6690,0.6690,0.3649,0.2433,4.6827,3.6489,0.6081,0.8514,5.8990,5.0476,2.9191,0.4257,0.0000,0.3649,0.0000,0.3649,0.2433,0.3649,0.1824,1.0947,0.6690,0.2433,0.7906,0.0608,0.1824,0.1824,0.0000,5.41250209
2015,1,23.34,10.02480507,1.2175,18.1948,8.5901,6.8315,7.1020,0.6087,6.5609,6.4933,0.1353,0.7440,2.3673,13.9335,4.5994,0.6764,1.9615,1.1499,0.4058,0.4735,0.4735,7.7784,5.8169,1.1499,2.0968,9.4694,7.1020,3.5848,0.2029,0.0000,0.8793,0.0000,0.6764,0.0676,0.6087,0.4735,2.0968,0.6764,0.0676,1.3528,0.1353,0.2706,0.8117,0.1353,11.49855196
2015,2,14.08,5.397096157,0.4875,9.7491,2.7419,3.0466,3.5340,0.2437,3.3512,4.3871,0.0609,0.1219,0.7921,7.8602,3.0466,0.4875,1.4014,0.6702,0.3047,0.8530,0.3047,4.6308,4.2652,0.3656,0.7921,3.7778,4.3871,2.8638,0.1828,0.0000,0.5484,0.0609,0.1828,0.1219,0.3047,0.2437,1.0968,0.3656,0.1219,0.7312,0.3047,0.2437,0.5484,0.3047,5.05732263
2015,3,12.38,4.645310879,0.6974,9.3566,3.1964,2.9639,4.1262,0.2906,3.8937,4.0100,0.0000,0.1162,0.5812,5.4048,2.6152,0.2325,0.8717,0.8717,0.4068,0.3487,0.9880,3.1382,2.6733,0.2325,0.7555,5.2885,4.5911,2.9058,0.2906,0.0000,0.8136,0.0000,0.0581,0.2325,0.1162,0.0581,0.9880,0.2325,0.1162,0.4649,0.0000,0.1162,0.2906,0.0000,3.661286529
2015,4,14.47,7.300486088,0.6794,9.9198,3.8728,2.2421,4.0766,0.4756,3.5331,4.9599,0.0000,0.0000,0.8153,5.9790,3.5331,0.2038,1.2230,0.8833,0.3397,0.3397,0.5435,4.4843,3.9407,0.2718,0.7474,4.5522,4.3484,2.5139,0.1359,0.0000,0.6115,0.0000,0.0679,0.2038,0.2038,0.3397,1.1550,0.6115,0.0679,0.6794,0.1359,0.3397,0.4077,0.0679,3.533064632
2015,5,11.77,5.169209003,0.4663,7.8101,2.5062,2.9725,3.3222,0.6411,3.3222,3.6137,0.2331,0.2914,1.0491,5.7702,2.3314,0.1166,1.2240,0.8743,0.1749,0.4663,0.5246,3.6719,3.2639,0.7577,0.4080,4.0799,3.8468,2.5645,0.1166,0.0000,0.5246,0.0000,0.1166,0.4080,0.2331,0.2331,0.7577,0.1749,0.2331,0.3497,0.0583,0.1749,0.4080,0.0000,3.555366587
2015,6,14.93,8.154443741,0.4082,10.5538,3.4402,2.7405,5.1311,0.5248,4.0816,4.3148,0.1166,0.1166,0.9329,5.7725,3.4402,0.1166,1.1662,0.5831,0.7580,0.3499,0.5831,4.0233,3.7317,0.4665,0.5831,5.7725,5.5393,2.8571,0.4665,0.0000,0.3499,0.0000,0.2332,0.4665,0.3499,0.1166,0.9912,0.5248,0.4082,0.4082,0.1166,0.0583,0.9329,0.0000,3.440201767
2015,7,23.86,11.11304379,0.7857,17.3560,6.7853,5.2140,7.0710,1.6428,5.4282,8.2852,0.2857,0.2143,1.9284,11.4278,5.7139,0.3571,1.7856,1.7142,0.9285,1.1428,0.5714,6.7853,6.1425,0.7142,0.9285,8.7852,9.0709,4.5711,0.3571,0.0000,0.4285,0.0000,0.5000,0.5714,0.2857,0.0714,2.4284,0.4285,0.3571,0.7142,0.4285,0.2143,1.1428,0.1428,6.42816298
2015,8,31.48,11.86773586,1.3887,24.0716,11.4186,8.7182,12.4987,0.7715,8.4096,8.1010,0.1543,1.2344,3.3947,17.3593,9.4126,3.8576,1.1573,0.5401,1.0801,1.0801,0.4629,7.0209,5.6321,1.3887,0.6172,15.8162,5.8636,3.4719,0.4629,0.0772,0.5401,0.0000,0.3086,0.1543,0.3858,0.0000,3.7805,0.3086,1.2344,0.2315,0.3086,0.4629,0.3086,0.0000,12.11292855
2015,9,24.71,11.39049816,1.0998,17.1564,6.6719,6.7452,9.2380,0.4399,8.1383,6.0121,0.0733,0.2933,1.6863,10.7777,5.2056,1.5397,1.3930,1.0264,0.8798,0.3666,0.5865,6.1587,5.3522,1.1731,0.9531,10.7777,6.1587,3.0793,0.2200,0.0000,0.2200,0.0000,0.5132,0.2933,0.2200,0.0000,2.5661,0.2933,0.5865,0.3666,0.2200,0.0000,0.3666,0.1466,7.331777397
2015,10,19.64,10.06214142,0.1978,13.3163,3.8894,4.1531,6.5922,0.4615,4.7464,4.4168,0.0659,0.1318,1.7140,8.6358,4.1531,0.3296,1.3184,1.5821,0.6592,0.5933,0.6592,5.3397,4.3509,0.9229,1.0548,6.3286,6.5922,3.2302,0.1978,0.0000,0.5933,0.0659,0.5274,0.2637,0.3296,0.1318,1.3184,0.5274,0.3955,0.4615,0.2637,0.3296,0.2637,0.0000,5.141947036
2015,11,13.43,6.360215664,1.1250,9.1406,2.4609,3.0234,3.4453,0.4219,4.0078,4.7812,0.0703,0.2109,0.6328,6.0468,2.1797,0.2109,1.0547,0.7031,0.4219,0.4922,0.6328,4.7109,4.2890,0.2812,0.9844,4.2187,4.9921,2.6719,0.2812,0.0000,1.1250,0.0703,0.2812,0.0703,0.3516,0.2812,1.5469,0.5625,0.2109,0.4922,0.0703,0.2812,0.2812,0.0000,3.796843993
2015,12,16.98,7.679577827,0.9684,13.1847,5.3632,5.0653,7.0765,0.3724,5.2143,5.2888,0.1490,0.2235,1.1918,9.9816,4.5439,0.2235,1.0429,0.2980,0.4469,0.1490,0.3724,5.4377,4.5439,0.5214,1.1918,8.7898,4.9908,3.1286,0.1490,0.0000,0.8939,0.0745,0.2980,0.2235,0.1490,0.2235,1.4153,0.5214,0.2980,0.4469,0.3724,0.0000,0.3724,0.0000,6.257123746
2016,1,28.64,11.43637753,0.5069,20.6133,12.8411,6.7585,8.9550,0.5914,7.3498,4.8999,0.2534,0.5069,3.5482,16.7272,5.8292,1.2672,0.9293,0.6758,0.5069,0.7603,0.3379,5.4912,4.9844,0.6758,1.0138,12.3342,4.9844,1.3517,0.2534,0.0000,0.5914,0.1690,0.8448,0.0000,0.2534,0.0000,1.6896,0.5914,0.5069,0.6758,0.0845,0.3379,0.3379,0.0000,13.85483236
2016,2,24.87,8.834389687,0.7135,17.6344,9.0720,6.6256,7.9508,0.3058,6.8295,6.0140,0.2039,0.9174,2.3445,14.1687,4.8928,0.9174,1.5290,1.0193,0.6116,0.9174,0.5097,5.4024,4.0773,0.5097,1.5290,10.1933,6.4218,2.1406,0.1019,0.0000,0.5097,0.2039,0.0000,0.1019,0.0000,0.1019,1.5290,0.6116,0.5097,1.1213,0.1019,0.0000,0.5097,0.2039,11.82422919
2016,3,17.74,7.514957428,0.2584,12.5753,5.2541,5.0818,3.5314,0.3445,3.8759,4.8234,0.0861,0.3445,1.2059,9.3884,3.1008,0.3445,1.1197,0.6891,0.4307,0.2584,0.1723,4.2205,3.7037,0.2584,0.6891,6.8906,4.0482,1.8949,0.0000,0.0000,0.3445,0.0000,0.2584,0.0861,0.0861,0.1723,1.4642,0.4307,0.5168,0.7752,0.0000,0.2584,1.1197,0.0000,6.890576557
2016,4,13.30,6.403337002,0.2922,8.4015,3.2145,2.9223,3.5798,0.3653,2.8492,3.0684,0.2922,0.2922,0.4383,7.0134,2.4839,0.6575,0.5114,0.7306,0.2922,0.5845,0.2192,3.7989,2.9953,0.5845,0.5845,4.0181,3.7259,1.3150,0.1461,0.0000,0.2922,0.2922,0.2922,0.4383,0.1461,0.0731,1.0958,0.2922,0.3653,0.3653,0.0731,0.2192,0.6575,0.1461,4.31033528
2016,5,14.47,7.167585373,0.5825,9.0287,3.2037,3.3008,3.8833,0.1942,2.0387,3.0096,0.0000,0.2912,0.8737,5.5337,1.6504,0.0000,1.3592,0.7767,0.4854,0.0971,0.9708,3.4950,2.8154,0.1942,0.6796,4.0775,4.2716,1.8446,0.0971,0.0000,0.1942,0.0000,0.3883,0.1942,0.0971,0.2912,1.6504,0.1942,0.4854,0.7767,0.2912,0.3883,1.3592,0.0000,3.203725764
2016,6,20.14,9.847212791,0.2877,14.8640,7.2881,6.0415,6.3292,0.3836,4.8907,4.0277,0.0959,0.3836,0.9590,9.8773,4.4112,0.2877,1.3426,0.6713,0.4795,0.4795,0.1918,5.3702,3.9318,1.5343,1.4384,9.0143,4.2194,1.4384,0.2877,0.0000,0.1918,0.0959,0.1918,0.2877,0.0000,0.0000,1.7261,0.5754,0.7672,0.7672,0.1918,0.4795,8.8225,0.0959,5.17841508
2016,7,16.57,8.255011559,0.2687,12.9885,5.0163,4.2997,7.4348,0.4479,3.4039,4.6580,0.0000,0.4479,0.9853,7.1661,4.0309,0.2687,0.8062,0.1792,0.5375,0.3583,0.2687,3.1352,2.2394,1.1645,0.5375,6.8974,3.6726,1.4332,0.4479,0.0000,0.0896,0.1792,0.1792,0.0896,0.0896,0.0000,0.9853,0.3583,0.3583,0.3583,0.1792,0.0896,7.6140,0.0000,4.120500245
2016,8,14.33,6.123034477,0.5119,9.9309,4.3000,2.8667,5.2214,0.6143,2.6619,3.5833,0.1024,0.3071,0.6143,5.8357,2.9690,0.2048,0.5119,0.4095,0.5119,0.1024,0.1024,2.8667,2.6619,0.0000,0.4095,3.7881,4.3000,1.7405,0.2048,0.0000,0.4095,0.0000,0.1024,0.2048,0.3071,0.0000,1.2286,0.7167,0.2048,0.4095,0.0000,0.1024,2.4571,0.0000,3.173806075
2016,9,13.76,6.346135616,0.3378,10.5549,3.0398,4.0531,5.3197,0.1689,3.7153,4.2220,0.0000,0.0000,0.8444,6.5863,2.7021,0.0844,0.7600,0.5066,0.4222,0.3378,0.0844,2.3643,1.5199,0.6755,0.5066,5.2352,4.4753,2.2799,0.2533,0.0000,0.0844,0.0000,0.2533,0.1689,0.0844,0.0000,1.5199,0.0844,0.9288,0.4222,0.0844,0.0000,2.0265,0.0000,3.208696775
2016,10,13.28,7.392688751,0.3965,9.8131,3.8658,4.3614,4.3614,0.3965,2.6763,4.2623,0.0991,0.2974,0.7930,5.7491,2.5772,0.0991,1.3877,1.2886,0.3965,0.2974,0.3965,4.4605,3.2710,0.8921,1.3877,4.8570,5.1544,1.8833,0.1982,0.0000,0.1982,0.0991,0.1982,0.5947,0.3965,0.0991,1.2886,0.1982,0.3965,0.9912,0.0000,0.0000,2.8746,0.0000,2.775430281
2016,11,18.36,11.10598469,0.2296,13.3141,5.1650,5.7388,6.0832,0.2296,3.3285,4.4763,0.1148,0.1148,0.5739,8.9526,4.1320,0.1148,1.7217,0.6887,1.6069,0.8034,0.3443,8.1491,6.8866,2.7546,1.0330,6.7718,8.4935,2.9842,0.3443,0.0000,0.4591,0.3443,0.5739,0.5739,0.5739,0.2296,3.2137,0.8034,2.6399,1.4921,0.0000,0.2296,6.5423,0.0000,4.017183483
2016,12,12.27,6.294948578,0.5985,9.7763,4.4891,4.6886,4.6886,0.1995,4.3894,3.6911,0.0998,0.6983,0.2993,6.0853,2.9927,0.1995,0.6983,0.6983,0.5985,0.4988,0.5985,5.8857,5.0877,1.5961,0.6983,4.2896,5.3869,1.4964,0.1995,0.0000,0.0998,0.0000,0.1995,0.1995,0.0998,0.1995,0.9976,0.4988,0.7981,0.3990,0.1995,0.2993,1.9952,0.0000,3.391782047
2017,1,17.74,9.724349022,0.6223,14.1054,7.5713,4.5635,5.7044,0.4149,3.9412,4.6672,0.5186,0.4149,1.0372,6.1192,3.9412,0.0000,2.3855,0.6223,0.9334,0.6223,0.4149,8.1936,7.8824,2.0743,1.3483,4.3561,7.9861,2.8003,0.2074,0.0000,0.4149,0.1037,0.2074,0.4149,0.5186,0.0000,3.6301,0.7260,2.1780,1.6595,0.0000,0.2074,2.2818,0.0000,3.111480914
2017,2,15.70,7.829914093,0.3316,11.1635,4.7528,3.8686,3.8686,0.9948,3.4264,4.3107,0.2211,0.4421,0.6632,5.6370,3.6475,0.2211,1.6580,1.3264,0.4421,0.3316,0.6632,7.8476,6.0792,1.9895,1.2158,4.2001,5.5265,2.6527,0.3316,0.0000,0.5527,0.0000,0.2211,0.4421,0.1105,0.2211,1.9895,0.5527,0.3316,1.4369,0.0000,0.2211,1.4369,0.0000,2.65272436
2017,3,14.35,9.003336906,0.3801,8.7414,4.1807,3.6106,3.9906,0.7601,3.1355,3.4205,0.1900,0.6651,0.7601,4.7507,3.4205,0.2850,1.7103,0.2850,0.3801,0.0950,0.3801,6.7461,5.7009,1.2352,1.3302,4.0856,3.7056,1.2352,0.2850,0.0000,0.2850,0.0950,0.0950,0.0000,0.1900,0.0000,0.8551,0.4751,0.4751,1.5202,0.1900,0.1900,1.9003,0.0000,1.805282631
2017,4,17.04,9.317635536,0.3550,11.2408,4.1413,3.3131,2.8398,0.8283,2.4848,4.0230,0.1183,0.3550,0.8283,6.7445,2.1298,0.2366,2.7215,1.3016,0.7099,0.7099,0.8283,7.0994,6.1528,1.0649,1.4199,3.3131,6.3895,2.4848,0.4733,0.0000,0.3550,0.4733,0.3550,0.2366,0.3550,0.2366,2.0115,0.5916,1.5382,1.4199,0.5916,0.0000,2.6031,0.0000,2.484804034
2017,5,11.80,5.60266304,0.4836,7.6401,3.0947,3.1914,1.7408,0.0967,2.1276,3.2882,0.0967,0.3868,0.3868,4.8355,2.0309,0.0000,0.6770,0.5803,0.2901,0.1934,0.1934,4.0618,3.7717,0.3868,0.3868,2.4178,3.6750,1.6441,0.2901,0.0000,0.0000,0.0000,0.0000,0.2901,0.0967,0.0967,1.7408,0.5803,0.2901,0.4836,0.0000,0.1934,1.1605,0.0000,1.644079068
2017,6,12.23,6.149324894,0.1102,7.6006,2.8640,2.7538,2.7538,0.3305,3.0843,2.9741,0.1102,0.0000,0.4406,5.0671,2.5335,0.3305,0.7711,0.5508,0.3305,0.4406,0.5508,4.0757,3.0843,0.6609,0.9914,4.0757,4.9569,1.6523,0.1102,0.0000,0.3305,0.0000,0.2203,0.4406,0.0000,0.0000,1.3218,0.5508,0.4406,0.5508,0.0000,0.0000,0.9914,0.0000,2.423374898
2017,7,14.35,7.309105873,0.2208,9.1631,3.9744,2.7600,3.8640,0.4416,2.4288,2.9808,0.0000,0.2208,0.8832,5.7407,2.5392,0.0000,0.6624,0.3312,0.2208,0.0000,0.3312,4.5264,4.1952,0.8832,0.6624,4.9679,3.9744,1.5456,0.0000,0.0000,0.2208,0.2208,0.3312,0.1104,0.3312,0.1104,1.4352,0.3312,0.4416,0.4416,0.1104,0.0000,1.2144,0.1104,2.318376468
2017,8,16.16,7.891655922,0.9435,11.9120,4.3638,4.8356,4.7176,0.7076,3.8920,4.7176,0.0000,0.4718,1.0615,6.2508,3.1844,0.2359,1.7691,1.0615,0.0000,0.4718,0.1179,6.4867,5.7791,1.4153,1.4153,4.4817,4.2459,1.2973,0.0000,0.0000,0.5897,0.1179,0.1179,0.2359,0.3538,0.0000,2.5947,0.4718,0.8256,1.0615,0.4718,0.0000,0.5897,0.1179,2.122927728
2017,9,9.57,6.055166245,0.1724,6.9832,2.2415,2.6726,2.0691,0.2586,2.2415,2.6726,0.0000,0.1724,0.2586,3.8796,1.8967,0.0862,0.8621,0.6897,0.3448,0.2586,0.2586,4.5693,3.5347,0.7759,1.4656,2.8450,2.8450,1.8967,0.2586,0.0000,0.3448,0.0000,0.1724,0.0000,0.4311,0.1724,1.8105,0.5173,0.2586,0.6035,0.2586,0.1724,0.4311,0.0000,0.862124417
2017,10,12.17,6.640847206,0.0895,7.9616,2.7731,2.8626,2.8626,0.1789,3.4888,1.8786,0.0895,0.0895,0.6262,3.7571,1.8786,0.1789,0.6262,0.7156,0.1789,0.2684,0.4473,4.8306,3.7571,0.5367,1.0735,3.5782,3.7571,1.5207,0.0895,0.0000,0.0895,0.0895,0.3578,0.5367,0.0895,0.0000,1.1629,0.1789,0.8051,0.5367,0.0895,0.0895,0.7156,0.0000,0.894556887
2017,11,15.36,6.249916553,0.1229,9.8325,4.4246,2.4581,3.6872,0.2458,3.3185,3.5643,0.0000,0.6145,0.3687,5.7766,3.4414,0.2458,0.7374,0.6145,0.9832,0.9832,0.2458,6.2682,5.0391,0.6145,1.3520,3.5643,4.0559,1.7207,0.0000,0.0000,0.1229,0.1229,0.2458,0.2458,0.2458,0.2458,1.7207,0.6145,0.4916,0.3687,0.1229,0.1229,1.1062,0.0000,2.949737183
2017,12,18.27,10.01207924,1.2273,13.2277,5.7274,5.5911,5.3183,0.2727,5.7274,5.0456,0.0000,0.8182,1.3637,6.9548,3.2728,0.0000,3.1365,1.6364,0.4091,0.4091,0.4091,9.8185,8.8639,1.0909,1.9091,6.5457,7.0911,2.0455,0.1364,0.0000,0.8182,0.0000,0.5455,0.9546,0.1364,0.2727,2.8637,0.2727,1.0909,2.5910,0.2727,0.4091,1.2273,0.0000,1.909149967
2018,1,17.54,9.078286171,0.1201,12.8527,6.2462,6.0059,5.4053,0.4805,5.5255,4.4444,0.2402,0.3604,0.7207,7.0870,3.0030,0.0000,1.4414,0.8408,0.1201,0.4805,0.8408,8.7687,8.6485,0.4805,0.4805,5.2852,4.5645,1.0811,0.1201,0.1201,0.0000,0.2402,0.4805,0.2402,0.1201,0.1201,3.6036,0.2402,0.8408,0.8408,0.0000,0.1201,1.0811,0.0000,2.162133125
2018,2,26.63,12.83931541,0.4908,20.6156,10.1851,12.3939,12.3939,0.6136,10.3078,7.8536,0.1227,0.4908,1.3498,10.7987,5.8902,0.1227,1.2271,0.2454,0.2454,0.8590,0.3681,14.6027,13.4983,3.4359,0.7363,10.9214,6.3810,3.0678,0.0000,0.0000,0.2454,0.3681,0.2454,0.1227,0.4908,0.1227,2.3315,0.6136,0.4908,0.7363,0.2454,0.1227,1.2271,0.0000,4.663061643
2018,3,17.60,10.72085285,0.8745,12.2426,5.7934,5.9027,5.6841,0.5465,3.8258,3.8258,0.5465,0.0000,0.9838,9.8378,2.9513,0.0000,0.5465,0.8745,0.5465,0.3279,1.4210,8.3075,7.7609,1.3117,0.6559,6.7771,5.0282,1.9676,0.3279,0.1093,0.3279,0.0000,0.1093,0.4372,0.1093,0.3279,6.3399,0.3279,6.2306,0.5465,0.0000,0.0000,0.7652,0.0000,1.639631816
2018,4,17.06,8.719714165,0.3120,12.2732,5.0965,6.1366,5.2005,0.3120,4.6805,3.6404,0.4160,0.5201,0.6241,9.0489,2.7043,0.0000,1.0401,0.6241,0.4160,1.5602,0.8321,7.1767,6.5527,0.3120,0.8321,5.4085,5.2005,2.1842,0.2080,0.1040,0.0000,0.0000,0.1040,0.1040,0.0000,0.0000,6.5527,0.5201,5.2005,0.4160,0.2080,0.1040,0.6241,0.0000,3.952396812
2018,5,15.95,10.08024883,0.2551,10.2057,3.8271,3.6996,4.5926,0.6379,3.5720,3.8271,0.1276,0.3827,0.3827,7.0164,2.9341,0.1276,1.2757,0.6379,0.5103,0.3827,0.6379,6.8888,6.1234,1.0206,1.2757,4.9753,4.7201,1.5309,0.1276,0.0000,0.1276,0.0000,0.7654,0.1276,0.0000,0.1276,3.3168,0.5103,2.9341,1.0206,0.1276,0.3827,1.0206,0.0000,4.337413193
2018,6,12.35,4.430963993,0.2266,8.7234,3.3987,3.2854,3.2854,0.1133,3.9652,2.7190,0.3399,0.7930,1.0196,6.6841,2.0392,0.1133,0.6797,0.6797,0.4532,0.3399,0.5665,4.0785,3.8519,0.7930,0.4532,3.9652,3.8519,1.4728,0.1133,0.0000,1.0196,0.2266,0.3399,0.3399,0.0000,0.1133,4.3050,0.1133,3.6253,0.3399,0.1133,0.1133,0.7930,0.0000,3.172129045
2018,7,12.58,7.320893288,0.2351,8.6979,4.4665,2.7034,3.2911,0.2351,1.8806,2.4683,0.3526,0.5877,0.5877,5.2893,2.1157,0.0000,0.3526,0.4702,0.2351,0.1175,0.4702,5.5244,4.8191,1.0579,0.5877,4.2314,2.8210,1.2929,0.1175,0.0000,0.1175,0.0000,0.1175,0.3526,0.0000,0.0000,3.8788,0.4702,3.5262,0.2351,0.2351,0.0000,1.0579,0.1175,2.703410434
2018,8,14.98,7.92432785,0.2253,11.2665,4.3939,4.3939,5.2953,0.4507,2.3660,3.3800,0.2253,0.3380,1.1267,6.0839,3.1546,0.9013,0.3380,0.6760,0.3380,0.5633,0.2253,5.2953,4.8446,0.5633,0.4507,5.1826,3.3800,1.6900,0.1127,0.0000,0.0000,0.1127,0.2253,0.3380,0.2253,0.1127,3.2673,0.5633,3.2673,0.1127,0.1127,0.0000,1.2393,0.1127,2.253304388
2018,9,18.34,10.14334488,0.4622,13.4049,6.6254,4.0061,4.7765,0.3082,5.8550,5.2387,0.3082,0.4622,1.0786,6.1632,4.7765,0.1541,0.9245,1.5408,0.4622,0.1541,0.6163,8.6284,8.0121,0.7704,1.6949,5.7009,6.1632,2.7734,0.1541,0.0000,0.4622,0.3082,0.3082,0.6163,0.6163,0.3082,4.4683,1.2326,3.8520,0.4622,0.1541,0.0000,0.6163,0.0000,3.235662124
2018,10,24.37,13.40439129,0.9509,18.3049,10.1034,8.4393,11.5297,0.4755,6.8941,5.7054,0.7132,1.0698,3.0904,10.9354,4.9923,0.0000,1.3075,0.4755,0.8320,0.7132,0.4755,8.2016,7.1318,2.0207,1.3075,11.2920,4.5168,2.0207,0.4755,0.0000,0.1189,0.1189,0.4755,0.2377,0.3566,0.2377,5.2300,0.4755,5.7054,0.7132,0.2377,0.0000,1.4264,0.2377,5.348848343
2018,11,22.66,13.6111393,0.1521,16.1212,7.1481,5.6272,7.6043,0.3042,7.1481,4.8668,0.3042,1.5209,1.3688,8.8210,4.2584,0.0000,2.4334,0.3042,1.2167,0.4563,0.1521,9.5815,9.2773,0.9125,1.9771,8.0606,3.6501,1.6730,0.1521,0.0000,0.6083,0.1521,0.3042,0.1521,0.1521,0.0000,5.3230,0.3042,4.5626,1.9771,0.0000,0.1521,1.8250,0.0000,5.323031573
2018,12,39.39,22.71016693,0.1509,31.8465,21.4322,12.0745,19.0173,0.9056,11.9236,10.1124,0.6037,1.9621,4.9807,17.2062,6.6410,0.0000,3.3205,1.5093,1.2074,1.6602,2.2640,19.4701,14.7913,7.2447,2.4149,21.7341,7.9994,2.1130,0.3019,0.0000,0.9056,1.2074,0.6037,1.0565,0.4528,0.1509,10.7161,1.3584,10.7161,2.7168,0.1509,0.4528,5.4335,0.0000,10.26331771
2019,1,38.01,21.57193375,0.7394,28.0981,15.8237,8.8731,12.1265,0.7394,11.6829,8.5773,0.7394,1.3310,4.2887,15.3800,6.8027,0.4437,2.3662,1.4788,1.4788,1.0352,1.0352,17.7462,10.2040,10.9435,1.4788,14.7885,6.3590,2.6619,0.2958,0.0000,0.4437,0.4437,0.8873,1.0352,0.7394,0.1479,7.6900,1.9225,6.3590,0.8873,0.5915,0.5915,2.8098,0.5915,6.359043819
2019,2,16.68,9.464904785,0.3762,11.5372,4.6400,2.3827,4.2637,0.2508,3.5113,3.8875,0.2508,0.1254,1.2540,6.0194,2.1319,0.0000,0.6270,1.0032,0.7524,0.3762,0.7524,6.2702,4.2637,2.0065,1.3794,5.0162,3.6367,1.5049,0.3762,0.1254,0.1254,0.0000,0.1254,0.2508,0.3762,0.2508,2.5081,0.6270,3.2605,0.3762,0.0000,0.2508,1.2540,0.1254,2.633490613
2019,3,20.77,11.00794983,0.4419,13.4054,6.6290,5.0086,5.5978,0.1473,4.8613,5.3032,0.1473,0.8839,1.1785,7.3656,2.9462,0.1473,1.4731,1.7677,0.7366,1.6204,0.2946,7.2183,6.0398,1.1785,1.1785,6.4817,5.5978,1.7677,0.1473,0.0000,1.0312,0.2946,0.2946,0.7366,1.3258,0.0000,3.8301,0.8839,2.9462,1.0312,0.4419,0.2946,1.4731,0.0000,2.798923411
2019,4,18.81,9.529460907,0.3109,11.8125,5.5954,4.8183,3.5748,0.6217,5.2846,3.7303,0.1554,1.0880,1.2434,8.5485,2.1760,0.1554,0.9326,2.4868,0.4663,1.0880,0.7771,6.8388,6.5280,0.4663,1.5543,5.5954,4.9737,1.8651,0.0000,0.0000,0.6217,0.3109,0.6217,1.3989,0.1554,0.4663,3.1086,0.3109,1.5543,0.3109,0.1554,0.4663,1.0880,0.1554,4.81827129
2019,5,19.53,10.96458054,0.3779,12.2199,6.2989,3.9053,5.1651,0.2520,5.0391,3.0235,0.5039,0.7559,2.2676,8.3146,2.6455,0.0000,0.7559,0.7559,0.5039,0.7559,0.7559,8.0626,6.8028,1.3858,1.0078,6.0470,4.6612,0.7559,0.1260,0.0000,0.7559,0.0000,0.1260,0.1260,0.3779,0.1260,4.2833,0.1260,6.4249,0.3779,0.0000,0.3779,1.2598,0.2520,3.401412041
2019,6,19.79,10.99002171,0.8304,14.1161,7.0580,5.6741,6.9196,0.8304,6.7812,4.2902,0.6920,1.1071,1.5223,8.8571,1.6607,0.1384,0.8304,0.6920,0.6920,1.2455,0.8304,7.3348,6.2277,1.6607,1.2455,7.8884,4.2902,0.8304,0.1384,0.0000,0.6920,0.1384,0.1384,0.2768,0.1384,0.1384,5.5357,0.6920,5.9509,0.4152,0.2768,0.1384,0.5536,0.0000,4.151782456
2019,7,21.45,10.72165966,0.8512,15.4915,7.8309,5.6178,7.8309,0.1702,6.2987,5.4476,0.0000,1.3619,2.3833,7.6606,2.7238,0.0000,1.0214,0.6809,1.3619,1.0214,1.1917,6.8094,5.7880,0.5107,1.8726,8.3416,5.4476,2.0428,0.5107,0.0000,0.6809,0.1702,0.1702,0.1702,0.1702,0.0000,4.0857,0.3405,2.8940,0.6809,0.0000,0.3405,0.6809,0.0000,2.89401401
2019,8,30.88,18.33558655,1.1709,24.4422,16.2460,8.0498,12.2943,1.1709,9.3671,5.8544,0.8782,3.9517,6.5862,13.4651,3.8054,1.1709,1.4636,0.5854,0.5854,0.7318,1.0245,11.4161,9.9525,1.1709,1.4636,14.6360,5.8544,1.9027,0.0000,0.0000,0.8782,0.0000,0.1464,0.1464,0.4391,0.0000,14.3433,1.3172,12.5870,0.5854,0.5854,0.2927,2.7808,0.0000,6.147128715
2019,9,16.24,9.96460247,0.7317,11.5606,7.3168,4.0974,4.9754,0.4390,4.0974,4.2438,0.0000,0.5853,3.2194,6.8778,2.0487,0.1463,0.4390,0.8780,0.2927,0.8780,0.2927,5.4144,4.6828,0.7317,1.1707,5.4144,4.5364,0.8780,0.0000,0.0000,0.7317,0.0000,0.5853,0.1463,0.0000,0.1463,4.9754,0.2927,4.5364,0.4390,0.0000,0.0000,2.1950,0.1463,3.512070527
2019,10,13.92,6.349047661,0.8504,9.7792,5.4211,2.7637,4.1456,0.7441,4.2518,3.6141,0.2126,1.3819,2.5511,6.3778,2.2322,0.0000,0.7441,0.7441,0.4252,0.6378,0.4252,2.8700,2.5511,0.4252,0.7441,4.7833,2.5511,0.9567,0.0000,0.0000,0.1063,0.1063,0.1063,0.1063,0.2126,0.0000,3.8267,0.7441,3.0826,0.3189,0.1063,0.3189,2.4448,0.0000,3.29518166
2019,11,18.75,9.746281624,0.9001,13.8017,8.5510,2.1003,4.6506,0.6001,4.8006,4.5005,0.4501,1.5002,2.5503,7.8010,1.6502,0.0000,2.1003,1.5002,0.6001,0.9001,1.0501,5.8507,5.1006,0.6001,2.1003,5.8507,4.0505,1.5002,0.0000,0.0000,0.4501,0.3000,0.3000,1.0501,0.1500,0.1500,4.0505,0.3000,4.3505,1.3502,0.0000,0.1500,2.1003,0.1500,3.450421143
2019,12,21.41,11.21408653,0.7871,14.4821,8.1855,5.3521,6.7688,0.7871,6.1391,6.4540,0.4722,2.0464,2.8334,9.4448,3.7779,0.3148,2.0464,1.1019,0.7871,2.2038,0.7871,9.7596,7.3984,1.7316,2.0464,6.1391,6.2965,0.9445,0.0000,0.0000,0.4722,0.3148,0.4722,0.6297,0.3148,0.3148,5.6669,0.6297,4.0928,0.7871,0.7871,0.4722,4.2502,0.3148,4.879824919
2020,1,15.69,8.41089344,2.1096,10.5482,5.6697,4.3511,3.9556,0.5274,3.6919,3.4282,0.0000,0.5274,1.7141,7.7793,2.7689,0.1319,0.5274,0.9230,0.6593,1.5822,0.3956,4.3511,3.8237,0.5274,0.5274,4.8785,3.6919,1.7141,0.0000,0.0000,0.2637,0.1319,0.7911,0.0000,0.1319,0.0000,4.4830,0.3956,1.8459,0.2637,0.1319,0.5274,1.1867,0.1319,3.560015406
2020,2,24.44,12.170084,15.7376,15.9050,9.2082,4.1855,4.0181,0.1674,4.3530,4.6878,0.1674,0.6697,3.3484,9.7104,2.5113,0.1674,2.1765,0.6697,0.8371,0.8371,1.3394,5.6923,4.0181,0.5023,2.0091,6.6969,4.5204,1.6742,0.6697,0.0000,1.1720,0.1674,1.1720,0.0000,0.3348,0.3348,4.3530,0.6697,1.0045,1.3394,0.6697,0.1674,2.5113,0.0000,5.357489599
2020,3,63.36,29.19387436,58.1244,46.6632,28.1617,10.6425,15.0632,1.8010,24.5596,15.3907,0.0000,1.6373,6.3855,28.4891,20.4663,0.3275,10.1513,1.4736,0.1637,1.4736,0.6549,21.2850,14.2446,3.4383,10.9700,23.0860,10.6425,4.2570,0.1637,0.0000,1.4736,0.4912,0.6549,0.8187,0.8187,1.8010,19.3202,1.9648,1.9648,6.3855,1.8010,0.4912,2.6197,0.3275,17.35545109
2020,4,38.32,16.96604156,35.1538,28.6504,14.0615,6.5035,5.2731,2.2850,17.9285,11.6008,0.0000,0.3515,3.1638,16.1708,8.4369,0.0000,6.1519,1.4062,0.7031,0.5273,0.8788,13.7100,9.3158,1.7577,6.8550,10.1946,5.8004,2.8123,0.3515,0.0000,0.7031,0.3515,0.3515,0.3515,0.5273,1.9335,6.3277,0.1758,1.4062,3.1638,0.8788,0.7031,0.8788,0.1758,8.085381289
2020,5,35.74,15.69162178,33.4416,23.4091,11.2866,3.3442,5.6433,1.0451,14.8397,10.0325,0.0000,0.2090,2.5081,13.3767,5.0162,0.0000,4.3892,1.4631,1.6721,1.2541,0.4180,10.0325,6.2703,0.8360,5.2253,8.1514,6.2703,2.7171,0.4180,0.0000,1.0451,0.0000,0.6270,0.4180,1.2541,0.8360,4.5982,2.0901,1.2541,2.0901,1.4631,0.2090,0.8360,0.2090,5.852285196
2020,6,37.05,14.27652931,32.0226,25.1340,10.4259,4.6544,7.2609,0.3724,15.0804,8.1918,0.1862,0.1862,3.1650,14.5219,4.2821,0.0000,2.4203,1.6756,1.4894,0.7447,0.5585,10.6121,6.7024,0.7447,6.1439,10.6121,6.1439,2.0480,0.5585,0.0000,1.1171,0.1862,0.1862,0.7447,0.3724,0.3724,4.2821,0.5585,0.7447,0.9309,0.3724,0.5585,1.6756,0.0000,7.260928782
2020,7,28.31,13.38029194,25.1992,19.5994,6.9998,4.8221,4.8221,0.7778,11.6663,5.9109,0.0000,0.1556,1.8666,11.1996,2.0222,0.0000,1.2444,0.7778,1.2444,0.7778,0.4667,8.0886,4.3554,0.7778,3.8888,7.6220,7.3109,2.4888,0.3111,0.0000,0.7778,0.1556,0.1556,0.4667,0.6222,0.7778,2.7999,0.4667,0.1556,0.7778,0.0000,0.6222,1.2444,0.3111,2.799908732
2020,8,29.67,14.02318287,24.1285,22.0091,8.9667,6.0321,4.7279,0.4891,12.2273,8.3146,0.0000,0.1630,1.4673,10.4340,2.9345,0.0000,3.2606,1.3042,1.1412,0.8152,0.6521,11.5752,7.9885,1.6303,6.5212,6.1952,5.2170,1.3042,0.3261,0.0000,0.6521,0.3261,0.1630,0.1630,0.6521,0.4891,3.5867,0.3261,0.6521,2.9345,0.1630,0.0000,1.1412,0.3261,3.260609973
2020,9,20.93,8.988300323,16.3131,14.7741,5.2325,5.2325,4.6169,0.4617,6.7715,4.3091,0.0000,0.3078,1.6929,8.3104,2.6163,0.1539,2.0007,1.3851,0.3078,0.4617,0.1539,4.6169,2.6163,1.0773,2.3085,5.0786,3.8474,1.2312,0.1539,0.0000,0.1539,0.1539,0.0000,0.3078,0.1539,0.6156,2.4624,0.3078,0.0000,0.9234,0.4617,0.6156,2.0007,0.0000,2.308456337
2020,10,30.43,16.43432236,24.7605,17.8826,7.7377,2.9231,4.9865,0.6878,8.7694,5.5023,0.5158,0.3439,2.7512,10.8327,2.4073,0.0000,3.4390,2.7512,0.6878,0.5158,0.3439,11.5205,8.4255,3.7829,3.9548,6.7060,8.7694,1.3756,0.1719,0.0000,1.3756,0.8597,0.5158,2.5792,0.5158,0.0000,4.2987,0.6878,0.8597,2.4073,0.3439,0.1719,3.9548,0.0000,4.986498773
2020,11,20.50,10.10573387,15.1426,13.3072,5.5064,2.7532,3.5180,0.3059,5.0475,5.0475,0.0000,0.4589,1.0707,6.2712,2.6003,0.0000,2.6003,1.3766,0.7648,0.9177,0.1530,7.6478,5.6594,1.3766,3.0591,5.9653,6.8830,2.4473,0.1530,0.0000,0.3059,0.0000,0.1530,0.9177,0.4589,0.1530,2.6003,0.6118,1.0707,1.3766,1.0707,0.0000,1.9884,0.0000,3.059118755
2020,12,22.39,10.25745773,17.4693,13.3988,4.2401,2.5441,2.7137,0.6784,7.4626,4.5793,0.1696,0.5088,1.0176,9.1587,2.3745,0.0000,2.3745,1.5264,1.5264,1.0176,0.0000,6.9538,4.0705,1.5264,4.0705,4.2401,6.7842,2.0353,0.3392,0.0000,0.5088,0.3392,0.3392,0.5088,0.8480,0.1696,4.0705,0.8480,0.5088,0.8480,0.8480,0.0000,1.8657,0.1696,3.222490513
2021,1,26.76,13.17925072,21.9558,17.3245,4.6313,4.6313,5.8320,0.5146,8.5765,4.1167,0.1715,0.0000,1.3722,9.9487,2.7445,0.3431,2.9160,2.9160,0.5146,0.6861,0.8576,8.0619,5.8320,1.8868,3.2591,6.3466,9.9487,4.2882,0.0000,0.0000,1.2007,0.1715,0.3431,1.0292,1.2007,0.3431,2.9160,0.1715,1.0292,1.7153,0.6861,0.5146,1.2007,0.0000,3.087537619
2021,2,24.27,11.33465862,14.9500,14.1463,3.2151,4.9833,5.1441,0.1608,5.6264,3.8581,0.0000,0.0000,1.7683,9.0022,2.0898,0.0000,1.4468,1.1253,0.4823,1.4468,0.3215,7.3946,4.0188,2.2505,2.4113,6.9124,8.0376,4.0188,0.3215,0.0000,0.3215,0.0000,0.3215,0.1608,0.0000,0.0000,1.1253,0.1608,0.1608,0.8038,0.3215,0.3215,0.8038,0.0000,3.536563722
2021,3,29.48,16.0682354,20.5081,17.6241,7.5303,5.9281,6.7292,0.3204,7.8507,5.7679,0.1602,0.0000,1.4420,10.2540,2.0829,0.3204,3.6850,2.5635,1.4420,0.4807,0.0000,8.9723,5.4475,1.6022,3.2044,6.5690,10.4143,2.8839,0.0000,0.0000,2.0829,0.0000,0.4807,1.2818,0.8011,0.3204,3.8453,0.4807,0.3204,1.7624,0.6409,0.4807,0.9613,0.0000,3.044166036
2021,4,24.68,12.84927559,16.1280,13.5475,3.8707,3.3869,3.0643,0.4838,6.2899,4.5158,0.1613,0.1613,1.1290,8.2253,3.0643,0.0000,2.2579,1.4515,0.6451,0.8064,0.3226,6.4512,5.1610,1.1290,2.0966,5.3222,8.5478,4.8384,0.1613,0.0000,1.2902,0.0000,0.3226,0.0000,0.1613,0.1613,2.7418,0.3226,0.1613,1.6128,0.1613,0.4838,1.6128,0.1613,2.580482433
2021,5,19.79,8.775687218,12.1166,14.2638,3.5276,6.2883,5.8282,1.0736,6.4417,5.0614,0.0000,0.4601,0.3067,7.2086,1.9939,0.0000,1.2270,1.2270,0.4601,0.3067,0.3067,7.3620,5.6748,1.3804,2.7607,5.6748,5.5215,1.8405,0.1534,0.0000,1.5337,0.1534,1.0736,0.9202,1.3804,0.6135,1.3804,0.9202,0.1534,0.6135,0.1534,0.0000,0.0000,0.3067,2.607363013
2021,6,21.95,10.09156227,12.5927,14.2944,3.4034,6.1262,4.4245,0.8509,6.2963,5.9560,0.0000,0.0000,0.8509,8.8489,1.5315,0.0000,3.5736,0.8509,0.5105,1.1912,0.3403,7.6577,5.1051,1.0210,3.7438,5.9560,6.2963,2.5526,0.3403,0.0000,0.8509,0.0000,0.5105,0.3403,0.1702,0.0000,2.2122,0.6807,0.1702,2.3824,0.5105,0.3403,1.1912,0.0000,4.254289745
2021,7,16.62,7.248496056,10.0712,11.6486,3.5188,4.6109,2.7908,0.2427,4.6109,3.1548,0.0000,0.1213,1.0921,6.0670,1.6988,0.0000,1.6988,0.7280,0.9707,0.4854,0.7280,4.4896,3.0335,0.9707,1.5774,4.7322,5.5816,2.1841,0.4854,0.0000,0.4854,0.0000,0.1213,0.2427,0.0000,0.2427,1.8201,0.2427,0.0000,0.7280,0.0000,0.4854,0.2427,0.0000,2.66946606
2021,8,19.64,9.051382065,11.0266,12.4049,3.2735,4.3073,2.2398,0.6892,5.5133,3.7904,0.0000,0.5169,0.8615,7.9253,0.6892,0.0000,3.2735,0.5169,0.5169,0.6892,0.8615,6.5470,4.8241,0.5169,2.5844,5.3410,7.2362,2.9289,0.1723,0.0000,0.8615,0.3446,0.1723,0.0000,0.0000,0.0000,1.2060,0.1723,0.3446,1.2060,0.5169,0.1723,0.5169,0.0000,4.479544757
2021,9,23.48,12.54725552,30.9127,18.0747,7.2636,4.3920,5.7433,0.1689,10.3042,7.4326,0.0000,0.0000,2.1960,9.2907,2.5338,0.0000,2.1960,0.3378,0.5068,0.3378,0.0000,10.6421,6.4190,2.1960,4.7298,8.1083,6.7569,1.8581,0.0000,0.0000,1.0135,0.0000,0.3378,0.3378,0.0000,0.1689,2.5338,0.5068,0.5068,0.6757,0.0000,0.3378,0.0000,0.0000,5.574427776
2021,10,19.68,9.343355179,11.6168,14.3596,4.5176,6.1311,4.1949,0.0000,5.1630,5.6470,0.0000,0.0000,1.4521,10.1647,2.0975,0.0000,1.1294,1.2908,0.0000,0.9681,0.0000,8.3899,5.8084,3.2269,3.2269,5.6470,5.0017,2.7428,0.0000,0.0000,0.0000,0.0000,0.0000,0.0000,0.8067,0.0000,2.2588,0.4840,0.3227,0.3227,0.0000,0.0000,0.6454,0.0000,5.001664381
2021,11,14.14,5.431514263,8.5669,9.4236,3.2840,3.5695,3.1412,0.4283,4.4262,2.9984,0.0000,0.0000,0.4283,6.1396,1.8562,0.0000,1.5706,0.2856,0.1428,0.4283,0.5711,3.5695,2.2845,0.5711,1.1423,3.9979,5.2829,0.8567,0.1428,0.0000,1.2850,0.0000,0.0000,0.0000,0.2856,0.0000,2.1417,0.0000,0.0000,0.9995,0.0000,0.0000,0.5711,0.0000,2.570073214
2021,12,16.70,6.932223797,10.7348,12.2258,4.1746,6.8584,4.9201,0.4473,6.1129,3.5783,0.0000,0.0000,1.0437,6.8584,0.4473,0.2982,2.0873,1.4909,0.4473,0.2982,0.1491,6.8584,4.1746,1.4909,2.8328,6.2620,6.4111,1.4909,0.1491,0.0000,0.5964,0.0000,0.0000,0.8946,0.0000,0.0000,3.1310,0.0000,0.1491,0.8946,0.2982,0.5964,0.4473,0.1491,4.621933614
2022,1,20.50,10.12820721,14.3918,15.5548,5.9603,10.6122,7.5593,0.0000,7.5593,3.7797,0.0000,0.0000,1.0176,7.8501,1.5991,0.0000,2.9074,1.0176,0.2907,0.0000,0.4361,6.1056,3.9250,0.4361,2.9074,8.1408,4.0704,1.5991,0.0000,0.0000,0.0000,0.0000,0.0000,0.7269,0.0000,0.0000,1.4537,0.1454,0.8722,0.7269,0.2907,0.2907,0.1454,0.0000,3.779674422
2022,2,23.03,10.6450634,11.5130,17.9792,4.4160,11.8284,8.6742,0.3154,6.1508,5.3622,0.0000,0.0000,1.2617,11.6707,1.1040,0.0000,2.5234,0.4731,0.7886,1.7348,0.4731,7.8856,5.9931,1.2617,2.2080,10.4090,4.7314,1.1040,0.3154,0.0000,0.0000,0.0000,0.3154,0.3154,0.0000,0.0000,4.4160,0.4731,0.0000,0.4731,0.1577,0.6309,0.0000,0.0000,8.201052992
2022,3,23.05,11.76542759,10.0507,18.2252,7.5045,11.6588,8.4426,0.0000,6.8345,5.0923,0.0000,0.5360,2.0101,13.2669,0.9381,0.0000,1.3401,0.6700,0.2680,0.2680,0.0000,4.4223,3.0822,0.2680,2.5462,11.3908,6.8345,4.5563,0.0000,0.0000,0.5360,0.4020,0.4020,0.4020,0.0000,0.0000,12.0608,0.6700,0.2680,0.8041,0.0000,0.1340,0.6700,0.0000,10.85473042
2022,4,20.31,8.499483109,9.5205,15.0741,6.6643,9.6792,7.6164,0.6347,6.0296,4.4429,0.0000,0.0000,1.9041,8.5684,1.2694,0.0000,1.1107,1.2694,0.4760,0.3173,0.6347,5.2363,3.4908,0.7934,0.7934,7.4577,4.7602,2.6975,0.3173,0.0000,0.0000,0.0000,0.0000,0.0000,0.0000,0.0000,6.5057,1.1107,0.0000,0.3173,0.0000,0.3173,0.3173,0.0000,5.394943416
2022,5,27.86,14.93488121,14.5369,21.8053,13.1741,16.9597,13.0226,0.7571,10.5998,7.7227,0.0000,0.0000,4.5428,13.1741,2.1200,0.3029,1.0600,1.3628,0.9086,0.9086,0.4543,8.3284,6.9656,0.7571,1.8171,12.7198,7.1170,2.1200,0.0000,0.0000,0.4543,0.0000,0.0000,1.0600,0.0000,0.1514,9.9941,0.9086,0.4543,0.6057,0.0000,0.0000,0.7571,0.1514,8.631281065
2022,6,17.10,8.36703968,9.0145,14.1846,9.2797,10.4728,9.8099,1.0605,5.1701,6.3632,0.0000,0.6628,3.3142,7.0260,0.9280,0.0000,0.9280,0.3977,0.0000,0.5303,0.3977,5.3027,2.9165,0.6628,2.3862,10.2076,4.2421,1.4582,0.0000,0.0000,0.0000,0.0000,0.0000,0.3977,1.0605,0.0000,4.7724,1.1931,0.0000,0.6628,0.0000,0.3977,0.0000,0.0000,4.507269423
2022,7,24.54,10.30505085,12.2678,19.1186,10.1966,12.4271,10.0373,0.4780,8.6034,6.8508,0.1593,0.7966,4.3017,10.1966,2.0712,0.3186,1.7525,1.1153,0.4780,0.7966,0.0000,6.5322,5.2576,0.3186,1.2746,9.5593,5.0983,2.0712,0.0000,0.0000,0.0000,0.4780,0.6373,0.4780,0.0000,0.0000,5.0983,0.6373,0.0000,0.9559,0.0000,0.0000,0.3186,0.0000,7.010156904
2022,8,14.14,5.616205692,5.7653,11.4217,5.3301,7.7233,5.2214,0.2176,5.2214,2.9370,0.0000,0.2176,1.1966,5.7653,1.4141,0.0000,2.7195,0.9790,0.7614,0.2176,0.6527,4.4599,3.9160,0.2176,1.6317,4.5687,3.9160,1.8492,0.4351,0.0000,0.0000,0.0000,0.5439,0.5439,0.0000,0.0000,2.0668,0.3263,0.0000,1.5229,0.0000,0.2176,0.0000,0.0000,3.80724309
2022,9,16.86,6.667471409,7.2089,12.7072,8.0642,9.0417,6.7202,0.0000,5.1318,4.3986,0.0000,0.3666,1.4662,7.0867,2.1993,0.2444,1.8328,0.4887,0.1222,0.9775,0.2444,5.1318,1.3440,0.4887,2.3215,7.9420,2.8102,0.9775,0.1222,0.0000,0.2444,0.0000,0.0000,0.0000,0.0000,0.0000,3.0546,0.8553,0.0000,0.6109,0.0000,0.0000,0.3666,0.0000,4.154279267
2022,10,20.87,8.828260422,9.9983,16.8087,8.4043,11.7371,9.5636,0.8694,6.0859,7.2451,0.0000,0.2898,1.5939,9.5636,3.4777,0.4347,3.0430,0.7245,0.2898,0.0000,0.2898,7.9696,5.9410,0.1449,3.7675,8.8390,3.7675,0.2898,0.0000,0.0000,0.4347,0.0000,0.0000,0.4347,0.0000,0.0000,4.0573,0.4347,0.0000,1.8837,0.4347,0.0000,0.0000,0.1449,5.216485977
2022,11,17.71,8.046891212,6.3143,13.5894,5.0789,8.3733,6.8634,0.5491,4.6671,4.9416,0.0000,0.5491,1.7845,6.0398,1.7845,0.0000,2.1963,0.4118,0.0000,0.4118,0.5491,5.6280,4.6671,0.4118,0.9609,6.7261,3.2944,1.5099,0.0000,0.0000,0.4118,0.0000,0.0000,0.2745,0.0000,0.0000,3.7062,0.4118,0.0000,0.5491,0.0000,0.0000,0.5491,0.0000,3.431678003
2022,12,21.68,9.273085594,9.0863,17.2162,8.2893,10.8398,10.2022,0.0000,6.8546,7.1734,0.0000,0.0000,0.9565,10.5210,2.2317,0.0000,2.3911,0.9565,0.3188,0.0000,0.0000,6.3764,5.4199,0.0000,1.7535,8.1299,4.9417,1.9129,0.0000,0.0000,0.6376,0.0000,0.0000,0.3188,0.3188,0.0000,2.5505,0.4782,0.0000,0.3188,0.0000,0.0000,0.3188,0.0000,4.941686518
2023,1,20.09,7.78963995,7.8548,16.7670,9.5164,10.1207,8.4591,1.0574,6.7975,6.7975,0.0000,1.0574,1.5105,8.4591,2.2658,0.0000,3.1721,1.8127,0.1511,0.0000,0.0000,6.1932,4.5316,1.8127,2.2658,8.3080,4.5316,1.3595,0.0000,0.0000,0.9063,0.0000,0.0000,0.1511,0.3021,0.0000,3.4743,0.1511,0.0000,1.2084,0.0000,0.3021,0.1511,0.0000,3.021089941
2023,2,18.83,7.479181767,6.9267,14.7414,5.5058,8.7028,8.1700,0.7104,6.2163,4.9730,0.0000,0.0000,1.4209,8.5252,1.2433,0.3552,1.5985,0.8880,0.3552,1.2433,0.3552,5.1506,3.7298,0.5328,1.7761,6.5715,4.2626,1.0656,0.3552,0.0000,0.0000,0.0000,0.0000,0.1776,0.0000,0.0000,3.0193,0.3552,0.8880,0.8880,0.0000,0.0000,0.3552,0.5328,4.084979129
2023,3,31.19,16.4553318,9.8944,25.8260,10.2298,12.7453,15.2608,1.8447,8.2174,11.0683,0.0000,0.1677,1.1739,9.3913,4.8633,0.0000,2.6832,1.5093,0.3354,0.6708,0.3354,6.5403,4.5279,0.3354,3.1863,16.6024,14.5900,10.7329,0.0000,0.0000,0.0000,0.0000,0.0000,0.6708,0.1677,0.0000,3.1863,0.8385,0.0000,1.3416,0.0000,0.3354,0.5031,0.0000,3.52172667
2023,4,21.04,9.312644958,6.8550,16.2608,6.0579,6.6956,8.1304,0.6377,5.4203,6.6956,0.0000,0.1594,0.3188,8.6086,3.0290,0.0000,2.5507,1.2754,1.1159,0.0000,0.9565,6.8550,5.4203,1.9130,1.7536,7.1739,6.2174,3.3478,0.4783,0.0000,0.9565,0.0000,0.6377,0.6377,0.3188,0.4783,2.7101,1.1159,0.6377,1.1159,0.0000,0.0000,0.3188,0.0000,3.507223765
2023,5,23.97,11.02574635,9.1796,18.3592,8.3296,7.9897,9.1796,0.5100,6.1197,6.7997,0.0000,0.1700,2.7199,9.0096,2.2099,0.0000,4.7598,1.0200,0.3400,1.6999,0.3400,12.0695,8.8396,5.7797,4.9298,7.6497,6.1197,2.5499,0.0000,0.0000,0.1700,0.0000,0.3400,0.6800,0.0000,0.0000,4.0798,0.5100,0.0000,3.3999,0.0000,0.3400,0.6800,0.0000,4.079822297
2023,6,18.83,8.039152145,6.7258,14.0281,5.3806,7.8788,7.4945,0.1922,4.0355,5.3806,0.0000,0.1922,1.3452,5.7650,2.1138,0.0000,0.3843,2.3060,0.0000,0.0000,0.0000,5.9571,3.2668,2.1138,1.7295,7.1101,4.9963,2.3060,0.0000,0.0000,0.0000,0.0000,0.0000,1.3452,0.0000,0.1922,2.8825,0.1922,0.0000,0.0000,0.0000,0.0000,0.1922,0.0000,2.498158474
2023,7,18.11,7.963882446,5.9193,13.0572,5.9193,6.7898,6.4416,0.6964,5.0488,5.9193,0.0000,0.3482,1.5669,6.2675,0.8705,0.0000,1.9151,2.6114,1.2187,0.6964,0.1741,4.8747,2.4374,1.3928,1.9151,5.3970,5.5711,1.9151,0.1741,0.0000,0.5223,0.0000,0.0000,1.3928,0.0000,0.0000,2.9596,0.6964,0.0000,0.3482,0.0000,0.3482,0.0000,0.0000,3.133737858
2023,8,17.28,9.602016449,5.3386,11.8011,5.1981,6.4625,7.0245,0.2810,3.5122,3.9337,0.0000,0.0000,0.5620,4.7766,1.6859,0.0000,1.6859,1.1239,0.0000,0.5620,0.4215,5.0576,3.9337,1.6859,0.7024,6.0410,4.6362,1.5454,0.0000,0.0000,0.2810,0.0000,0.0000,0.2810,0.0000,0.0000,2.8098,0.4215,0.0000,0.4215,0.1405,0.1405,0.2810,0.0000,1.8263623
2023,9,19.57,9.058154106,5.4578,13.3623,4.5168,7.5281,8.0927,0.7528,4.1404,3.9522,0.0000,0.3764,1.8820,6.9635,2.4466,0.0000,3.0112,0.5646,0.5646,1.5056,1.6938,6.7753,4.8932,1.1292,1.8820,6.9635,4.8932,1.8820,0.5646,0.0000,0.0000,0.0000,0.0000,0.0000,0.0000,0.0000,1.8820,0.3764,0.0000,1.1292,0.0000,0.0000,0.0000,0.0000,4.516839541
2023,10,16.61,8.212287903,6.1644,12.1576,4.4521,5.8220,6.8494,0.3425,4.6233,4.7945,0.0000,0.0000,0.6849,5.1370,2.0548,0.0000,1.7123,1.3699,0.6849,0.5137,0.3425,4.2808,3.2534,0.8562,1.7123,5.9932,4.1096,0.8562,0.6849,0.0000,0.0000,0.0000,0.0000,0.0000,0.0000,0.0000,3.4247,0.1712,0.1712,1.0274,0.0000,0.3425,0.0000,0.0000,2.910975545
2023,11,18.77,9.310773849,2.8702,11.4808,2.4286,4.6365,7.0651,0.0000,2.8702,3.3118,0.0000,0.0000,1.1039,5.7404,2.4286,0.0000,2.4286,0.8831,0.2208,0.4416,0.0000,6.4028,4.8573,0.2208,1.9871,5.0780,5.0780,3.0910,0.0000,0.0000,0.0000,0.0000,0.0000,0.0000,0.0000,0.0000,2.8702,0.0000,0.2208,1.7663,0.0000,0.4416,0.0000,0.0000,2.428629393
2023,12,17.59,8.913247108,6.4806,12.4057,4.6290,6.2954,5.7399,0.5555,6.2954,3.5180,0.0000,0.0000,0.7406,6.8509,0.9258,0.0000,1.8516,1.8516,0.7406,1.2961,0.1852,7.4064,5.5548,0.3703,1.4813,4.8141,4.8141,0.0000,0.1852,0.0000,0.5555,0.0000,0.0000,0.5555,0.0000,0.0000,2.9625,0.0000,0.0000,0.7406,0.3703,0.0000,0.7406,0.0000,1.66643209
2024,1,19.30,9.507294655,9.3839,13.9874,4.7805,6.5510,7.6134,0.5312,5.8428,4.0723,0.0000,0.5312,2.3017,6.7281,1.0623,0.0000,3.0099,1.7706,0.3541,0.8853,0.3541,5.6658,4.0723,1.4164,1.5935,6.0199,6.1969,1.5935,0.3541,0.0000,0.8853,0.0000,0.0000,1.0623,0.0000,0.0000,3.7182,0.3541,0.0000,0.0000,0.0000,0.0000,1.2394,0.0000,2.301716026
2024,2,17.12,8.144758224,5.1350,12.9327,3.4234,5.7056,5.5154,0.5706,5.3252,5.5154,0.0000,0.0000,1.1411,6.4663,2.2822,0.0000,3.4234,2.2822,0.3804,0.3804,0.3804,6.2762,3.2332,0.7607,2.2822,4.3743,5.3252,1.9019,0.0000,0.0000,0.7607,0.0000,0.0000,1.1411,0.0000,0.3804,1.9019,0.1902,0.3804,1.7117,0.0000,0.0000,0.7607,0.0000,2.092050574
2024,3,21.22,10.91330338,3.5960,12.9457,2.8768,5.5738,4.8546,0.5394,5.2142,7.1921,0.0000,0.0000,1.4384,5.9334,2.5172,0.0000,2.3374,1.7980,0.7192,0.7192,0.7192,5.2142,3.9556,0.1798,1.4384,5.2142,7.9113,3.4162,0.7192,0.0000,0.7192,0.0000,0.3596,0.7192,0.0000,0.3596,2.6970,0.0000,0.0000,1.0788,0.0000,0.5394,0.7192,0.0000,3.416224593
2024,4,17.95,7.692911625,4.8649,13.9236,4.1939,7.2134,7.0457,0.1678,4.6971,4.6971,0.1678,0.0000,1.3420,7.0457,1.3420,0.0000,2.1808,1.0065,0.3355,0.5033,0.5033,3.6906,4.0261,0.6710,0.6710,5.7036,4.0261,1.1743,0.0000,0.0000,0.0000,0.0000,0.0000,0.5033,0.3355,0.5033,2.3486,0.3355,0.5033,0.5033,0.0000,0.3355,2.0130,0.0000,3.355082218
2024,5,14.81,9.621073723,4.0544,9.8240,1.7153,5.4578,5.3019,0.3119,3.8984,2.8069,0.0000,0.0000,1.0916,6.2375,1.2475,0.0000,0.7797,1.8712,0.6237,0.6237,0.0000,4.2103,3.1187,0.0000,1.5594,4.6781,3.5866,1.2475,0.0000,0.0000,0.4678,0.3119,0.0000,0.3119,0.3119,0.0000,3.5866,0.3119,0.3119,0.3119,0.0000,0.0000,0.7797,0.0000,2.806868965
2024,6,18.10,6.574384689,6.1576,12.1285,3.1721,5.7844,5.5978,0.0000,4.4782,5.0380,0.0000,0.0000,0.3732,7.0905,1.6793,0.0000,2.0525,2.9855,0.7464,0.1866,0.0000,5.9710,3.9184,0.7464,1.8659,3.9184,7.4637,2.0525,0.0000,0.0000,1.3061,0.0000,0.7464,1.4927,0.0000,0.3732,3.3587,0.0000,0.0000,1.1196,0.0000,0.0000,1.4927,0.0000,2.239109944
2024,7,20.32,8.824748039,5.7431,15.0203,4.1968,6.6266,6.4057,0.6627,4.1968,4.6386,0.0000,0.0000,0.4418,6.8475,1.7671,0.0000,2.4298,1.7671,0.0000,0.0000,0.4418,8.1728,6.1848,0.8835,2.8715,5.3013,5.9639,1.1044,0.0000,0.0000,0.0000,0.0000,0.0000,0.4418,0.4418,0.0000,2.2089,0.0000,0.0000,0.4418,0.6627,0.0000,1.9880,0.0000,1.325319249
2024,8,19.70,8.015586853,4.5710,13.8706,7.0929,8.9843,7.7234,0.0000,8.3539,5.8319,0.0000,0.3152,2.3643,8.3539,1.2610,0.0000,2.0491,1.2610,1.4186,0.1576,0.6305,6.6200,4.8862,0.7881,1.5762,8.0386,4.8862,1.5762,0.1576,0.0000,0.6305,0.0000,0.1576,0.4729,0.0000,0.0000,2.3643,0.3152,1.1033,0.7881,0.3152,0.1576,1.7338,0.0000,2.364298325
2024,9,22.13,8.986216545,7.5232,17.4804,5.5318,10.6210,8.8509,0.2213,7.5232,9.0721,0.0000,0.0000,2.6553,9.9572,0.6638,0.0000,3.7616,2.6553,0.0000,0.0000,0.0000,8.6296,6.8594,0.4425,3.0978,9.2934,5.5318,0.4425,0.0000,0.0000,0.8851,0.0000,0.0000,0.8851,0.0000,0.4425,3.0978,0.6638,0.8851,1.5489,0.6638,0.0000,1.9914,0.0000,3.540342407
2024,10,20.09,9.648322105,6.3850,15.2112,3.9437,5.8216,4.5070,0.5634,6.0094,6.3850,0.1878,0.0000,0.9390,8.0751,1.5023,0.0000,2.4413,1.8779,0.9390,1.5023,0.3756,9.2019,6.9483,1.3146,2.8169,5.4460,6.1972,1.8779,0.3756,0.0000,0.3756,0.0000,0.1878,0.5634,0.3756,0.1878,3.0047,0.0000,1.3146,1.6901,0.0000,0.0000,2.0657,0.0000,2.816896082
2024,11,19.48,10.80412579,5.4542,14.2198,4.8698,7.2073,6.8177,0.0000,5.4542,4.2854,0.3896,0.1948,0.9740,10.7135,1.3635,0.0000,2.1427,2.9219,0.9740,0.9740,0.9740,9.9344,8.7656,1.7531,1.1687,6.0385,7.9864,0.7792,0.5844,0.1948,0.3896,0.1948,0.1948,1.1687,0.0000,0.1948,3.5062,0.0000,6.0385,0.7792,0.0000,0.0000,2.1427,0.0000,3.701036472
2024,12,19.51,10.81598377,6.2081,12.8596,3.7692,6.4298,4.8778,0.0000,3.9909,5.7647,0.0000,0.0000,0.0000,7.7601,0.6652,0.0000,2.6606,1.1086,0.4434,0.2217,0.4434,7.5384,5.5429,0.4434,3.1040,5.0995,8.6470,1.1086,0.0000,0.0000,0.6652,0.0000,0.0000,0.4434,0.4434,0.4434,2.8823,0.0000,3.5475,0.8869,0.0000,0.6652,0.0000,0.0000,1.330307007
2025,1,20.35,11.347435,4.8092,13.5026,2.0346,4.6242,4.0693,0.5549,5.9190,4.8092,0.0000,0.1850,0.5549,6.6588,1.6647,0.0000,3.5144,2.4046,0.9248,0.3699,0.0000,8.3235,5.9190,0.9248,3.3294,3.5144,6.8438,0.9248,0.0000,0.0000,1.1098,0.0000,0.0000,1.2948,0.5549,0.7399,3.8843,0.0000,3.6993,1.8497,0.0000,0.0000,0.5549,0.5549,2.40457514
2025,2,27.97,12.28760624,6.6583,18.9097,3.1960,7.9900,2.1307,0.0000,6.3920,5.5930,0.0000,0.0000,1.5980,16.2463,0.5327,0.0000,3.7287,5.5930,1.0653,0.2663,0.0000,8.5227,6.6583,1.0653,1.5980,2.9297,8.2563,1.0653,0.0000,0.0000,2.3970,0.7990,0.7990,2.3970,0.0000,2.1307,8.2563,0.0000,6.3920,2.1307,0.0000,2.1307,0.7990,0.5327,5.326667422
2025,3,47.04,27.54198456,9.7033,35.2273,18.7738,18.3520,7.1720,1.0547,15.8207,10.3362,1.2657,1.0547,9.4924,25.9459,2.9532,0.4219,9.7033,4.6407,2.7422,2.5313,1.0547,24.4693,19.6176,8.0158,6.9611,10.1252,12.8675,2.5313,1.0547,0.0000,0.4219,0.0000,2.5313,1.6875,1.0547,4.2188,20.6723,0.4219,23.2036,7.3830,0.6328,2.1094,1.0547,0.0000,6.328262021
2025,4,69.08,40.52739334,17.9654,54.5379,35.0754,28.6591,13.4741,0.8555,18.3932,12.4047,6.2024,1.9249,7.0578,32.2950,4.9191,1.4971,7.6995,5.1330,3.6359,4.0636,3.4220,34.4337,30.7979,2.9942,8.3411,14.7573,14.7573,2.3526,2.3526,0.4277,1.9249,2.3526,0.4277,2.9942,0.2139,2.7804,34.2199,1.2832,50.2604,5.5607,0.0000,0.0000,1.9249,0.6416,10.2659606
2025,5,36.29,21.56066513,9.7054,27.2175,12.6593,11.1824,6.1187,0.0000,11.8153,6.1187,3.1648,1.0549,4.2198,13.0813,2.9538,0.6330,7.3846,2.9538,0.6330,0.8440,0.0000,14.9801,12.2373,2.5319,5.2747,5.6967,6.7516,1.6879,0.0000,0.0000,0.6330,0.6330,0.4220,1.4769,0.4220,1.6879,14.7692,0.4220,19.1999,5.2747,1.0549,0.4220,1.0549,0.0000,3.375808361
2025,6,23.30,12.20409966,5.7692,14.6450,4.6598,5.3255,4.6598,0.0000,6.8787,4.8817,0.0000,0.0000,1.5533,9.7633,0.4438,0.0000,3.1065,1.5533,0.4438,1.3314,0.0000,9.7633,7.9882,0.4438,2.4408,3.7722,5.3255,1.5533,0.0000,0.0000,0.6657,1.1095,0.0000,0.4438,0.2219,0.8876,6.2130,0.2219,6.8787,1.5533,0.0000,0.8876,0.6657,0.4438,2.884620594
2025,7,32.68,17.53867912,5.1386,21.1712,5.5497,8.2218,5.9608,0.0000,7.8107,7.1941,0.0000,0.0000,1.4388,11.3050,2.0555,0.2055,4.3165,3.0832,1.0277,1.4388,1.0277,14.7993,12.5383,1.4388,4.1109,5.3442,9.0440,2.4665,0.6166,0.0000,1.2333,0.0000,0.2055,1.2333,0.4111,0.8222,6.3719,0.2055,9.4551,2.2610,0.0000,0.4111,0.2055,0.0000,4.110911147
2025,8,29.56,16.83988953,6.4266,20.8220,6.1695,8.7401,8.2260,0.0000,10.2825,8.2260,0.0000,0.2571,2.0565,12.0819,1.5424,0.0000,2.0565,4.1130,0.7712,1.5424,0.0000,14.9096,12.5960,1.7994,4.1130,7.1977,8.9972,2.0565,0.0000,0.0000,1.2853,0.0000,0.0000,1.5424,0.0000,1.2853,5.3983,0.0000,11.3107,1.2853,0.0000,0.0000,0.0000,0.0000,1.799434115
2025,9,22.33,11.75083828,4.4653,14.8059,3.9952,7.5205,5.4053,0.0000,9.1656,5.4053,0.0000,0.0000,1.6451,9.8706,0.2350,0.0000,3.0552,2.5852,1.4101,0.4700,0.0000,10.8107,9.4006,1.1751,3.2902,6.1104,5.1703,1.6451,0.0000,0.0000,0.0000,0.0000,0.9401,1.4101,0.7050,1.1751,4.2303,0.4700,7.0504,2.1151,0.0000,0.0000,0.4700,0.4700,1.880113782
2025,10,22.17,10.80911827,5.3045,14.9664,4.7362,6.4412,3.9784,0.0000,5.8729,4.3573,0.0000,0.0000,1.3261,9.8513,0.9472,0.0000,2.2734,2.8417,0.0000,0.1894,0.5683,11.1774,7.5779,3.0312,1.5156,5.3045,7.5779,2.8417,0.0000,0.0000,1.1367,0.3789,0.0000,0.7578,0.0000,0.0000,4.1678,0.0000,5.8729,0.9472,0.1894,0.0000,0.3789,0.0000,2.273370987
2025,11,23.79,10.5446043,4.2694,17.2808,3.4562,5.6925,6.0991,0.0000,8.5387,8.1321,0.6099,0.0000,1.4231,9.3519,1.4231,0.0000,4.0661,3.0495,0.4066,0.0000,1.0165,9.3519,7.1156,3.0495,1.6264,3.6595,6.9123,0.6099,0.4066,0.0000,0.8132,0.4066,0.8132,2.0330,1.8297,0.8132,3.0495,1.0165,4.4727,1.8297,0.0000,0.0000,0.0000,0.0000,2.642939674
2025,12,27.63,13.31825733,4.6436,18.3422,5.3401,10.6803,4.1792,0.0000,7.1976,5.5723,0.0000,0.0000,3.4827,11.8412,1.1609,0.0000,3.0183,3.9471,2.0896,2.7862,0.0000,12.5377,9.2872,3.0183,2.3218,6.9654,9.0550,1.8574,0.4644,0.0000,0.0000,0.0000,0.0000,2.0896,0.6965,0.0000,6.2689,0.0000,6.0367,1.6253,0.0000,0.0000,0.0000,0.4644,3.48270256
2026,1,28.51,15.71969318,6.3132,21.1798,6.9242,11.2009,9.1643,0.2037,8.3497,8.7570,0.4073,0.0000,1.6292,13.2374,2.6475,0.4073,4.8877,4.0730,0.2037,2.2402,0.6110,12.8301,11.6082,1.2219,2.6475,6.7205,9.3680,1.2219,0.0000,0.0000,1.2219,0.8146,0.0000,3.6657,0.0000,0.4073,5.9059,1.2219,8.3497,2.6475,0.4073,0.2037,0.6110,0.2037,4.276694012
2026,2,31.04,13.75451851,3.8797,19.3983,4.1079,8.2158,6.8465,0.0000,8.6722,8.4440,0.4564,0.4564,1.8257,10.0415,1.1411,0.0000,4.1079,4.3361,0.6846,0.2282,0.4564,13.4647,10.2697,1.8257,2.5104,5.2490,7.0747,0.6846,0.0000,0.0000,0.0000,0.0000,0.2282,3.1950,0.2282,0.2282,5.4772,0.4564,5.9336,1.3693,0.0000,0.9129,0.4564,0.0000,3.195014813
2026,3,24.76,12.46002579,3.8628,17.0316,6.3210,9.8327,5.9698,0.7023,4.7407,4.9163,0.1756,0.0000,1.5802,15.4513,1.5802,0.0000,1.7558,1.9314,0.0000,4.0384,0.0000,7.3745,6.1454,0.5267,2.6337,6.8477,7.0233,2.2826,0.0000,0.0000,0.0000,0.0000,0.0000,1.2291,0.5267,0.1756,12.4664,0.7023,4.7407,0.8779,0.0000,0.0000,0.3512,0.0000,12.29082852
2026,4,20.68,11.02218819,5.3370,13.1758,4.8367,5.8374,2.6685,0.6671,5.0035,3.6692,0.0000,0.0000,0.8339,10.3405,1.3343,0.0000,3.6692,2.0014,0.8339,1.5010,0.5003,8.3391,7.0048,0.6671,1.6678,3.8360,6.5045,1.3343,0.0000,0.0000,0.5003,0.0000,0.1668,1.0007,0.1668,0.3336,8.8394,0.3336,3.1689,1.3343,0.1668,0.5003,0.0000,0.0000,6.838064301
2026,5,27.11,14.51242924,5.0440,15.3421,4.4135,6.7253,1.8915,0.0000,5.0440,6.0948,0.4203,0.0000,1.0508,9.4575,1.2610,0.0000,3.5728,3.7830,0.6305,1.2610,0.2102,10.9286,9.6676,1.6813,2.7322,2.3118,7.9863,1.4712,0.0000,0.0000,0.4203,0.0000,0.0000,1.6813,0.0000,0.8407,7.7761,0.0000,1.8915,1.4712,0.0000,0.0000,0.0000,0.2102,5.254147404
2026,6,20.65,11.10090828,2.6767,12.2365,3.6327,4.9711,2.8679,0.0000,5.1623,4.7799,0.0000,0.0000,1.1472,9.5598,0.9560,0.0000,1.7208,2.6767,0.3824,2.2943,1.1472,8.9862,8.6038,0.7648,2.4855,3.2503,7.8390,2.2943,0.0000,0.0000,0.7648,0.0000,0.0000,0.9560,0.0000,0.7648,5.9271,0.0000,1.7208,0.3824,0.0000,0.5736,0.3824,0.0000,4.206298016
2026,7,20.66,9.482619286,3.7940,13.7006,4.4264,7.3773,3.5832,0.2108,4.2156,6.1126,0.0000,0.0000,0.2108,10.7497,1.2647,0.0000,4.2156,1.8970,1.2647,2.1078,0.6323,7.1665,6.5341,0.4216,2.1078,5.0587,6.5341,0.8431,0.6323,0.0000,0.8431,0.0000,0.0000,0.6323,0.4216,0.4216,6.3234,0.8431,1.6862,1.2647,0.4216,0.0000,0.0000,0.0000,5.269467587
"Source: “Policy News and Stock Market Volatility” by Scott Baker, Nicholas Bloom, Steven J. Davis and Kyle Kost, 2019. These data can be used freely with attribution to the authors, the paper, and www.PolicyUncertainty.com.",,,,,,,,,,,,,,,,,,,,,,,,,,,,,,,,,,,,,,,,,,,,,,
